index,date,value
company,2003-03-01,14.2
company,2004-03-01,16.4
company,2005-03-01,18
company,2006-03-01,25.2
company,2007-03-01,37.5
company,2008-03-01,52
company,2008-06-01,55.1
company,2008-09-01,51.9
company,2008-12-01,47.9
company,2009-03-01,39.4
company,2009-06-01,35.9
company,2009-09-01,34.3
company,2009-12-01,33.8
company,2010-03-01,36.6
company,2010-06-01,41.9
company,2010-09-01,46.3
company,2010-12-01,46.1
company,2011-03-01,53.3
company,2011-06-01,55.7
company,2011-09-01,54
company,2011-12-01,53.1
company,2012-03-01,55.3
company,2012-06-01,54.8
company,2012-09-01,57.6
company,2012-12-01,52
company,2013-03-01,58.5
company,2013-06-01,56.9
company,2013-09-01,60.8
company,2013-12-01,62
company,2014-03-01,64.2
company,2014-06-01,60.3
company,2014-09-01,63.3
company,2014-12-01,59.1
company,2015-03-01,61.3
company,2015-06-01,58.7
company,2015-09-01,56.4
company,2015-12-01,55.8
company,2016-03-01,63.1
company,2016-06-01,59.5
company,2016-09-01,59.8
company,2016-12-01,59.7
company,2017-03-01,62.7
company,2017-06-01,63.6
company,2017-09-01,66.6
company,2017-12-01,68.1
company,2018-03-01,70.1
company,2018-06-01,70.8
company,2018-09-01,74.9
company,2018-12-01,78.2
company,2019-03-01,76
company,2019-06-01,84.5
company,2019-09-01,80.2
company,2019-12-01,80.1
company,2020-03-01,88.5
company,2020-06-01,63.4
company,2020-09-01,71.9
company,2020-12-01,68.8
company,2021-03-01,69.4
company,2021-06-01,84.8
company,2021-09-01,93.8
company,2021-12-01,102.2
company,2022-03-01,108
company,2022-06-01,106.3
company,2022-09-01,110.3
company,2022-12-01,112.6
company,2023-03-01,110.9
company,2023-06-01,111.3
company,2023-09-01,118.9
company,2023-12-01,111.5
company,2024-03-01,107.2
company,2024-06-01,101.5
company,2024-09-01,105.4
company,2024-12-01,97.6
company,2025-03-01,98
company,2025-06-01,96.6
company,2025-09-01,97.3
company,2025-12-01,99.8
company,2026-03-01,99.8
company,2026-06-01,99.4
gesamt,2003-03-01,31.9
gesamt,2004-03-01,36.4
gesamt,2005-03-01,39.1
gesamt,2006-03-01,48.2
gesamt,2007-03-01,71.6
gesamt,2008-03-01,100
gesamt,2008-06-01,104
gesamt,2008-09-01,97
gesamt,2008-12-01,85.8
gesamt,2009-03-01,76.7
gesamt,2009-06-01,68.7
gesamt,2009-09-01,64.9
gesamt,2009-12-01,65.3
gesamt,2010-03-01,75.1
gesamt,2010-06-01,82.2
gesamt,2010-09-01,84.8
gesamt,2010-12-01,85.4
gesamt,2011-03-01,98.1
gesamt,2011-06-01,98.9
gesamt,2011-09-01,97.1
gesamt,2011-12-01,92.3
gesamt,2012-03-01,100.6
gesamt,2012-06-01,97.1
gesamt,2012-09-01,100.5
gesamt,2012-12-01,93
gesamt,2013-03-01,98.6
gesamt,2013-06-01,100.2
gesamt,2013-09-01,105.3
gesamt,2013-12-01,107
gesamt,2014-03-01,114.3
gesamt,2014-06-01,109.2
gesamt,2014-09-01,111.9
gesamt,2014-12-01,101.2
gesamt,2015-03-01,101.9
gesamt,2015-06-01,100.5
gesamt,2015-09-01,94.9
gesamt,2015-12-01,92.2
gesamt,2016-03-01,105.5
gesamt,2016-06-01,106.4
gesamt,2016-09-01,103.3
gesamt,2016-12-01,100.3
gesamt,2017-03-01,110.3
gesamt,2017-06-01,103.7
gesamt,2017-09-01,109.7
gesamt,2017-12-01,108.9
gesamt,2018-03-01,110.3
gesamt,2018-06-01,113.8
gesamt,2018-09-01,116.1
gesamt,2018-12-01,118.5
gesamt,2019-03-01,114.8
gesamt,2019-06-01,125.1
gesamt,2019-09-01,118.2
gesamt,2019-12-01,116
gesamt,2020-03-01,124.9
gesamt,2020-06-01,91.7
gesamt,2020-09-01,100.5
gesamt,2020-12-01,99.1
gesamt,2021-03-01,99.7
gesamt,2021-06-01,116.7
gesamt,2021-09-01,127.6
gesamt,2021-12-01,137
gesamt,2022-03-01,146.2
gesamt,2022-06-01,145.2
gesamt,2022-09-01,147.1
gesamt,2022-12-01,154.4
gesamt,2023-03-01,152.6
gesamt,2023-06-01,152.4
gesamt,2023-09-01,157.1
gesamt,2023-12-01,150.4
gesamt,2024-03-01,146.2
gesamt,2024-06-01,135.1
gesamt,2024-09-01,138.2
gesamt,2024-12-01,129.6
gesamt,2025-03-01,132.6
gesamt,2025-06-01,130.7
gesamt,2025-09-01,130.4
gesamt,2025-12-01,132.7
gesamt,2026-03-01,133.6
gesamt,2026-06-01,130.4
internet,2003-03-01,4.9
internet,2004-03-01,7.7
internet,2005-03-01,10.9
internet,2006-03-01,13.7
internet,2007-03-01,21.3
internet,2008-03-01,32.7
internet,2008-06-01,35.2
internet,2008-09-01,32.7
internet,2008-12-01,28.4
internet,2009-03-01,28
internet,2009-06-01,24.4
internet,2009-09-01,23
internet,2009-12-01,24.7
internet,2010-03-01,29.7
internet,2010-06-01,31.3
internet,2010-09-01,29.8
internet,2010-12-01,31.6
internet,2011-03-01,36.4
internet,2011-06-01,35.9
internet,2011-09-01,36
internet,2011-12-01,34.2
internet,2012-03-01,38
internet,2012-06-01,36
internet,2012-09-01,37
internet,2012-12-01,36.2
internet,2013-03-01,34
internet,2013-06-01,37.9
internet,2013-09-01,39.6
internet,2013-12-01,41.1
internet,2014-03-01,44.5
internet,2014-06-01,44.1
internet,2014-09-01,43.8
internet,2014-12-01,37.7
internet,2015-03-01,35.7
internet,2015-06-01,38.3
internet,2015-09-01,34.8
internet,2015-12-01,33.6
internet,2016-03-01,39.4
internet,2016-06-01,43.6
internet,2016-09-01,39.6
internet,2016-12-01,38
internet,2017-03-01,44.6
internet,2017-06-01,37.7
internet,2017-09-01,40.6
internet,2017-12-01,38.7
internet,2018-03-01,37.6
internet,2018-06-01,43
internet,2018-09-01,41.2
internet,2018-12-01,40.3
internet,2019-03-01,38.8
internet,2019-06-01,40.6
internet,2019-09-01,37.9
internet,2019-12-01,35.9
internet,2020-03-01,36.4
internet,2020-06-01,28.3
internet,2020-09-01,28.6
internet,2020-12-01,30.3
internet,2021-03-01,30.4
internet,2021-06-01,31.9
internet,2021-09-01,33.9
internet,2021-12-01,34.9
internet,2022-03-01,38.2
internet,2022-06-01,39
internet,2022-09-01,36.8
internet,2022-12-01,41.8
internet,2023-03-01,41.6
internet,2023-06-01,41.1
internet,2023-09-01,38.2
internet,2023-12-01,39
internet,2024-03-01,39
internet,2024-06-01,33.6
internet,2024-09-01,32.9
internet,2024-12-01,32.1
internet,2025-03-01,34.5
internet,2025-06-01,34.1
internet,2025-09-01,33.1
internet,2025-12-01,32.9
internet,2026-03-01,33.8
internet,2026-06-01,31
press,2003-03-01,12.9
press,2004-03-01,12.2
press,2005-03-01,10.3
press,2006-03-01,9.3
press,2007-03-01,12.8
press,2008-03-01,15.3
press,2008-06-01,13.7
press,2008-09-01,12.4
press,2008-12-01,9.5
press,2009-03-01,9.3
press,2009-06-01,8.4
press,2009-09-01,7.7
press,2009-12-01,6.8
press,2010-03-01,8.9
press,2010-06-01,9.1
press,2010-09-01,8.7
press,2010-12-01,7.7
press,2011-03-01,8.4
press,2011-06-01,7.4
press,2011-09-01,7
press,2011-12-01,5
press,2012-03-01,7.3
press,2012-06-01,6.2
press,2012-09-01,5.8
press,2012-12-01,4.7
press,2013-03-01,6.1
press,2013-06-01,5.5
press,2013-09-01,4.9
press,2013-12-01,3.9
press,2014-03-01,5.6
press,2014-06-01,4.7
press,2014-09-01,4.8
press,2014-12-01,4.3
press,2015-03-01,4.9
press,2015-06-01,3.5
press,2015-09-01,3.6
press,2015-12-01,2.7
press,2016-03-01,3
press,2016-06-01,3.3
press,2016-09-01,3.9
press,2016-12-01,2.6
press,2017-03-01,3
press,2017-06-01,2.3
press,2017-09-01,2.5
press,2017-12-01,2.1
press,2018-03-01,2.5
