sector,asset,date,value
S1,6010,1995-01-01,8910.111
S1,6010,1996-01-01,8835.519
S1,6010,1997-01-01,8784.284
S1,6010,1998-01-01,8445.566
S1,6010,1999-01-01,8186.605
S1,6010,2000-01-01,9841.294
S1,6010,2001-01-01,8953.37
S1,6010,2002-01-01,9446.346
S1,6010,2003-01-01,8757.494
S1,6010,2004-01-01,8904.532
S1,6010,2005-01-01,8753.972
S1,6010,2006-01-01,8863.493
S1,6010,2007-01-01,9070.753
S1,6010,2008-01-01,9914.81
S1,6010,2009-01-01,9923.126
S1,6010,2010-01-01,9663.67
S1,6010,2011-01-01,9778.258
S1,6010,2012-01-01,10642.994
S1,6010,2013-01-01,10931.497
S1,6010,2014-01-01,11441.531
S1,6010,2015-01-01,11482.878
S1,6010,2016-01-01,11144.985
S1,6010,2017-01-01,10613.57
S1,6010,2018-01-01,11181.069
S1,6010,2019-01-01,11303.927
S1,6010,2020-01-01,11627.443
S1,6010,2021-01-01,11777.57
S1,6010,2022-01-01,11521.816
S1,6010,2023-01-01,11919.624
S1,6010,2024-01-01,12076.2767240471
S1,6011,1995-01-01,38447.8281118395
S1,6011,1996-01-01,34293.6968424248
S1,6011,1997-01-01,32408.9597533898
S1,6011,1998-01-01,33015.3686179352
S1,6011,1999-01-01,32678.5288480095
S1,6011,2000-01-01,33989.5044768658
S1,6011,2001-01-01,34825.5763507944
S1,6011,2002-01-01,34768.3570297196
S1,6011,2003-01-01,35608.5759671694
S1,6011,2004-01-01,37876.0620295726
S1,6011,2005-01-01,40760.5695364322
S1,6011,2006-01-01,41455.8570289406
S1,6011,2007-01-01,42076.0665875659
S1,6011,2008-01-01,43179.284852838
S1,6011,2009-01-01,44223.9434039756
S1,6011,2010-01-01,46599.7663522853
S1,6011,2011-01-01,49202.6288338429
S1,6011,2012-01-01,50300.3880658405
S1,6011,2013-01-01,52281.1239258256
S1,6011,2014-01-01,53818.4852903314
S1,6011,2015-01-01,54550.5512855136
S1,6011,2016-01-01,54412.6511017059
S1,6011,2017-01-01,55515.543
S1,6011,2018-01-01,55308.8778516818
S1,6011,2019-01-01,54999.3213914886
S1,6011,2020-01-01,54045.5014306273
S1,6011,2021-01-01,53663.4558580857
S1,6011,2022-01-01,54191.3913066706
S1,6011,2023-01-01,54715.2104848724
S1,6011,2024-01-01,54138.0893451426
S1,P5111_N111_112G,1995-01-01,47357.9391118395
S1,P5111_N111_112G,1996-01-01,43129.2158424248
S1,P5111_N111_112G,1997-01-01,41193.2437533898
S1,P5111_N111_112G,1998-01-01,41460.9346179352
S1,P5111_N111_112G,1999-01-01,40865.1338480095
S1,P5111_N111_112G,2000-01-01,43830.7984768658
S1,P5111_N111_112G,2001-01-01,43778.9463507944
S1,P5111_N111_112G,2002-01-01,44214.7030297196
S1,P5111_N111_112G,2003-01-01,44366.0699671694
S1,P5111_N111_112G,2004-01-01,46780.5940295727
S1,P5111_N111_112G,2005-01-01,49514.5415364322
S1,P5111_N111_112G,2006-01-01,50319.3500289406
S1,P5111_N111_112G,2007-01-01,51146.8195875659
S1,P5111_N111_112G,2008-01-01,53094.094852838
S1,P5111_N111_112G,2009-01-01,54147.0694039756
S1,P5111_N111_112G,2010-01-01,56263.4363522853
S1,P5111_N111_112G,2011-01-01,58980.8868338429
S1,P5111_N111_112G,2012-01-01,60943.3820658405
S1,P5111_N111_112G,2013-01-01,63212.6209258256
S1,P5111_N111_112G,2014-01-01,65260.0162903314
S1,P5111_N111_112G,2015-01-01,66033.4292855136
S1,P5111_N111_112G,2016-01-01,65557.6361017059
S1,P5111_N111_112G,2017-01-01,66129.113
S1,P5111_N111_112G,2018-01-01,66489.9468516818
S1,P5111_N111_112G,2019-01-01,66303.2483914886
S1,P5111_N111_112G,2020-01-01,65672.9444306273
S1,P5111_N111_112G,2021-01-01,65441.0258580857
S1,P5111_N111_112G,2022-01-01,65713.2073066706
S1,P5111_N111_112G,2023-01-01,66634.8344848724
S1,P5111_N111_112G,2024-01-01,66214.3660691898
S1,P5111_N113T117G,1995-01-01,65334.0550502933
S1,P5111_N113T117G,1996-01-01,65654.5475683791
S1,P5111_N113T117G,1997-01-01,70064.8516785962
S1,P5111_N113T117G,1998-01-01,78187.2446415282
S1,P5111_N113T117G,1999-01-01,82499.1950915055
S1,P5111_N113T117G,2000-01-01,87426.9081839229
S1,P5111_N113T117G,2001-01-01,88017.2533397156
S1,P5111_N113T117G,2002-01-01,88387.1462551332
S1,P5111_N113T117G,2003-01-01,86795.2888399837
S1,P5111_N113T117G,2004-01-01,92430.1378981012
S1,P5111_N113T117G,2005-01-01,94606.1076384737
S1,P5111_N113T117G,2006-01-01,101846.003602166
S1,P5111_N113T117G,2007-01-01,111966.414183554
S1,P5111_N113T117G,2008-01-01,114334.792407125
S1,P5111_N113T117G,2009-01-01,101464.810940714
S1,P5111_N113T117G,2010-01-01,105122.448064405
S1,P5111_N113T117G,2011-01-01,106427.218722205
S1,P5111_N113T117G,2012-01-01,110206.912061043
S1,P5111_N113T117G,2013-01-01,111017.197522021
S1,P5111_N113T117G,2014-01-01,113482.77893102
S1,P5111_N113T117G,2015-01-01,114028.320318656
S1,P5111_N113T117G,2016-01-01,118481.140628949
S1,P5111_N113T117G,2017-01-01,125335.024747651
S1,P5111_N113T117G,2018-01-01,129093.05654237
S1,P5111_N113T117G,2019-01-01,131296.703556666
S1,P5111_N113T117G,2020-01-01,130483.947296239
S1,P5111_N113T117G,2021-01-01,140265.917431565
S1,P5111_N113T117G,2022-01-01,149509.763444281
S1,P5111_N113T117G,2023-01-01,157696.216000479
S1,P5111_N113T117G,2024-01-01,159658.76124004
S1,P51G,1995-01-01,112691.994162133
S1,P51G,1996-01-01,108783.763410804
S1,P51G,1997-01-01,111258.095431986
S1,P51G,1998-01-01,119648.179259463
S1,P51G,1999-01-01,123364.328939515
S1,P51G,2000-01-01,131257.706660789
S1,P51G,2001-01-01,131796.19969051
S1,P51G,2002-01-01,132601.849284853
S1,P51G,2003-01-01,131161.358807153
S1,P51G,2004-01-01,139210.731927674
S1,P51G,2005-01-01,144120.649174906
S1,P51G,2006-01-01,152165.353631106
S1,P51G,2007-01-01,163113.23377112
S1,P51G,2008-01-01,167428.887259963
S1,P51G,2009-01-01,155611.880344689
S1,P51G,2010-01-01,161385.88441669
S1,P51G,2011-01-01,165408.105556048
S1,P51G,2012-01-01,171150.294126883
S1,P51G,2013-01-01,174229.818447847
S1,P51G,2014-01-01,178742.795221351
S1,P51G,2015-01-01,180061.749604169
S1,P51G,2016-01-01,184038.776730655
S1,P51G,2017-01-01,191464.137747651
S1,P51G,2018-01-01,195583.003394051
S1,P51G,2019-01-01,197599.951948155
S1,P51G,2020-01-01,196156.891726866
S1,P51G,2021-01-01,205706.943289651
S1,P51G,2022-01-01,215222.970750952
S1,P51G,2023-01-01,224331.050485352
S1,P51G,2024-01-01,225873.12730923
S11,6010,1995-01-01,3898.77816837
S11,6010,1996-01-01,3862.92595277
S11,6010,1997-01-01,3761.15019929
S11,6010,1998-01-01,3207.87168761
S11,6010,1999-01-01,2782.2058404
S11,6010,2000-01-01,4447.94887038
S11,6010,2001-01-01,3416.13988044
S11,6010,2002-01-01,4049.98944491
S11,6010,2003-01-01,3364.8982414
S11,6010,2004-01-01,3500.65463516
S11,6010,2005-01-01,3557.63609079
S11,6010,2006-01-01,3448.24439315
S11,6010,2007-01-01,3451.63089607
S11,6010,2008-01-01,4057.84052431
S11,6010,2009-01-01,3730.74639419
S11,6010,2010-01-01,3361.32924546
S11,6010,2011-01-01,3445.63599762
S11,6010,2012-01-01,4460.63654136
S11,6010,2013-01-01,4687.43126285
S11,6010,2014-01-01,5259.32247341
S11,6010,2015-01-01,5413.65801915
S11,6010,2016-01-01,5292.55191746
S11,6010,2017-01-01,4774.06366944
S11,6010,2018-01-01,5307.71488019
S11,6010,2019-01-01,5074.1973057
S11,6010,2020-01-01,5054.42618573
S11,6010,2021-01-01,5042.27795767
S11,6010,2022-01-01,4742.24019
S11,6010,2023-01-01,4657.284526
S11,6011,1995-01-01,14061.4066230311
S11,6011,1996-01-01,12611.6748720205
S11,6011,1997-01-01,11377.0663964165
S11,6011,1998-01-01,11529.8057839576
S11,6011,1999-01-01,11647.0613879161
S11,6011,2000-01-01,13388.9761188393
S11,6011,2001-01-01,14163.6158325987
S11,6011,2002-01-01,14741.1393965427
S11,6011,2003-01-01,13815.420395507
S11,6011,2004-01-01,14885.8620839299
S11,6011,2005-01-01,17252.9398866246
S11,6011,2006-01-01,17936.4681838216
S11,6011,2007-01-01,18438.3504807511
S11,6011,2008-01-01,19064.8094382547
S11,6011,2009-01-01,19022.3482663342
S11,6011,2010-01-01,20642.8530164245
S11,6011,2011-01-01,22151.0391624574
S11,6011,2012-01-01,22874.6234254695
S11,6011,2013-01-01,24194.3442540554
S11,6011,2014-01-01,24511.0775194229
S11,6011,2015-01-01,24132.3598406268
S11,6011,2016-01-01,24512.7868440188
S11,6011,2017-01-01,25086.8599987755
S11,6011,2018-01-01,24755.6834801988
S11,6011,2019-01-01,25250.3541727325
S11,6011,2020-01-01,24665.2056199914
S11,6011,2021-01-01,24685.5667047735
S11,6011,2022-01-01,25099.8100117738
S11,6011,2023-01-01,24683.6856238133
S11,P5111_N111_112G,1995-01-01,17960.1847914011
S11,P5111_N111_112G,1996-01-01,16474.6008247905
S11,P5111_N111_112G,1997-01-01,15138.2165957065
S11,P5111_N111_112G,1998-01-01,14737.6774715676
S11,P5111_N111_112G,1999-01-01,14429.2672283161
S11,P5111_N111_112G,2000-01-01,17836.9249892193
S11,P5111_N111_112G,2001-01-01,17579.7557130387
S11,P5111_N111_112G,2002-01-01,18791.1288414527
S11,P5111_N111_112G,2003-01-01,17180.318636907
S11,P5111_N111_112G,2004-01-01,18386.5167190899
S11,P5111_N111_112G,2005-01-01,20810.5759774145
S11,P5111_N111_112G,2006-01-01,21384.7125769716
S11,P5111_N111_112G,2007-01-01,21889.9813768211
S11,P5111_N111_112G,2008-01-01,23122.6499625647
S11,P5111_N111_112G,2009-01-01,22753.0946605242
S11,P5111_N111_112G,2010-01-01,24004.1822618845
S11,P5111_N111_112G,2011-01-01,25596.6751600774
S11,P5111_N111_112G,2012-01-01,27335.2599668295
S11,P5111_N111_112G,2013-01-01,28881.7755169054
S11,P5111_N111_112G,2014-01-01,29770.3999928329
S11,P5111_N111_112G,2015-01-01,29546.0178597768
S11,P5111_N111_112G,2016-01-01,29805.3387614788
S11,P5111_N111_112G,2017-01-01,29860.9236682155
S11,P5111_N111_112G,2018-01-01,30063.3983603888
S11,P5111_N111_112G,2019-01-01,30324.5514784325
S11,P5111_N111_112G,2020-01-01,29719.6318057214
S11,P5111_N111_112G,2021-01-01,29727.8446624435
S11,P5111_N111_112G,2022-01-01,29842.0502017738
S11,P5111_N111_112G,2023-01-01,29340.9701498133
S11,P5111_N113T117G,1995-01-01,45162.2812527859
S11,P5111_N113T117G,1996-01-01,46277.7083724635
S11,P5111_N113T117G,1997-01-01,50701.509537619
S11,P5111_N113T117G,1998-01-01,58116.3841936927
S11,P5111_N113T117G,1999-01-01,61632.7458964758
S11,P5111_N113T117G,2000-01-01,65389.1333709472
S11,P5111_N113T117G,2001-01-01,67405.3102860321
S11,P5111_N113T117G,2002-01-01,69224.7116143553
S11,P5111_N113T117G,2003-01-01,66906.4097548077
S11,P5111_N113T117G,2004-01-01,70402.5904995286
S11,P5111_N113T117G,2005-01-01,71702.8274551786
S11,P5111_N113T117G,2006-01-01,79784.039612759
S11,P5111_N113T117G,2007-01-01,87914.3420962403
S11,P5111_N113T117G,2008-01-01,89601.4768212495
S11,P5111_N113T117G,2009-01-01,79179.6172383938
S11,P5111_N113T117G,2010-01-01,81771.4613629688
S11,P5111_N113T117G,2011-01-01,84570.8910937666
S11,P5111_N113T117G,2012-01-01,88683.0389259247
S11,P5111_N113T117G,2013-01-01,88988.9927888609
S11,P5111_N113T117G,2014-01-01,91694.9681009985
S11,P5111_N113T117G,2015-01-01,92855.4142097707
S11,P5111_N113T117G,2016-01-01,96971.743936813
S11,P5111_N113T117G,2017-01-01,103387.007572111
S11,P5111_N113T117G,2018-01-01,106096.248272256
S11,P5111_N113T117G,2019-01-01,108117.398409049
S11,P5111_N113T117G,2020-01-01,107727.547657695
S11,P5111_N113T117G,2021-01-01,116470.892947316
S11,P5111_N113T117G,2022-01-01,124235.645204681
S11,P5111_N113T117G,2023-01-01,130671.832452922
S11,P5111_N113T117G,2024-01-01,132621.284459276
S12,6010,1995-01-01,11.818
S12,6010,1996-01-01,4.416
S12,6010,1997-01-01,11.911
S12,6010,1998-01-01,8.402
S12,6010,1999-01-01,5.819
S12,6010,2000-01-01,4.66
S12,6010,2001-01-01,4.684
S12,6010,2002-01-01,11.74
S12,6010,2003-01-01,11.287
S12,6010,2004-01-01,10.968
S12,6010,2005-01-01,16.763
S12,6010,2006-01-01,15.82
S12,6010,2007-01-01,10.243
S12,6010,2008-01-01,4.288
S12,6010,2009-01-01,3.605
S12,6010,2010-01-01,3.309
S12,6010,2011-01-01,6.79
S12,6010,2012-01-01,4.339
S12,6010,2013-01-01,26.3
S12,6010,2014-01-01,12.007
S12,6010,2015-01-01,6.371
S12,6010,2016-01-01,2.289
S12,6010,2017-01-01,4.731
S12,6010,2018-01-01,8.102
S12,6010,2019-01-01,9.93
S12,6010,2020-01-01,6.131
S12,6010,2021-01-01,8.145
S12,6010,2022-01-01,3.902
S12,6010,2023-01-01,2.774
S12,6011,1995-01-01,2338.01269942778
S12,6011,1996-01-01,1958.67619603007
S12,6011,1997-01-01,1875.94026771132
S12,6011,1998-01-01,1760.26678863665
S12,6011,1999-01-01,2112.85348465042
S12,6011,2000-01-01,1857.74093657897
S12,6011,2001-01-01,1876.14076382119
S12,6011,2002-01-01,1729.44122608552
S12,6011,2003-01-01,1542.87013114778
S12,6011,2004-01-01,1552.98075652006
S12,6011,2005-01-01,1366.16026080538
S12,6011,2006-01-01,1290.34353678462
S12,6011,2007-01-01,1208.94754936084
S12,6011,2008-01-01,1532.1431857003
S12,6011,2009-01-01,1711.69539504031
S12,6011,2010-01-01,1616.81191268698
S12,6011,2011-01-01,1707.50214344651
S12,6011,2012-01-01,1690.66520875881
S12,6011,2013-01-01,1932.32490998925
S12,6011,2014-01-01,2060.95339831085
S12,6011,2015-01-01,2050.07821585044
S12,6011,2016-01-01,2035.98574354786
S12,6011,2017-01-01,2358.90990719559
S12,6011,2018-01-01,2495.61879340987
S12,6011,2019-01-01,2362.86960437385
S12,6011,2020-01-01,2209.39325991745
S12,6011,2021-01-01,1921.69475574405
S12,6011,2022-01-01,2062.32335895063
S12,6011,2023-01-01,2461.09166528686
S12,P5111_N111_112G,1995-01-01,2349.83069942778
S12,P5111_N111_112G,1996-01-01,1963.09219603007
S12,P5111_N111_112G,1997-01-01,1887.85126771132
S12,P5111_N111_112G,1998-01-01,1768.66878863665
S12,P5111_N111_112G,1999-01-01,2118.67248465042
S12,P5111_N111_112G,2000-01-01,1862.40093657897
S12,P5111_N111_112G,2001-01-01,1880.82476382119
S12,P5111_N111_112G,2002-01-01,1741.18122608552
S12,P5111_N111_112G,2003-01-01,1554.15713114778
S12,P5111_N111_112G,2004-01-01,1563.94875652006
S12,P5111_N111_112G,2005-01-01,1382.92326080538
S12,P5111_N111_112G,2006-01-01,1306.16353678462
S12,P5111_N111_112G,2007-01-01,1219.19054936084
S12,P5111_N111_112G,2008-01-01,1536.4311857003
S12,P5111_N111_112G,2009-01-01,1715.30039504031
S12,P5111_N111_112G,2010-01-01,1620.12091268698
S12,P5111_N111_112G,2011-01-01,1714.29214344651
S12,P5111_N111_112G,2012-01-01,1695.00420875881
S12,P5111_N111_112G,2013-01-01,1958.62490998925
S12,P5111_N111_112G,2014-01-01,2072.96039831085
S12,P5111_N111_112G,2015-01-01,2056.44921585044
S12,P5111_N111_112G,2016-01-01,2038.27474354786
S12,P5111_N111_112G,2017-01-01,2363.64090719559
S12,P5111_N111_112G,2018-01-01,2503.72079340987
S12,P5111_N111_112G,2019-01-01,2372.79960437385
S12,P5111_N111_112G,2020-01-01,2215.52425991745
S12,P5111_N111_112G,2021-01-01,1929.83975574405
S12,P5111_N111_112G,2022-01-01,2066.22535895063
S12,P5111_N111_112G,2023-01-01,2463.86566528686
S12,P5111_N113T117G,1995-01-01,5127.76392947509
S12,P5111_N113T117G,1996-01-01,5141.14335219238
S12,P5111_N113T117G,1997-01-01,4836.59352800225
S12,P5111_N113T117G,1998-01-01,5135.90275698217
S12,P5111_N113T117G,1999-01-01,5290.17678712828
S12,P5111_N113T117G,2000-01-01,6287.71749746182
S12,P5111_N113T117G,2001-01-01,5519.98107292032
S12,P5111_N113T117G,2002-01-01,4301.98853753773
S12,P5111_N113T117G,2003-01-01,5204.31230979986
S12,P5111_N113T117G,2004-01-01,6419.73356902041
S12,P5111_N113T117G,2005-01-01,6938.48727964749
S12,P5111_N113T117G,2006-01-01,6101.876600178
S12,P5111_N113T117G,2007-01-01,6907.21643737906
S12,P5111_N113T117G,2008-01-01,6530.9838716852
S12,P5111_N113T117G,2009-01-01,5614.89334553297
S12,P5111_N113T117G,2010-01-01,5912.08987823504
S12,P5111_N113T117G,2011-01-01,6282.21083626889
S12,P5111_N113T117G,2012-01-01,6544.29922734704
S12,P5111_N113T117G,2013-01-01,6542.30690862557
S12,P5111_N113T117G,2014-01-01,6642.01512474891
S12,P5111_N113T117G,2015-01-01,6580.0079586547
S12,P5111_N113T117G,2016-01-01,6677.68758660767
S12,P5111_N113T117G,2017-01-01,6788.9630468848
S12,P5111_N113T117G,2018-01-01,7025.87926109873
S12,P5111_N113T117G,2019-01-01,7080.85403443496
S12,P5111_N113T117G,2020-01-01,6728.55418963254
S12,P5111_N113T117G,2021-01-01,7476.41658373278
S12,P5111_N113T117G,2022-01-01,8193.19038590395
S12,P5111_N113T117G,2023-01-01,8745.27670061693
S12,P5111_N113T117G,2024-01-01,8844.98102584061
S121T127,6010,1995-01-01,0.998
S121T127,6010,1996-01-01,0.732
S121T127,6010,1997-01-01,4.636
S121T127,6010,1998-01-01,1.617
S121T127,6010,1999-01-01,1.087
S121T127,6010,2000-01-01,1.916
S121T127,6010,2001-01-01,2.355
S121T127,6010,2002-01-01,5.274
S121T127,6010,2003-01-01,2.271
S121T127,6010,2004-01-01,5.157
S121T127,6010,2005-01-01,8.56
S121T127,6010,2006-01-01,10.767
S121T127,6010,2007-01-01,1.867
S121T127,6010,2008-01-01,0.506
S121T127,6010,2009-01-01,1.019
S121T127,6010,2010-01-01,0.627
S121T127,6010,2011-01-01,0.203
S121T127,6010,2012-01-01,2.199
S121T127,6010,2013-01-01,0.745
S121T127,6010,2014-01-01,1.015
S121T127,6010,2015-01-01,0.577
S121T127,6010,2016-01-01,0.336
S121T127,6010,2017-01-01,0.896
S121T127,6010,2018-01-01,0.258
S121T127,6010,2019-01-01,2.269
S121T127,6010,2020-01-01,2.757
S121T127,6010,2021-01-01,5.252
S121T127,6010,2022-01-01,2.857
S121T127,6010,2023-01-01,1.488
S121T127,6011,1995-01-01,879.048104288646
S121T127,6011,1996-01-01,666.086578015961
S121T127,6011,1997-01-01,689.049044247225
S121T127,6011,1998-01-01,565.256813832014
S121T127,6011,1999-01-01,643.67480235848
S121T127,6011,2000-01-01,701.012232805751
S121T127,6011,2001-01-01,702.750148394384
S121T127,6011,2002-01-01,549.341041632828
S121T127,6011,2003-01-01,463.800295485637
S121T127,6011,2004-01-01,340.106024405193
S121T127,6011,2005-01-01,398.212400224157
S121T127,6011,2006-01-01,387.433186958259
S121T127,6011,2007-01-01,378.407155792603
S121T127,6011,2008-01-01,554.327518754395
S121T127,6011,2009-01-01,612.178035231784
S121T127,6011,2010-01-01,668.757372436803
S121T127,6011,2011-01-01,604.032333627909
S121T127,6011,2012-01-01,529.636228060836
S121T127,6011,2013-01-01,631.66294097915
S121T127,6011,2014-01-01,560.835871778707
S121T127,6011,2015-01-01,528.44991563305
S121T127,6011,2016-01-01,505.996139148599
S121T127,6011,2017-01-01,515.854353796454
S121T127,6011,2018-01-01,638.1171453077
S121T127,6011,2019-01-01,554.427603344783
S121T127,6011,2020-01-01,496.609334542653
S121T127,6011,2021-01-01,535.833950015729
S121T127,6011,2022-01-01,636.343371934669
S121T127,6011,2023-01-01,661.261538623781
S121T127,P5111_N111_112G,1995-01-01,880.046104288646
S121T127,P5111_N111_112G,1996-01-01,666.818578015961
S121T127,P5111_N111_112G,1997-01-01,693.685044247225
S121T127,P5111_N111_112G,1998-01-01,566.873813832014
S121T127,P5111_N111_112G,1999-01-01,644.76180235848
S121T127,P5111_N111_112G,2000-01-01,702.928232805751
S121T127,P5111_N111_112G,2001-01-01,705.105148394385
S121T127,P5111_N111_112G,2002-01-01,554.615041632828
S121T127,P5111_N111_112G,2003-01-01,466.071295485637
S121T127,P5111_N111_112G,2004-01-01,345.263024405193
S121T127,P5111_N111_112G,2005-01-01,406.772400224157
S121T127,P5111_N111_112G,2006-01-01,398.200186958259
S121T127,P5111_N111_112G,2007-01-01,380.274155792603
S121T127,P5111_N111_112G,2008-01-01,554.833518754395
S121T127,P5111_N111_112G,2009-01-01,613.197035231784
S121T127,P5111_N111_112G,2010-01-01,669.384372436803
S121T127,P5111_N111_112G,2011-01-01,604.235333627909
S121T127,P5111_N111_112G,2012-01-01,531.835228060836
S121T127,P5111_N111_112G,2013-01-01,632.40794097915
S121T127,P5111_N111_112G,2014-01-01,561.850871778707
S121T127,P5111_N111_112G,2015-01-01,529.02691563305
S121T127,P5111_N111_112G,2016-01-01,506.332139148599
S121T127,P5111_N111_112G,2017-01-01,516.750353796454
S121T127,P5111_N111_112G,2018-01-01,638.3751453077
S121T127,P5111_N111_112G,2019-01-01,556.69660334478294
S121T127,P5111_N111_112G,2020-01-01,499.366334542653
S121T127,P5111_N111_112G,2021-01-01,541.085950015729
S121T127,P5111_N111_112G,2022-01-01,639.200371934669
S121T127,P5111_N111_112G,2023-01-01,662.749538623781
S121T127,P5111_N113T117G,1995-01-01,4469.2099780083
S121T127,P5111_N113T117G,1996-01-01,4455.33961600432
S121T127,P5111_N113T117G,1997-01-01,3462.36345792503
S121T127,P5111_N113T117G,1998-01-01,4035.74030151322
S121T127,P5111_N113T117G,1999-01-01,4064.46356742263
S121T127,P5111_N113T117G,2000-01-01,4860.60915230043
S121T127,P5111_N113T117G,2001-01-01,4623.70907445188
S121T127,P5111_N113T117G,2002-01-01,3462.86107979877
S121T127,P5111_N113T117G,2003-01-01,4260.46419098487
S121T127,P5111_N113T117G,2004-01-01,4548.23637030439
S121T127,P5111_N113T117G,2005-01-01,5287.67628630472
S121T127,P5111_N113T117G,2006-01-01,5234.05461767657
S121T127,P5111_N113T117G,2007-01-01,5666.18778621887
S121T127,P5111_N113T117G,2008-01-01,5146.88950971073
S121T127,P5111_N113T117G,2009-01-01,4437.58717867317
S121T127,P5111_N113T117G,2010-01-01,4672.46884817345
S121T127,P5111_N113T117G,2011-01-01,5038.28615013346
S121T127,P5111_N113T117G,2012-01-01,5248.4790814589
S121T127,P5111_N113T117G,2013-01-01,5246.88125673084
S121T127,P5111_N113T117G,2014-01-01,5326.84650104396
S121T127,P5111_N113T117G,2015-01-01,5277.11721715271
S121T127,P5111_N113T117G,2016-01-01,5355.45554891076
S121T127,P5111_N113T117G,2017-01-01,5444.697636605
S121T127,P5111_N113T117G,2018-01-01,5634.70267017134
S121T127,P5111_N113T117G,2019-01-01,5678.79202761658
S121T127,P5111_N113T117G,2020-01-01,5396.25018446246
S121T127,P5111_N113T117G,2021-01-01,5996.03023651795
S121T127,P5111_N113T117G,2022-01-01,6570.87747013966
S121T127,P5111_N113T117G,2023-01-01,7013.64656936152
S121T127,P5111_N113T117G,2024-01-01,7093.60869320218
S12Q,6010,1995-01-01,10.82
S12Q,6010,1996-01-01,3.684
S12Q,6010,1997-01-01,7.275
S12Q,6010,1998-01-01,6.785
S12Q,6010,1999-01-01,4.732
S12Q,6010,2000-01-01,2.744
S12Q,6010,2001-01-01,2.329
S12Q,6010,2002-01-01,6.466
S12Q,6010,2003-01-01,9.016
S12Q,6010,2004-01-01,5.811
S12Q,6010,2005-01-01,8.203
S12Q,6010,2006-01-01,5.053
S12Q,6010,2007-01-01,8.376
S12Q,6010,2008-01-01,3.782
S12Q,6010,2009-01-01,2.586
S12Q,6010,2010-01-01,2.682
S12Q,6010,2011-01-01,6.587
S12Q,6010,2012-01-01,2.14
S12Q,6010,2013-01-01,25.555
S12Q,6010,2014-01-01,10.992
S12Q,6010,2015-01-01,5.794
S12Q,6010,2016-01-01,1.953
S12Q,6010,2017-01-01,3.835
S12Q,6010,2018-01-01,7.844
S12Q,6010,2019-01-01,7.661
S12Q,6010,2020-01-01,3.374
S12Q,6010,2021-01-01,2.893
S12Q,6010,2022-01-01,1.045
S12Q,6010,2023-01-01,1.286
S12Q,6011,1995-01-01,1458.96459513914
S12Q,6011,1996-01-01,1292.58961801411
S12Q,6011,1997-01-01,1186.89122346409
S12Q,6011,1998-01-01,1195.00997480464
S12Q,6011,1999-01-01,1469.17868229194
S12Q,6011,2000-01-01,1156.72870377322
S12Q,6011,2001-01-01,1173.39061542681
S12Q,6011,2002-01-01,1180.1001844527
S12Q,6011,2003-01-01,1079.06983566214
S12Q,6011,2004-01-01,1212.87473211486
S12Q,6011,2005-01-01,967.947860581223
S12Q,6011,2006-01-01,902.910349826361
S12Q,6011,2007-01-01,830.540393568238
S12Q,6011,2008-01-01,977.815666945909
S12Q,6011,2009-01-01,1099.51735980853
S12Q,6011,2010-01-01,948.054540250179
S12Q,6011,2011-01-01,1103.4698098186
S12Q,6011,2012-01-01,1161.02898069797
S12Q,6011,2013-01-01,1300.6619690101
S12Q,6011,2014-01-01,1500.11752653214
S12Q,6011,2015-01-01,1521.62830021739
S12Q,6011,2016-01-01,1529.98960439926
S12Q,6011,2017-01-01,1843.05555339914
S12Q,6011,2018-01-01,1857.50164810217
S12Q,6011,2019-01-01,1808.44200102906
S12Q,6011,2020-01-01,1712.78392537479
S12Q,6011,2021-01-01,1385.86080572832
S12Q,6011,2022-01-01,1425.97998701596
S12Q,6011,2023-01-01,1799.83012666308
S12Q,P5111_N111_112G,1995-01-01,1469.78459513914
S12Q,P5111_N111_112G,1996-01-01,1296.27361801411
S12Q,P5111_N111_112G,1997-01-01,1194.16622346409
S12Q,P5111_N111_112G,1998-01-01,1201.79497480464
S12Q,P5111_N111_112G,1999-01-01,1473.91068229194
S12Q,P5111_N111_112G,2000-01-01,1159.47270377322
S12Q,P5111_N111_112G,2001-01-01,1175.71961542681
S12Q,P5111_N111_112G,2002-01-01,1186.5661844527
S12Q,P5111_N111_112G,2003-01-01,1088.08583566214
S12Q,P5111_N111_112G,2004-01-01,1218.68573211486
S12Q,P5111_N111_112G,2005-01-01,976.150860581223
S12Q,P5111_N111_112G,2006-01-01,907.963349826361
S12Q,P5111_N111_112G,2007-01-01,838.916393568238
S12Q,P5111_N111_112G,2008-01-01,981.597666945909
S12Q,P5111_N111_112G,2009-01-01,1102.10335980853
S12Q,P5111_N111_112G,2010-01-01,950.736540250179
S12Q,P5111_N111_112G,2011-01-01,1110.0568098186
S12Q,P5111_N111_112G,2012-01-01,1163.16898069797
S12Q,P5111_N111_112G,2013-01-01,1326.2169690101
S12Q,P5111_N111_112G,2014-01-01,1511.10952653214
S12Q,P5111_N111_112G,2015-01-01,1527.42230021739
S12Q,P5111_N111_112G,2016-01-01,1531.94260439926
S12Q,P5111_N111_112G,2017-01-01,1846.89055339914
S12Q,P5111_N111_112G,2018-01-01,1865.34564810217
S12Q,P5111_N111_112G,2019-01-01,1816.10300102906
S12Q,P5111_N111_112G,2020-01-01,1716.15792537479
S12Q,P5111_N111_112G,2021-01-01,1388.75380572832
S12Q,P5111_N111_112G,2022-01-01,1427.02498701596
S12Q,P5111_N111_112G,2023-01-01,1801.11612666308
S12Q,P5111_N113T117G,1995-01-01,658.553951466787
S12Q,P5111_N113T117G,1996-01-01,685.803736188053
S12Q,P5111_N113T117G,1997-01-01,1374.23007007721
S12Q,P5111_N113T117G,1998-01-01,1100.16245546895
S12Q,P5111_N113T117G,1999-01-01,1225.71321970564
S12Q,P5111_N113T117G,2000-01-01,1427.10834516139
S12Q,P5111_N113T117G,2001-01-01,896.271998468438
S12Q,P5111_N113T117G,2002-01-01,839.127457738954
S12Q,P5111_N113T117G,2003-01-01,943.848118814989
S12Q,P5111_N113T117G,2004-01-01,1871.49719871602
S12Q,P5111_N113T117G,2005-01-01,1650.81099334277
S12Q,P5111_N113T117G,2006-01-01,867.821982501432
S12Q,P5111_N113T117G,2007-01-01,1241.02865116019
S12Q,P5111_N113T117G,2008-01-01,1384.09436197447
S12Q,P5111_N113T117G,2009-01-01,1177.3061668598
S12Q,P5111_N113T117G,2010-01-01,1239.62103006159
S12Q,P5111_N113T117G,2011-01-01,1243.92468613543
S12Q,P5111_N113T117G,2012-01-01,1295.82014588814
S12Q,P5111_N113T117G,2013-01-01,1295.42565189473
S12Q,P5111_N113T117G,2014-01-01,1315.16862370495
S12Q,P5111_N113T117G,2015-01-01,1302.89074150199
S12Q,P5111_N113T117G,2016-01-01,1322.23203769691
S12Q,P5111_N113T117G,2017-01-01,1344.2654102798
S12Q,P5111_N113T117G,2018-01-01,1391.1765909274
S12Q,P5111_N113T117G,2019-01-01,1402.06200681838
S12Q,P5111_N113T117G,2020-01-01,1332.30400517008
S12Q,P5111_N113T117G,2021-01-01,1480.38634721484
S12Q,P5111_N113T117G,2022-01-01,1622.31291576429
S12Q,P5111_N113T117G,2023-01-01,1731.63013125541
S12Q,P5111_N113T117G,2024-01-01,1751.37233263843
S13,6010,1995-01-01,4723.80683163
S13,6010,1996-01-01,4722.12804723
S13,6010,1997-01-01,4739.32580071
S13,6010,1998-01-01,4962.53231239
S13,6010,1999-01-01,5157.6581596
S13,6010,2000-01-01,5155.70112962
S13,6010,2001-01-01,5294.06411956
S13,6010,2002-01-01,5148.84455509
S13,6010,2003-01-01,5139.9477586
S13,6010,2004-01-01,5139.40136484
S13,6010,2005-01-01,4958.26790921
S13,6010,2006-01-01,5152.12760685
S13,6010,2007-01-01,5351.63910393
S13,6010,2008-01-01,5622.11047569
S13,6010,2009-01-01,5958.63560581
S13,6010,2010-01-01,6111.63175454
S13,6010,2011-01-01,6093.30700238
S13,6010,2012-01-01,5931.90245864
S13,6010,2013-01-01,5981.75973715
S13,6010,2014-01-01,5906.61652659
S13,6010,2015-01-01,5799.92698085
S13,6010,2016-01-01,5580.95708254
S13,6010,2017-01-01,5566.79433056
S13,6010,2018-01-01,5603.30211981
S13,6010,2019-01-01,5943.0816943
S13,6010,2020-01-01,6288.32881427
S13,6010,2021-01-01,6372.39104233
S13,6010,2022-01-01,6446.44181
S13,6010,2023-01-01,6970.119474
S13,6011,1995-01-01,3769.2405997
S13,6011,1996-01-01,3402.59395027
S13,6011,1997-01-01,3339.28257515
S13,6011,1998-01-01,3557.05690999
S13,6011,1999-01-01,3338.92884582
S13,6011,2000-01-01,2905.73792358
S13,6011,2001-01-01,3175.80515802
S13,6011,2002-01-01,3342.86507278
S13,6011,2003-01-01,3429.84153456
S13,6011,2004-01-01,3268.08131354
S13,6011,2005-01-01,3328.26406837
S13,6011,2006-01-01,3187.80889762
S13,6011,2007-01-01,3226.76985105
S13,6011,2008-01-01,3407.23280613
S13,6011,2009-01-01,4083.9406002
S13,6011,2010-01-01,4177.14104822
S13,6011,2011-01-01,4337.26220845
S13,6011,2012-01-01,4364.15469566
S13,6011,2013-01-01,4305.28461869
S13,6011,2014-01-01,4891.37352265
S13,6011,2015-01-01,5266.14434551
S13,6011,2016-01-01,5210.10663487
S13,6011,2017-01-01,5460.75487368
S13,6011,2018-01-01,5582.30529216
S13,6011,2019-01-01,5696.74281952
S13,6011,2020-01-01,5721.11708763
S13,6011,2021-01-01,5483.41923978
S13,6011,2022-01-01,5341.73434843
S13,6011,2023-01-01,6535.94020759
S13,P5111_N111_112G,1995-01-01,8493.04743133
S13,P5111_N111_112G,1996-01-01,8124.7219975
S13,P5111_N111_112G,1997-01-01,8078.60837586
S13,P5111_N111_112G,1998-01-01,8519.58922238
S13,P5111_N111_112G,1999-01-01,8496.58700542
S13,P5111_N111_112G,2000-01-01,8061.4390532
S13,P5111_N111_112G,2001-01-01,8469.86927758
S13,P5111_N111_112G,2002-01-01,8491.70962787
S13,P5111_N111_112G,2003-01-01,8569.78929316
S13,P5111_N111_112G,2004-01-01,8407.48267838
S13,P5111_N111_112G,2005-01-01,8286.53197758
S13,P5111_N111_112G,2006-01-01,8339.93650447
S13,P5111_N111_112G,2007-01-01,8578.40895498
S13,P5111_N111_112G,2008-01-01,9029.34328182
S13,P5111_N111_112G,2009-01-01,10042.57620601
S13,P5111_N111_112G,2010-01-01,10288.77280276
S13,P5111_N111_112G,2011-01-01,10430.56921083
S13,P5111_N111_112G,2012-01-01,10296.0571543
S13,P5111_N111_112G,2013-01-01,10287.04435584
S13,P5111_N111_112G,2014-01-01,10797.99004924
S13,P5111_N111_112G,2015-01-01,11066.07132636
S13,P5111_N111_112G,2016-01-01,10791.06371741
S13,P5111_N111_112G,2017-01-01,11027.54920424
S13,P5111_N111_112G,2018-01-01,11185.60741197
S13,P5111_N111_112G,2019-01-01,11639.82451382
S13,P5111_N111_112G,2020-01-01,12009.4459019
S13,P5111_N111_112G,2021-01-01,11855.81028211
S13,P5111_N111_112G,2022-01-01,11788.17615843
S13,P5111_N111_112G,2023-01-01,13506.05968159
S13,P5111_N113T117G,1995-01-01,6931.41919554
S13,P5111_N113T117G,1996-01-01,6363.08046646
S13,P5111_N113T117G,1997-01-01,6124.37052885
S13,P5111_N113T117G,1998-01-01,6087.71483573
S13,P5111_N113T117G,1999-01-01,5901.68003759
S13,P5111_N113T117G,2000-01-01,5624.3067107
S13,P5111_N113T117G,2001-01-01,6047.39338573
S13,P5111_N113T117G,2002-01-01,6357.33936402
S13,P5111_N113T117G,2003-01-01,6319.77542956
S13,P5111_N113T117G,2004-01-01,6552.38488301
S13,P5111_N113T117G,2005-01-01,6524.79695947
S13,P5111_N113T117G,2006-01-01,6713.45193565
S13,P5111_N113T117G,2007-01-01,6957.51658778
S13,P5111_N113T117G,2008-01-01,7574.71214004
S13,P5111_N113T117G,2009-01-01,7614.57029117
S13,P5111_N113T117G,2010-01-01,7927.32001577
S13,P5111_N113T117G,2011-01-01,8364.78223639
S13,P5111_N113T117G,2012-01-01,8776.20710541
S13,P5111_N113T117G,2013-01-01,8981.963318
S13,P5111_N113T117G,2014-01-01,9097.95899422
S13,P5111_N113T117G,2015-01-01,9069.9955084
S13,P5111_N113T117G,2016-01-01,9319.36261828
S13,P5111_N113T117G,2017-01-01,9764.45063953
S13,P5111_N113T117G,2018-01-01,10225.45725064
S13,P5111_N113T117G,2019-01-01,10813.63606353
S13,P5111_N113T117G,2020-01-01,11463.25235613
S13,P5111_N113T117G,2021-01-01,11242.61303973
S13,P5111_N113T117G,2022-01-01,11889.1225753
S13,P5111_N113T117G,2023-01-01,12814.05183059
S13,P5111_N113T117G,2024-01-01,12748.56425043
S1314,6010,1995-01-01,0
S1314,6010,1996-01-01,0
S1314,6010,1997-01-01,0
S1314,6010,1998-01-01,0
S1314,6010,1999-01-01,0
S1314,6010,2000-01-01,0
S1314,6010,2001-01-01,0
S1314,6010,2002-01-01,0
S1314,6010,2003-01-01,0
S1314,6010,2004-01-01,0
S1314,6010,2005-01-01,0
S1314,6010,2006-01-01,0
S1314,6010,2007-01-01,0
S1314,6010,2008-01-01,0
S1314,6010,2009-01-01,0
S1314,6010,2010-01-01,0
S1314,6010,2011-01-01,0
S1314,6010,2012-01-01,0
S1314,6010,2013-01-01,0
S1314,6010,2014-01-01,0
S1314,6010,2015-01-01,0
S1314,6010,2016-01-01,0
S1314,6010,2017-01-01,0
S1314,6010,2018-01-01,0
S1314,6010,2019-01-01,0
S1314,6010,2020-01-01,0
S1314,6010,2021-01-01,0
S1314,6010,2022-01-01,0
S1314,6010,2023-01-01,0
S1314,6011,1995-01-01,0
S1314,6011,1996-01-01,0
S1314,6011,1997-01-01,0
S1314,6011,1998-01-01,0
S1314,6011,1999-01-01,0
S1314,6011,2000-01-01,0
S1314,6011,2001-01-01,0
S1314,6011,2002-01-01,0
S1314,6011,2003-01-01,0
S1314,6011,2004-01-01,0
S1314,6011,2005-01-01,0
S1314,6011,2006-01-01,0
S1314,6011,2007-01-01,0
S1314,6011,2008-01-01,0
S1314,6011,2009-01-01,0
S1314,6011,2010-01-01,0
S1314,6011,2011-01-01,0
S1314,6011,2012-01-01,0
S1314,6011,2013-01-01,0
S1314,6011,2014-01-01,0
S1314,6011,2015-01-01,0
S1314,6011,2016-01-01,0
S1314,6011,2017-01-01,0
S1314,6011,2018-01-01,0
S1314,6011,2019-01-01,0
S1314,6011,2020-01-01,0
S1314,6011,2021-01-01,0
S1314,6011,2022-01-01,0
S1314,6011,2023-01-01,0
S1314,P5111_N111_112G,1995-01-01,0
S1314,P5111_N111_112G,1996-01-01,0
S1314,P5111_N111_112G,1997-01-01,0
S1314,P5111_N111_112G,1998-01-01,0
S1314,P5111_N111_112G,1999-01-01,0
S1314,P5111_N111_112G,2000-01-01,0
S1314,P5111_N111_112G,2001-01-01,0
S1314,P5111_N111_112G,2002-01-01,0
S1314,P5111_N111_112G,2003-01-01,0
S1314,P5111_N111_112G,2004-01-01,0
S1314,P5111_N111_112G,2005-01-01,0
S1314,P5111_N111_112G,2006-01-01,0
S1314,P5111_N111_112G,2007-01-01,0
S1314,P5111_N111_112G,2008-01-01,0
S1314,P5111_N111_112G,2009-01-01,0
S1314,P5111_N111_112G,2010-01-01,0
S1314,P5111_N111_112G,2011-01-01,0
S1314,P5111_N111_112G,2012-01-01,0
S1314,P5111_N111_112G,2013-01-01,0
S1314,P5111_N111_112G,2014-01-01,0
S1314,P5111_N111_112G,2015-01-01,0
S1314,P5111_N111_112G,2016-01-01,0
S1314,P5111_N111_112G,2017-01-01,0
S1314,P5111_N111_112G,2018-01-01,0
S1314,P5111_N111_112G,2019-01-01,0
S1314,P5111_N111_112G,2020-01-01,0
S1314,P5111_N111_112G,2021-01-01,0
S1314,P5111_N111_112G,2022-01-01,0
S1314,P5111_N111_112G,2023-01-01,0
S1314,P5111_N113T117G,1995-01-01,17.96964
S1314,P5111_N113T117G,1996-01-01,9.56474475
S1314,P5111_N113T117G,1997-01-01,5.520964
S1314,P5111_N113T117G,1998-01-01,4.4670421
S1314,P5111_N113T117G,1999-01-01,3.608596
S1314,P5111_N113T117G,2000-01-01,4.01799875
S1314,P5111_N113T117G,2001-01-01,4.76592565
S1314,P5111_N113T117G,2002-01-01,6.95955775
S1314,P5111_N113T117G,2003-01-01,8.36137562
S1314,P5111_N113T117G,2004-01-01,5.43343814
S1314,P5111_N113T117G,2005-01-01,4.86925232
S1314,P5111_N113T117G,2006-01-01,5.43273096
S1314,P5111_N113T117G,2007-01-01,7.21922808
S1314,P5111_N113T117G,2008-01-01,5.42549261
S1314,P5111_N113T117G,2009-01-01,12.09593546
S1314,P5111_N113T117G,2010-01-01,2.21525012
S1314,P5111_N113T117G,2011-01-01,1.29479361
S1314,P5111_N113T117G,2012-01-01,4.59613226
S1314,P5111_N113T117G,2013-01-01,2.82395914
S1314,P5111_N113T117G,2014-01-01,2.57236813
S1314,P5111_N113T117G,2015-01-01,1.29162014
S1314,P5111_N113T117G,2016-01-01,0.7749897
S1314,P5111_N113T117G,2017-01-01,0.70464295
S1314,P5111_N113T117G,2018-01-01,0.5997121
S1314,P5111_N113T117G,2019-01-01,0.5848046
S1314,P5111_N113T117G,2020-01-01,1.57738896
S1314,P5111_N113T117G,2021-01-01,0.71021842
S1314,P5111_N113T117G,2022-01-01,0.48003066
S1314,P5111_N113T117G,2023-01-01,0.25531879
S1314,P5111_N113T117G,2024-01-01,0.42006093
S14,6010,1995-01-01,238.54
S14,6010,1996-01-01,201.606
S14,6010,1997-01-01,230.096
S14,6010,1998-01-01,227.311
S14,6010,1999-01-01,212.402
S14,6010,2000-01-01,199.254
S14,6010,2001-01-01,201.812
S14,6010,2002-01-01,199.074
S14,6010,2003-01-01,188.123
S14,6010,2004-01-01,202.724
S14,6010,2005-01-01,196.683
S14,6010,2006-01-01,208.912
S14,6010,2007-01-01,218.522
S14,6010,2008-01-01,194.55
S14,6010,2009-01-01,175.612
S14,6010,2010-01-01,157.765
S14,6010,2011-01-01,201.777
S14,6010,2012-01-01,202.235
S14,6010,2013-01-01,186.085
S14,6010,2014-01-01,213.541
S14,6010,2015-01-01,217.746
S14,6010,2016-01-01,213.611
S14,6010,2017-01-01,214.648
S14,6010,2018-01-01,197.933
S14,6010,2019-01-01,205.848
S14,6010,2020-01-01,227.48
S14,6010,2021-01-01,301.998
S14,6010,2022-01-01,272.179
S14,6010,2023-01-01,234.459
S14,6011,1995-01-01,16982.2448079631
S14,6011,1996-01-01,15091.5981830104
S14,6011,1997-01-01,14488.5125235008
S14,6011,1998-01-01,14991.9148532549
S14,6011,1999-01-01,14664.131891871
S14,6011,2000-01-01,14773.7088531472
S14,6011,2001-01-01,14391.0319337723
S14,6011,2002-01-01,13912.733791049
S14,6011,2003-01-01,15630.982538736
S14,6011,2004-01-01,16811.0216465653
S14,6011,2005-01-01,17455.9603777542
S14,6011,2006-01-01,17640.0075256273
S14,6011,2007-01-01,17577.5779657042
S14,6011,2008-01-01,17296.0647272353
S14,6011,2009-01-01,17586.7165465873
S14,6011,2010-01-01,18357.1644616674
S14,6011,2011-01-01,19206.041070086
S14,6011,2012-01-01,19610.8522538385
S14,6011,2013-01-01,19938.6964237316
S14,6011,2014-01-01,20115.7314671001
S14,6011,2015-01-01,20381.898566737
S14,6011,2016-01-01,19950.6838536701
S14,6011,2017-01-01,19934.6858290557
S14,6011,2018-01-01,19766.7761784521
S14,6011,2019-01-01,18827.7309792764
S14,6011,2020-01-01,18528.9240181885
S14,6011,2021-01-01,18762.8922947119
S14,6011,2022-01-01,19038.8782117372
S14,6011,2023-01-01,18553.195545708
S14,P5111_N111_112G,1995-01-01,17220.7848079631
S14,P5111_N111_112G,1996-01-01,15293.2041830104
S14,P5111_N111_112G,1997-01-01,14718.6085235008
S14,P5111_N111_112G,1998-01-01,15219.2258532549
S14,P5111_N111_112G,1999-01-01,14876.533891871
S14,P5111_N111_112G,2000-01-01,14972.9628531472
S14,P5111_N111_112G,2001-01-01,14592.8439337723
S14,P5111_N111_112G,2002-01-01,14111.807791049
S14,P5111_N111_112G,2003-01-01,15819.105538736
S14,P5111_N111_112G,2004-01-01,17013.7456465653
S14,P5111_N111_112G,2005-01-01,17652.6433777542
S14,P5111_N111_112G,2006-01-01,17848.9195256273
S14,P5111_N111_112G,2007-01-01,17796.0999657042
S14,P5111_N111_112G,2008-01-01,17490.6147272353
S14,P5111_N111_112G,2009-01-01,17762.3285465873
S14,P5111_N111_112G,2010-01-01,18514.9294616674
S14,P5111_N111_112G,2011-01-01,19407.818070086
S14,P5111_N111_112G,2012-01-01,19813.0872538385
S14,P5111_N111_112G,2013-01-01,20124.7814237316
S14,P5111_N111_112G,2014-01-01,20329.2724671001
S14,P5111_N111_112G,2015-01-01,20599.644566737
S14,P5111_N111_112G,2016-01-01,20164.2948536701
S14,P5111_N111_112G,2017-01-01,20149.3338290557
S14,P5111_N111_112G,2018-01-01,19964.7091784521
S14,P5111_N111_112G,2019-01-01,19033.5789792764
S14,P5111_N111_112G,2020-01-01,18756.4040181885
S14,P5111_N111_112G,2021-01-01,19064.8902947119
S14,P5111_N111_112G,2022-01-01,19311.0572117372
S14,P5111_N111_112G,2023-01-01,18787.654545708
S14,P5111_N113T117G,1995-01-01,7642.83726333406
S14,P5111_N113T117G,1996-01-01,7452.68026903739
S14,P5111_N113T117G,1997-01-01,8059.91184443261
S14,P5111_N113T117G,1998-01-01,8468.76339416038
S14,P5111_N113T117G,1999-01-01,9322.79297629012
S14,P5111_N113T117G,2000-01-01,9791.63782956866
S14,P5111_N113T117G,2001-01-01,8689.35625219874
S14,P5111_N113T117G,2002-01-01,8160.31444072301
S14,P5111_N113T117G,2003-01-01,8034.12014514518
S14,P5111_N113T117G,2004-01-01,8621.84012838271
S14,P5111_N113T117G,2005-01-01,8852.91980124893
S14,P5111_N113T117G,2006-01-01,8596.58498384376
S14,P5111_N113T117G,2007-01-01,9692.41808727539
S14,P5111_N113T117G,2008-01-01,10052.6841593504
S14,P5111_N113T117G,2009-01-01,8581.96603660369
S14,P5111_N113T117G,2010-01-01,8993.11486777529
S14,P5111_N113T117G,2011-01-01,6767.19432940095
S14,P5111_N113T117G,2012-01-01,5785.89130218572
S14,P5111_N113T117G,2013-01-01,6069.12958887472
S14,P5111_N113T117G,2014-01-01,5567.04360446305
S14,P5111_N113T117G,2015-01-01,4968.62016279427
S14,P5111_N113T117G,2016-01-01,4983.17146710918
S14,P5111_N113T117G,2017-01-01,4854.8593513033
S14,P5111_N113T117G,2018-01-01,5244.51765919487
S14,P5111_N113T117G,2019-01-01,4811.97612948493
S14,P5111_N113T117G,2020-01-01,4046.0624616595
S14,P5111_N113T117G,2021-01-01,4630.62824660491
S14,P5111_N113T117G,2022-01-01,4700.41779273568
S14,P5111_N113T117G,2023-01-01,4931.66033220088
S14,P5111_N113T117G,2024-01-01,4902.84504845354
S15,6010,1995-01-01,37.168
S15,6010,1996-01-01,44.443
S15,6010,1997-01-01,41.801
S15,6010,1998-01-01,39.449
S15,6010,1999-01-01,28.52
S15,6010,2000-01-01,33.73
S15,6010,2001-01-01,36.67
S15,6010,2002-01-01,36.698
S15,6010,2003-01-01,53.238
S15,6010,2004-01-01,50.784
S15,6010,2005-01-01,24.622
S15,6010,2006-01-01,38.389
S15,6010,2007-01-01,38.718
S15,6010,2008-01-01,36.021
S15,6010,2009-01-01,54.527
S15,6010,2010-01-01,29.635
S15,6010,2011-01-01,30.748
S15,6010,2012-01-01,43.881
S15,6010,2013-01-01,49.921
S15,6010,2014-01-01,50.044
S15,6010,2015-01-01,45.176
S15,6010,2016-01-01,55.576
S15,6010,2017-01-01,53.333
S15,6010,2018-01-01,64.017
S15,6010,2019-01-01,70.87
S15,6010,2020-01-01,51.077
S15,6010,2021-01-01,52.758
S15,6010,2022-01-01,57.053
S15,6010,2023-01-01,54.987
S15,6011,1995-01-01,1296.92338171746
S15,6011,1996-01-01,1229.1536410938
S15,6011,1997-01-01,1328.1579906112
S15,6011,1998-01-01,1176.324282096
S15,6011,1999-01-01,915.553237752
S15,6011,2000-01-01,1063.34064472033
S15,6011,2001-01-01,1218.98266258221
S15,6011,2002-01-01,1042.17754326239
S15,6011,2003-01-01,1189.46136721861
S15,6011,2004-01-01,1358.1162290174
S15,6011,2005-01-01,1357.24494287808
S15,6011,2006-01-01,1401.2288850871
S15,6011,2007-01-01,1624.42074069981
S15,6011,2008-01-01,1879.03469551775
S15,6011,2009-01-01,1819.24259581377
S15,6011,2010-01-01,1805.79591328635
S15,6011,2011-01-01,1800.78424940302
S15,6011,2012-01-01,1760.0924821137
S15,6011,2013-01-01,1910.47371935935
S15,6011,2014-01-01,2239.34938284747
S15,6011,2015-01-01,2720.07031678942
S15,6011,2016-01-01,2703.08802559917
S15,6011,2017-01-01,2674.33239129325
S15,6011,2018-01-01,2708.49410746101
S15,6011,2019-01-01,2861.62381558593
S15,6011,2020-01-01,2920.86144489996
S15,6011,2021-01-01,2809.88286307628
S15,6011,2022-01-01,2648.64537577899
S15,6011,2023-01-01,2481.29744247427
S15,P5111_N111_112G,1995-01-01,1334.09138171746
S15,P5111_N111_112G,1996-01-01,1273.5966410938
S15,P5111_N111_112G,1997-01-01,1369.9589906112
S15,P5111_N111_112G,1998-01-01,1215.773282096
S15,P5111_N111_112G,1999-01-01,944.073237752
S15,P5111_N111_112G,2000-01-01,1097.07064472033
S15,P5111_N111_112G,2001-01-01,1255.65266258221
S15,P5111_N111_112G,2002-01-01,1078.87554326239
S15,P5111_N111_112G,2003-01-01,1242.69936721861
S15,P5111_N111_112G,2004-01-01,1408.9002290174
S15,P5111_N111_112G,2005-01-01,1381.86694287808
S15,P5111_N111_112G,2006-01-01,1439.6178850871
S15,P5111_N111_112G,2007-01-01,1663.13874069981
S15,P5111_N111_112G,2008-01-01,1915.05569551775
S15,P5111_N111_112G,2009-01-01,1873.76959581377
S15,P5111_N111_112G,2010-01-01,1835.43091328635
S15,P5111_N111_112G,2011-01-01,1831.53224940302
S15,P5111_N111_112G,2012-01-01,1803.9734821137
S15,P5111_N111_112G,2013-01-01,1960.39471935935
S15,P5111_N111_112G,2014-01-01,2289.39338284747
S15,P5111_N111_112G,2015-01-01,2765.24631678942
S15,P5111_N111_112G,2016-01-01,2758.66402559917
S15,P5111_N111_112G,2017-01-01,2727.66539129325
S15,P5111_N111_112G,2018-01-01,2772.51110746101
S15,P5111_N111_112G,2019-01-01,2932.49381558593
S15,P5111_N111_112G,2020-01-01,2971.93844489996
S15,P5111_N111_112G,2021-01-01,2862.64086307628
S15,P5111_N111_112G,2022-01-01,2705.69837577899
S15,P5111_N111_112G,2023-01-01,2536.28444247427
S15,P5111_N113T117G,1995-01-01,469.753409158251
S15,P5111_N113T117G,1996-01-01,419.935108225908
S15,P5111_N113T117G,1997-01-01,342.466239692347
S15,P5111_N113T117G,1998-01-01,378.47946096298
S15,P5111_N113T117G,1999-01-01,351.799394021218
S15,P5111_N113T117G,2000-01-01,334.112775245247
S15,P5111_N113T117G,2001-01-01,355.212342834457
S15,P5111_N113T117G,2002-01-01,342.792298497169
S15,P5111_N113T117G,2003-01-01,330.671200670913
S15,P5111_N113T117G,2004-01-01,433.588818159501
S15,P5111_N113T117G,2005-01-01,587.07614292871
S15,P5111_N113T117G,2006-01-01,650.050469734814
S15,P5111_N113T117G,2007-01-01,494.920974879348
S15,P5111_N113T117G,2008-01-01,574.935414799535
S15,P5111_N113T117G,2009-01-01,473.764029013098
S15,P5111_N113T117G,2010-01-01,518.461939655493
S15,P5111_N113T117G,2011-01-01,442.140226378855
S15,P5111_N113T117G,2012-01-01,417.475500175142
S15,P5111_N113T117G,2013-01-01,434.804917659992
S15,P5111_N113T117G,2014-01-01,480.793106589162
S15,P5111_N113T117G,2015-01-01,554.282479036114
S15,P5111_N113T117G,2016-01-01,529.175020138897
S15,P5111_N113T117G,2017-01-01,539.744137822023
S15,P5111_N113T117G,2018-01-01,500.95409917994
S15,P5111_N113T117G,2019-01-01,472.838920167311
S15,P5111_N113T117G,2020-01-01,518.53063112117
S15,P5111_N113T117G,2021-01-01,445.36661418192
S15,P5111_N113T117G,2022-01-01,491.387485660807
S15,P5111_N113T117G,2023-01-01,533.394684149223
S15,P5111_N113T117G,2024-01-01,541.086456039462
