coicop,date,value
CP00,2004-12-01,96.9
CP00,2005-01-01,96.5
CP00,2005-02-01,96.8
CP00,2005-03-01,97
CP00,2005-04-01,97.8
CP00,2005-05-01,97.7
CP00,2005-06-01,97.5
CP00,2005-07-01,97
CP00,2005-08-01,97.1
CP00,2005-09-01,97.5
CP00,2005-10-01,98.3
CP00,2005-11-01,98
CP00,2005-12-01,97.9
CP00,2006-01-01,97.9
CP00,2006-02-01,98.1
CP00,2006-03-01,98
CP00,2006-04-01,98.8
CP00,2006-05-01,98.9
CP00,2006-06-01,98.9
CP00,2006-07-01,98.3
CP00,2006-08-01,98.4
CP00,2006-09-01,98.2
CP00,2006-10-01,98.5
CP00,2006-11-01,98.4
CP00,2006-12-01,98.4
CP00,2007-01-01,97.9
CP00,2007-02-01,98.1
CP00,2007-03-01,98.3
CP00,2007-04-01,99.3
CP00,2007-05-01,99.5
CP00,2007-06-01,99.6
CP00,2007-07-01,99
CP00,2007-08-01,98.9
CP00,2007-09-01,99
CP00,2007-10-01,99.8
CP00,2007-11-01,100.2
CP00,2007-12-01,100.4
CP00,2008-01-01,100.4
CP00,2008-02-01,100.4
CP00,2008-03-01,100.7
CP00,2008-04-01,101.5
CP00,2008-05-01,102.1
CP00,2008-06-01,102.4
CP00,2008-07-01,102.2
CP00,2008-08-01,102
CP00,2008-09-01,101.8
CP00,2008-10-01,102.4
CP00,2008-11-01,101.4
CP00,2008-12-01,100.8
CP00,2009-01-01,100.3
CP00,2009-02-01,100.2
CP00,2009-03-01,100
CP00,2009-04-01,100.9
CP00,2009-05-01,100.9
CP00,2009-06-01,101.1
CP00,2009-07-01,100.8
CP00,2009-08-01,100.9
CP00,2009-09-01,100.7
CP00,2009-10-01,101.3
CP00,2009-11-01,101.2
CP00,2009-12-01,100.9
CP00,2010-01-01,101.1
CP00,2010-02-01,101.1
CP00,2010-03-01,101.4
CP00,2010-04-01,102.2
CP00,2010-05-01,101.9
CP00,2010-06-01,101.6
CP00,2010-07-01,101.1
CP00,2010-08-01,101.1
CP00,2010-09-01,100.9
CP00,2010-10-01,101.5
CP00,2010-11-01,101.4
CP00,2010-12-01,101.4
CP00,2011-01-01,101.1
CP00,2011-02-01,101.6
CP00,2011-03-01,102.3
CP00,2011-04-01,102.4
CP00,2011-05-01,102.2
CP00,2011-06-01,102.2
CP00,2011-07-01,101.3
CP00,2011-08-01,100.7
CP00,2011-09-01,101.2
CP00,2011-10-01,101.2
CP00,2011-11-01,100.7
CP00,2011-12-01,101
CP00,2012-01-01,100.2
CP00,2012-02-01,100.4
CP00,2012-03-01,101.2
CP00,2012-04-01,101.3
CP00,2012-05-01,101.1
CP00,2012-06-01,100.8
CP00,2012-07-01,100.6
CP00,2012-08-01,100.3
CP00,2012-09-01,101
CP00,2012-10-01,101
CP00,2012-11-01,100.5
CP00,2012-12-01,100.7
CP00,2013-01-01,100.2
CP00,2013-02-01,100.5
CP00,2013-03-01,100.9
CP00,2013-04-01,100.9
CP00,2013-05-01,100.9
CP00,2013-06-01,101
CP00,2013-07-01,101.1
CP00,2013-08-01,100.7
CP00,2013-09-01,101.2
CP00,2013-10-01,101
CP00,2013-11-01,100.7
CP00,2013-12-01,100.9
CP00,2014-01-01,100.3
CP00,2014-02-01,100.3
CP00,2014-03-01,100.8
CP00,2014-04-01,101
CP00,2014-05-01,101.1
CP00,2014-06-01,100.9
CP00,2014-07-01,101
CP00,2014-08-01,100.7
CP00,2014-09-01,101.2
CP00,2014-10-01,101.1
CP00,2014-11-01,100.8
CP00,2014-12-01,100.9
CP00,2015-01-01,100.28
CP00,2015-02-01,99.92
CP00,2015-03-01,100.39
CP00,2015-04-01,100.12
CP00,2015-05-01,100.2
CP00,2015-06-01,100.32
CP00,2015-07-01,100.13
CP00,2015-08-01,99.59
CP00,2015-09-01,99.93
CP00,2015-10-01,99.98
CP00,2015-11-01,99.63
CP00,2015-12-01,99.51
CP00,2016-01-01,98.82
CP00,2016-02-01,98.98
CP00,2016-03-01,99.36
CP00,2016-04-01,99.59
CP00,2016-05-01,99.71
CP00,2016-06-01,99.74
CP00,2016-07-01,99.66
CP00,2016-08-01,99.63
CP00,2016-09-01,99.63
CP00,2016-10-01,99.73
CP00,2016-11-01,99.43
CP00,2016-12-01,99.35
CP00,2017-01-01,99.15
CP00,2017-02-01,99.71
CP00,2017-03-01,99.85
CP00,2017-04-01,100.31
CP00,2017-05-01,100.13
CP00,2017-06-01,100.16
CP00,2017-07-01,100.24
CP00,2017-08-01,100.17
CP00,2017-09-01,100.39
CP00,2017-10-01,100.5
CP00,2017-11-01,100.22
CP00,2017-12-01,100.45
CP00,2018-01-01,99.95
CP00,2018-02-01,100.24
CP00,2018-03-01,100.56
CP00,2018-04-01,100.76
CP00,2018-05-01,101.15
CP00,2018-06-01,101.11
CP00,2018-07-01,101.47
CP00,2018-08-01,101.46
CP00,2018-09-01,101.47
CP00,2018-10-01,101.65
CP00,2018-11-01,101.24
CP00,2018-12-01,101.24
CP00,2019-01-01,100.63
CP00,2019-02-01,100.92
CP00,2019-03-01,101.23
CP00,2019-04-01,101.85
CP00,2019-05-01,101.63
CP00,2019-06-01,101.82
CP00,2019-07-01,101.87
CP00,2019-08-01,101.94
CP00,2019-09-01,101.56
CP00,2019-10-01,101.37
CP00,2019-11-01,100.92
CP00,2019-12-01,101.17
CP00,2020-01-01,100.8
CP00,2020-02-01,100.7
CP00,2020-03-01,100.78
CP00,2020-04-01,100.87
CP00,2020-05-01,100.65
CP00,2020-06-01,100.53
CP00,2020-07-01,100.63
CP00,2020-08-01,100.54
CP00,2020-09-01,100.44
CP00,2020-10-01,100.45
CP00,2020-11-01,100.09
CP00,2020-12-01,100.19
CP00,2021-01-01,100.24
CP00,2021-02-01,100.32
CP00,2021-03-01,100.53
CP00,2021-04-01,100.79
CP00,2021-05-01,100.99
CP00,2021-06-01,101
CP00,2021-07-01,101.12
CP00,2021-08-01,101.33
CP00,2021-09-01,101.29
CP00,2021-10-01,101.71
CP00,2021-11-01,101.57
CP00,2021-12-01,101.53
CP00,2022-01-01,101.69
CP00,2022-02-01,102.25
CP00,2022-03-01,102.73
CP00,2022-04-01,103.15
CP00,2022-05-01,103.72
CP00,2022-06-01,104.27
CP00,2022-07-01,104.42
CP00,2022-08-01,104.72
CP00,2022-09-01,104.53
CP00,2022-10-01,104.62
CP00,2022-11-01,104.49
CP00,2022-12-01,104.3
CP00,2023-01-01,104.99
CP00,2023-02-01,105.54
CP00,2023-03-01,105.53
CP00,2023-04-01,105.8
CP00,2023-05-01,106.03
CP00,2023-06-01,106.1
CP00,2023-07-01,106.58
CP00,2023-08-01,106.75
CP00,2023-09-01,106.57
CP00,2023-10-01,106.72
CP00,2023-11-01,106.17
CP00,2023-12-01,106.44
CP00,2024-01-01,106.57
CP00,2024-02-01,106.8
CP00,2024-03-01,106.74
CP00,2024-04-01,107.3
CP00,2024-05-01,107.58
CP00,2024-06-01,107.44
CP00,2024-07-01,107.89
CP00,2024-08-01,107.86
CP00,2024-09-01,107.5
CP00,2024-10-01,107.48
CP00,2024-11-01,106.92
CP00,2024-12-01,106.86
CP00,2025-01-01,106.8
CP00,2025-02-01,106.95
CP00,2025-03-01,106.86
CP00,2025-04-01,107.61
CP00,2025-05-01,107.4
CP00,2025-06-01,107.66
CP00,2025-07-01,108.02
CP00,2025-08-01,107.91
CP00,2025-09-01,107.55
CP00,2025-10-01,107.55
CP00,2025-11-01,106.91
CP00,2025-12-01,107.07
CP01,2004-12-01,100.8
CP01,2005-01-01,101
CP01,2005-02-01,101.6
CP01,2005-03-01,101.5
CP01,2005-04-01,101.4
CP01,2005-05-01,101.1
CP01,2005-06-01,101.3
CP01,2005-07-01,100.3
CP01,2005-08-01,100
CP01,2005-09-01,99.9
CP01,2005-10-01,99.4
CP01,2005-11-01,99.3
CP01,2005-12-01,99.2
CP01,2006-01-01,100
CP01,2006-02-01,100.6
CP01,2006-03-01,100.2
CP01,2006-04-01,100.2
CP01,2006-05-01,100.3
CP01,2006-06-01,100.7
CP01,2006-07-01,100.5
CP01,2006-08-01,100.8
CP01,2006-09-01,101.8
CP01,2006-10-01,100.3
CP01,2006-11-01,99.9
CP01,2006-12-01,99.9
CP01,2007-01-01,100.8
CP01,2007-02-01,100.7
CP01,2007-03-01,100.2
CP01,2007-04-01,100.9
CP01,2007-05-01,100.5
CP01,2007-06-01,101
CP01,2007-07-01,100.7
CP01,2007-08-01,100.8
CP01,2007-09-01,101
CP01,2007-10-01,101.3
CP01,2007-11-01,101.4
CP01,2007-12-01,101.8
CP01,2008-01-01,102.7
CP01,2008-02-01,102.8
CP01,2008-03-01,103
CP01,2008-04-01,103.1
CP01,2008-05-01,103.7
CP01,2008-06-01,104.3
CP01,2008-07-01,104.4
CP01,2008-08-01,104.2
CP01,2008-09-01,105.1
CP01,2008-10-01,105.4
CP01,2008-11-01,104.9
CP01,2008-12-01,105
CP01,2009-01-01,104.8
CP01,2009-02-01,105.1
CP01,2009-03-01,104.8
CP01,2009-04-01,104.4
CP01,2009-05-01,104.3
CP01,2009-06-01,104.6
CP01,2009-07-01,104.2
CP01,2009-08-01,103.3
CP01,2009-09-01,103.6
CP01,2009-10-01,102.3
CP01,2009-11-01,102.4
CP01,2009-12-01,102.4
CP01,2010-01-01,102.9
CP01,2010-02-01,103.4
CP01,2010-03-01,103.6
CP01,2010-04-01,103.7
CP01,2010-05-01,103
CP01,2010-06-01,103
CP01,2010-07-01,102.5
CP01,2010-08-01,102.8
CP01,2010-09-01,102.5
CP01,2010-10-01,101.4
CP01,2010-11-01,101.7
CP01,2010-12-01,101.1
CP01,2011-01-01,99.8
CP01,2011-02-01,99.9
CP01,2011-03-01,100.2
CP01,2011-04-01,99.4
CP01,2011-05-01,100.1
CP01,2011-06-01,100.5
CP01,2011-07-01,99.7
CP01,2011-08-01,99.2
CP01,2011-09-01,98.2
CP01,2011-10-01,97.9
CP01,2011-11-01,96.6
CP01,2011-12-01,96.9
CP01,2012-01-01,97.5
CP01,2012-02-01,97.7
CP01,2012-03-01,98.2
CP01,2012-04-01,97.7
CP01,2012-05-01,98.8
CP01,2012-06-01,98.9
CP01,2012-07-01,98.9
CP01,2012-08-01,98.3
CP01,2012-09-01,98.1
CP01,2012-10-01,98.5
CP01,2012-11-01,97.6
CP01,2012-12-01,97.9
CP01,2013-01-01,98.6
CP01,2013-02-01,98.4
CP01,2013-03-01,98.9
CP01,2013-04-01,99
CP01,2013-05-01,99.8
CP01,2013-06-01,100.2
CP01,2013-07-01,101.2
CP01,2013-08-01,100.1
CP01,2013-09-01,100.4
CP01,2013-10-01,99.6
CP01,2013-11-01,99.5
CP01,2013-12-01,99.4
CP01,2014-01-01,99.7
CP01,2014-02-01,99.5
CP01,2014-03-01,100.1
CP01,2014-04-01,99.6
CP01,2014-05-01,100.7
CP01,2014-06-01,101.2
CP01,2014-07-01,101.4
CP01,2014-08-01,101.5
CP01,2014-09-01,101.7
CP01,2014-10-01,100.4
CP01,2014-11-01,100.4
CP01,2014-12-01,99.8
CP01,2015-01-01,100.39
CP01,2015-02-01,99.72
CP01,2015-03-01,99.4
CP01,2015-04-01,99.47
CP01,2015-05-01,100.11
CP01,2015-06-01,100.74
CP01,2015-07-01,100.17
CP01,2015-08-01,100.73
CP01,2015-09-01,100.64
CP01,2015-10-01,100.08
CP01,2015-11-01,99.88
CP01,2015-12-01,98.66
CP01,2016-01-01,98.81
CP01,2016-02-01,99.29
CP01,2016-03-01,99.38
CP01,2016-04-01,99.49
CP01,2016-05-01,100.13
CP01,2016-06-01,101.33
CP01,2016-07-01,101.42
CP01,2016-08-01,101.96
CP01,2016-09-01,101.15
CP01,2016-10-01,100.83
CP01,2016-11-01,100.66
CP01,2016-12-01,99.57
CP01,2017-01-01,99.77
CP01,2017-02-01,101.16
CP01,2017-03-01,99.94
CP01,2017-04-01,99.52
CP01,2017-05-01,101
CP01,2017-06-01,100.93
CP01,2017-07-01,101.81
CP01,2017-08-01,101.62
CP01,2017-09-01,101.66
CP01,2017-10-01,101.39
CP01,2017-11-01,101.21
CP01,2017-12-01,100.4
CP01,2018-01-01,101.05
CP01,2018-02-01,100.82
CP01,2018-03-01,101.11
CP01,2018-04-01,101.1
CP01,2018-05-01,102.77
CP01,2018-06-01,103.16
CP01,2018-07-01,103.46
CP01,2018-08-01,102.87
CP01,2018-09-01,103.38
CP01,2018-10-01,103.18
CP01,2018-11-01,102.45
CP01,2018-12-01,101.97
CP01,2019-01-01,102.18
CP01,2019-02-01,102.52
CP01,2019-03-01,102.3
CP01,2019-04-01,102.35
CP01,2019-05-01,103
CP01,2019-06-01,103.36
CP01,2019-07-01,103.1
CP01,2019-08-01,103.28
CP01,2019-09-01,103.06
CP01,2019-10-01,102.05
CP01,2019-11-01,101.34
CP01,2019-12-01,101.32
CP01,2020-01-01,101.01
CP01,2020-02-01,101.15
CP01,2020-03-01,101.87
CP01,2020-04-01,102.66
CP01,2020-05-01,103.43
CP01,2020-06-01,104.41
CP01,2020-07-01,103.85
CP01,2020-08-01,103.44
CP01,2020-09-01,103.51
CP01,2020-10-01,102.66
CP01,2020-11-01,101.62
CP01,2020-12-01,100.64
CP01,2021-01-01,100.45
CP01,2021-02-01,100.35
CP01,2021-03-01,100.01
CP01,2021-04-01,100.3
CP01,2021-05-01,100.86
CP01,2021-06-01,101.08
CP01,2021-07-01,101.37
CP01,2021-08-01,101.88
CP01,2021-09-01,101.38
CP01,2021-10-01,100.55
CP01,2021-11-01,99.78
CP01,2021-12-01,99.19
CP01,2022-01-01,98.94
CP01,2022-02-01,99.25
CP01,2022-03-01,100.07
CP01,2022-04-01,100.07
CP01,2022-05-01,101.94
CP01,2022-06-01,103
CP01,2022-07-01,103.29
CP01,2022-08-01,104.37
CP01,2022-09-01,104.33
CP01,2022-10-01,104.72
CP01,2022-11-01,104.16
CP01,2022-12-01,103.24
CP01,2023-01-01,104.68
CP01,2023-02-01,105.79
CP01,2023-03-01,106.53
CP01,2023-04-01,105.67
CP01,2023-05-01,107.45
CP01,2023-06-01,108.48
CP01,2023-07-01,108.99
CP01,2023-08-01,108.83
CP01,2023-09-01,108.38
CP01,2023-10-01,108.21
CP01,2023-11-01,107.68
CP01,2023-12-01,106.8
CP01,2024-01-01,107.28
CP01,2024-02-01,106.65
CP01,2024-03-01,105.99
CP01,2024-04-01,106.57
CP01,2024-05-01,107.6
CP01,2024-06-01,108.02
CP01,2024-07-01,109.07
CP01,2024-08-01,108.77
CP01,2024-09-01,108.68
CP01,2024-10-01,107.93
CP01,2024-11-01,106.64
CP01,2024-12-01,105.66
CP01,2025-01-01,105.86
CP01,2025-02-01,105.77
CP01,2025-03-01,105.61
CP01,2025-04-01,105.5
CP01,2025-05-01,107.14
CP01,2025-06-01,107.73
CP01,2025-07-01,108.05
CP01,2025-08-01,107.8
CP01,2025-09-01,107.46
CP01,2025-10-01,106.98
CP01,2025-11-01,106.03
CP01,2025-12-01,104.7
CP02,2004-12-01,80.2
CP02,2005-01-01,80.2
CP02,2005-02-01,80.2
CP02,2005-03-01,83.7
CP02,2005-04-01,83.7
CP02,2005-05-01,83.7
CP02,2005-06-01,83.8
CP02,2005-07-01,83.8
CP02,2005-08-01,83.8
CP02,2005-09-01,84.3
CP02,2005-10-01,84.3
CP02,2005-11-01,84.3
CP02,2005-12-01,84.3
CP02,2006-01-01,84.2
CP02,2006-02-01,84.2
CP02,2006-03-01,84.3
CP02,2006-04-01,84.3
CP02,2006-05-01,84.3
CP02,2006-06-01,84.3
CP02,2006-07-01,84.3
CP02,2006-08-01,84.3
CP02,2006-09-01,84.3
CP02,2006-10-01,84.3
CP02,2006-11-01,84.3
CP02,2006-12-01,84.5
CP02,2007-01-01,84.5
CP02,2007-02-01,84.5
CP02,2007-03-01,85.7
CP02,2007-04-01,85.7
CP02,2007-05-01,85.7
CP02,2007-06-01,86.4
CP02,2007-07-01,86.4
CP02,2007-08-01,86.4
CP02,2007-09-01,86.7
CP02,2007-10-01,86.7
CP02,2007-11-01,86.7
CP02,2007-12-01,87.1
CP02,2008-01-01,87.3
CP02,2008-02-01,87.7
CP02,2008-03-01,88
CP02,2008-04-01,88.3
CP02,2008-05-01,88.3
CP02,2008-06-01,88.2
CP02,2008-07-01,88.4
CP02,2008-08-01,88.6
CP02,2008-09-01,89.1
CP02,2008-10-01,89.2
CP02,2008-11-01,86.8
CP02,2008-12-01,89.4
CP02,2009-01-01,89.7
CP02,2009-02-01,89.6
CP02,2009-03-01,89.9
CP02,2009-04-01,89.8
CP02,2009-05-01,89.8
CP02,2009-06-01,91.1
CP02,2009-07-01,91.4
CP02,2009-08-01,91.3
CP02,2009-09-01,91.6
CP02,2009-10-01,91.5
CP02,2009-11-01,91.5
CP02,2009-12-01,91.2
CP02,2010-01-01,91.7
CP02,2010-02-01,91.8
CP02,2010-03-01,89.3
CP02,2010-04-01,92.1
CP02,2010-05-01,91.9
CP02,2010-06-01,91.5
CP02,2010-07-01,91.8
CP02,2010-08-01,91.9
CP02,2010-09-01,92.5
CP02,2010-10-01,92.6
CP02,2010-11-01,92.5
CP02,2010-12-01,92.5
CP02,2011-01-01,92.9
CP02,2011-02-01,92.8
CP02,2011-03-01,94.1
CP02,2011-04-01,94.1
CP02,2011-05-01,94.1
CP02,2011-06-01,94.6
CP02,2011-07-01,94.6
CP02,2011-08-01,94.7
CP02,2011-09-01,92.7
CP02,2011-10-01,94.9
CP02,2011-11-01,95.1
CP02,2011-12-01,94.7
CP02,2012-01-01,95.2
CP02,2012-02-01,95.1
CP02,2012-03-01,95.6
CP02,2012-04-01,95.2
CP02,2012-05-01,95.2
CP02,2012-06-01,96.1
CP02,2012-07-01,96.1
CP02,2012-08-01,95.8
CP02,2012-09-01,96.4
CP02,2012-10-01,96.1
CP02,2012-11-01,96.4
CP02,2012-12-01,96
CP02,2013-01-01,96.9
CP02,2013-02-01,96.6
CP02,2013-03-01,97.5
CP02,2013-04-01,97.7
CP02,2013-05-01,97.3
CP02,2013-06-01,98.2
CP02,2013-07-01,98.1
CP02,2013-08-01,98.2
CP02,2013-09-01,98.6
CP02,2013-10-01,98
CP02,2013-11-01,98.7
CP02,2013-12-01,97.9
CP02,2014-01-01,98.5
CP02,2014-02-01,98.8
CP02,2014-03-01,98.7
CP02,2014-04-01,99
CP02,2014-05-01,99.3
CP02,2014-06-01,99.6
CP02,2014-07-01,99.5
CP02,2014-08-01,99.4
CP02,2014-09-01,99.7
CP02,2014-10-01,99.7
CP02,2014-11-01,99.8
CP02,2014-12-01,99.5
CP02,2015-01-01,100.21
CP02,2015-02-01,99.69
CP02,2015-03-01,100.29
CP02,2015-04-01,99.69
CP02,2015-05-01,100.07
CP02,2015-06-01,99.85
CP02,2015-07-01,100.27
CP02,2015-08-01,100.1
CP02,2015-09-01,100.11
CP02,2015-10-01,100.12
CP02,2015-11-01,100.1
CP02,2015-12-01,99.49
CP02,2016-01-01,99.91
CP02,2016-02-01,100.34
CP02,2016-03-01,100.32
CP02,2016-04-01,100.36
CP02,2016-05-01,99.87
CP02,2016-06-01,99.6
CP02,2016-07-01,99.61
CP02,2016-08-01,100.48
CP02,2016-09-01,99.59
CP02,2016-10-01,100.07
CP02,2016-11-01,100.3
CP02,2016-12-01,99.56
CP02,2017-01-01,99.84
CP02,2017-02-01,100.85
CP02,2017-03-01,99.87
CP02,2017-04-01,100.6
CP02,2017-05-01,100.77
CP02,2017-06-01,100.51
CP02,2017-07-01,100.36
CP02,2017-08-01,100.68
CP02,2017-09-01,100.49
CP02,2017-10-01,100.58
CP02,2017-11-01,100.97
CP02,2017-12-01,100.12
CP02,2018-01-01,100.86
CP02,2018-02-01,101.23
CP02,2018-03-01,100.3
CP02,2018-04-01,101.35
CP02,2018-05-01,101.34
CP02,2018-06-01,101.04
CP02,2018-07-01,101.68
CP02,2018-08-01,101.15
CP02,2018-09-01,101.17
CP02,2018-10-01,101.61
CP02,2018-11-01,101.29
CP02,2018-12-01,100.55
CP02,2019-01-01,101.79
CP02,2019-02-01,101.91
CP02,2019-03-01,101.35
CP02,2019-04-01,101.39
CP02,2019-05-01,101.64
CP02,2019-06-01,101.74
CP02,2019-07-01,102.58
CP02,2019-08-01,102.35
CP02,2019-09-01,102.75
CP02,2019-10-01,102.25
CP02,2019-11-01,101.66
CP02,2019-12-01,101.88
CP02,2020-01-01,102.55
CP02,2020-02-01,102.4
CP02,2020-03-01,102.83
CP02,2020-04-01,102.37
CP02,2020-05-01,102.77
CP02,2020-06-01,103.1
CP02,2020-07-01,103.2
CP02,2020-08-01,103.23
CP02,2020-09-01,103.36
CP02,2020-10-01,103.06
CP02,2020-11-01,103.41
CP02,2020-12-01,102.69
CP02,2021-01-01,103
CP02,2021-02-01,102.8
CP02,2021-03-01,102.68
CP02,2021-04-01,102.91
CP02,2021-05-01,102.92
CP02,2021-06-01,103.13
CP02,2021-07-01,102.56
CP02,2021-08-01,104.42
CP02,2021-09-01,103.09
CP02,2021-10-01,103.49
CP02,2021-11-01,104.43
CP02,2021-12-01,103.49
CP02,2022-01-01,103.9
CP02,2022-02-01,104.39
CP02,2022-03-01,103.79
CP02,2022-04-01,103.92
CP02,2022-05-01,105.74
CP02,2022-06-01,104.5
CP02,2022-07-01,104.24
CP02,2022-08-01,106.23
CP02,2022-09-01,105
CP02,2022-10-01,105.08
CP02,2022-11-01,105.89
CP02,2022-12-01,105.29
CP02,2023-01-01,106.32
CP02,2023-02-01,106.81
CP02,2023-03-01,106.06
CP02,2023-04-01,106.07
CP02,2023-05-01,106.73
CP02,2023-06-01,106.36
CP02,2023-07-01,106.25
CP02,2023-08-01,106.58
CP02,2023-09-01,106.14
CP02,2023-10-01,107.09
CP02,2023-11-01,106.22
CP02,2023-12-01,106.2
CP02,2024-01-01,107.04
CP02,2024-02-01,107.37
CP02,2024-03-01,107.01
CP02,2024-04-01,108.25
CP02,2024-05-01,106.51
CP02,2024-06-01,106.84
CP02,2024-07-01,107.4
CP02,2024-08-01,107.92
CP02,2024-09-01,108.13
CP02,2024-10-01,107.34
CP02,2024-11-01,106.5
CP02,2024-12-01,106.33
CP02,2025-01-01,107.77
CP02,2025-02-01,107.72
CP02,2025-03-01,107.1
CP02,2025-04-01,108.08
CP02,2025-05-01,108.18
CP02,2025-06-01,108.53
CP02,2025-07-01,108.67
CP02,2025-08-01,108.43
CP02,2025-09-01,108.28
CP02,2025-10-01,108.3
CP02,2025-11-01,108.04
CP02,2025-12-01,108.31
CP03,2004-12-01,96.1
CP03,2005-01-01,84.1
CP03,2005-02-01,84.1
CP03,2005-03-01,84.1
CP03,2005-04-01,98.2
CP03,2005-05-01,98.2
CP03,2005-06-01,98.2
CP03,2005-07-01,80.9
CP03,2005-08-01,80.9
CP03,2005-09-01,80.9
CP03,2005-10-01,97.7
CP03,2005-11-01,97.7
CP03,2005-12-01,97.7
CP03,2006-01-01,85
CP03,2006-02-01,85
CP03,2006-03-01,85
CP03,2006-04-01,99.9
CP03,2006-05-01,99.9
CP03,2006-06-01,99.9
CP03,2006-07-01,83.2
CP03,2006-08-01,83.2
CP03,2006-09-01,83.2
CP03,2006-10-01,99.7
CP03,2006-11-01,99.7
CP03,2006-12-01,99.7
CP03,2007-01-01,81.9
CP03,2007-02-01,81.9
CP03,2007-03-01,81.9
CP03,2007-04-01,98.9
CP03,2007-05-01,98.9
CP03,2007-06-01,98.9
CP03,2007-07-01,85.8
CP03,2007-08-01,85.8
CP03,2007-09-01,85.8
CP03,2007-10-01,102.3
CP03,2007-11-01,102.3
CP03,2007-12-01,102.3
CP03,2008-01-01,87.6
CP03,2008-02-01,87.6
CP03,2008-03-01,87.6
CP03,2008-04-01,103.7
CP03,2008-05-01,103.7
CP03,2008-06-01,101.5
CP03,2008-07-01,88.9
CP03,2008-08-01,88.9
CP03,2008-09-01,88.9
CP03,2008-10-01,104.4
CP03,2008-11-01,104.4
CP03,2008-12-01,103.1
CP03,2009-01-01,90.6
CP03,2009-02-01,90.6
CP03,2009-03-01,90.6
CP03,2009-04-01,106.6
CP03,2009-05-01,106.6
CP03,2009-06-01,102
CP03,2009-07-01,91.1
CP03,2009-08-01,91.1
CP03,2009-09-01,91.1
CP03,2009-10-01,107
CP03,2009-11-01,107
CP03,2009-12-01,104.2
CP03,2010-01-01,91.9
CP03,2010-02-01,91.9
CP03,2010-03-01,91.9
CP03,2010-04-01,107.9
CP03,2010-05-01,107.9
CP03,2010-06-01,103
CP03,2010-07-01,92.1
CP03,2010-08-01,92.1
CP03,2010-09-01,92.1
CP03,2010-10-01,107.3
CP03,2010-11-01,107.3
CP03,2010-12-01,106.5
CP03,2011-01-01,92.5
CP03,2011-02-01,94.9
CP03,2011-03-01,106
CP03,2011-04-01,108.7
CP03,2011-05-01,109.1
CP03,2011-06-01,106.3
CP03,2011-07-01,90.4
CP03,2011-08-01,88.9
CP03,2011-09-01,102
CP03,2011-10-01,105
CP03,2011-11-01,105.1
CP03,2011-12-01,100
CP03,2012-01-01,86.9
CP03,2012-02-01,87.1
CP03,2012-03-01,97.7
CP03,2012-04-01,100.9
CP03,2012-05-01,102.3
CP03,2012-06-01,98.1
CP03,2012-07-01,85.9
CP03,2012-08-01,84
CP03,2012-09-01,96.8
CP03,2012-10-01,100.9
CP03,2012-11-01,100.3
CP03,2012-12-01,96.9
CP03,2013-01-01,83.1
CP03,2013-02-01,88.5
CP03,2013-03-01,95.5
CP03,2013-04-01,97.2
CP03,2013-05-01,98.7
CP03,2013-06-01,97.3
CP03,2013-07-01,86.2
CP03,2013-08-01,84.5
CP03,2013-09-01,93.3
CP03,2013-10-01,97.4
CP03,2013-11-01,97.5
CP03,2013-12-01,95.3
CP03,2014-01-01,83.2
CP03,2014-02-01,86.1
CP03,2014-03-01,96.3
CP03,2014-04-01,99.5
CP03,2014-05-01,101.7
CP03,2014-06-01,98.5
CP03,2014-07-01,88.7
CP03,2014-08-01,90
CP03,2014-09-01,98
CP03,2014-10-01,104.1
CP03,2014-11-01,103.8
CP03,2014-12-01,101.2
CP03,2015-01-01,90.69
CP03,2015-02-01,91.96
CP03,2015-03-01,100.9
CP03,2015-04-01,103.55
CP03,2015-05-01,104.08
CP03,2015-06-01,102.73
CP03,2015-07-01,91.93
CP03,2015-08-01,92.57
CP03,2015-09-01,101.79
CP03,2015-10-01,107.86
CP03,2015-11-01,106.51
CP03,2015-12-01,105.44
CP03,2016-01-01,94.56
CP03,2016-02-01,98.57
CP03,2016-03-01,104.99
CP03,2016-04-01,110.64
CP03,2016-05-01,110.81
CP03,2016-06-01,108.19
CP03,2016-07-01,96.79
CP03,2016-08-01,101.83
CP03,2016-09-01,108.18
CP03,2016-10-01,112.04
CP03,2016-11-01,110.74
CP03,2016-12-01,107.87
CP03,2017-01-01,97.03
CP03,2017-02-01,105.35
CP03,2017-03-01,115.7
CP03,2017-04-01,119.8
CP03,2017-05-01,120.03
CP03,2017-06-01,116.75
CP03,2017-07-01,104.68
CP03,2017-08-01,107.82
CP03,2017-09-01,115.71
CP03,2017-10-01,118.7
CP03,2017-11-01,117.81
CP03,2017-12-01,119.17
CP03,2018-01-01,106.11
CP03,2018-02-01,112.35
CP03,2018-03-01,118.11
CP03,2018-04-01,119.05
CP03,2018-05-01,119.34
CP03,2018-06-01,116.02
CP03,2018-07-01,105.76
CP03,2018-08-01,111.54
CP03,2018-09-01,116.27
CP03,2018-10-01,118.19
CP03,2018-11-01,116.62
CP03,2018-12-01,119.42
CP03,2019-01-01,106.91
CP03,2019-02-01,112.75
CP03,2019-03-01,118.8
CP03,2019-04-01,121.29
CP03,2019-05-01,122.13
CP03,2019-06-01,120.1
CP03,2019-07-01,107.93
CP03,2019-08-01,111.33
CP03,2019-09-01,115.9
CP03,2019-10-01,117.38
CP03,2019-11-01,118.2
CP03,2019-12-01,117.61
CP03,2020-01-01,106.57
CP03,2020-02-01,109.35
CP03,2020-03-01,114.08
CP03,2020-04-01,113.76
CP03,2020-05-01,115.08
CP03,2020-06-01,112.42
CP03,2020-07-01,102.52
CP03,2020-08-01,105.07
CP03,2020-09-01,110.18
CP03,2020-10-01,112.18
CP03,2020-11-01,112.12
CP03,2020-12-01,110.3
CP03,2021-01-01,102.94
CP03,2021-02-01,105.27
CP03,2021-03-01,109.98
CP03,2021-04-01,112.02
CP03,2021-05-01,112.49
CP03,2021-06-01,110.42
CP03,2021-07-01,102.37
CP03,2021-08-01,104.22
CP03,2021-09-01,107.5
CP03,2021-10-01,110.71
CP03,2021-11-01,112.32
CP03,2021-12-01,111.1
CP03,2022-01-01,102.76
CP03,2022-02-01,106.22
CP03,2022-03-01,110.76
CP03,2022-04-01,112.99
CP03,2022-05-01,114.58
CP03,2022-06-01,113.36
CP03,2022-07-01,104.44
CP03,2022-08-01,108.12
CP03,2022-09-01,112.1
CP03,2022-10-01,114.25
CP03,2022-11-01,114.32
CP03,2022-12-01,113.55
CP03,2023-01-01,106.31
CP03,2023-02-01,110.21
CP03,2023-03-01,114.34
CP03,2023-04-01,116.27
CP03,2023-05-01,116.93
CP03,2023-06-01,114.92
CP03,2023-07-01,107.57
CP03,2023-08-01,110.96
CP03,2023-09-01,113.92
CP03,2023-10-01,115.93
CP03,2023-11-01,116.19
CP03,2023-12-01,115.54
CP03,2024-01-01,106.52
CP03,2024-02-01,110.56
CP03,2024-03-01,114.13
CP03,2024-04-01,115.27
CP03,2024-05-01,115.75
CP03,2024-06-01,112.73
CP03,2024-07-01,105.6
CP03,2024-08-01,108.13
CP03,2024-09-01,112.34
CP03,2024-10-01,114.57
CP03,2024-11-01,114.36
CP03,2024-12-01,113.91
CP03,2025-01-01,106.5
CP03,2025-02-01,109.83
CP03,2025-03-01,113.74
CP03,2025-04-01,114.63
CP03,2025-05-01,115.03
CP03,2025-06-01,113.58
CP03,2025-07-01,105.78
CP03,2025-08-01,110.42
CP03,2025-09-01,112.21
CP03,2025-10-01,114.16
CP03,2025-11-01,113.98
CP03,2025-12-01,111.91
CP04,2004-12-01,85.1
CP04,2005-01-01,84.5
CP04,2005-02-01,84.9
CP04,2005-03-01,85.7
CP04,2005-04-01,86.2
CP04,2005-05-01,85.6
CP04,2005-06-01,85.8
CP04,2005-07-01,86.7
CP04,2005-08-01,87
CP04,2005-09-01,88.3
CP04,2005-10-01,88.8
CP04,2005-11-01,88.2
CP04,2005-12-01,88
CP04,2006-01-01,88.4
CP04,2006-02-01,88.8
CP04,2006-03-01,88.9
CP04,2006-04-01,89.4
CP04,2006-05-01,89.5
CP04,2006-06-01,89.4
CP04,2006-07-01,89.9
CP04,2006-08-01,90
CP04,2006-09-01,89.6
CP04,2006-10-01,89.7
CP04,2006-11-01,89.6
CP04,2006-12-01,89.7
CP04,2007-01-01,89.3
CP04,2007-02-01,89.7
CP04,2007-03-01,89.9
CP04,2007-04-01,90.7
CP04,2007-05-01,91
CP04,2007-06-01,91.1
CP04,2007-07-01,91.4
CP04,2007-08-01,91.3
CP04,2007-09-01,91.8
CP04,2007-10-01,92.1
CP04,2007-11-01,93.2
CP04,2007-12-01,93.5
CP04,2008-01-01,94.2
CP04,2008-02-01,94.2
CP04,2008-03-01,95
CP04,2008-04-01,95.1
CP04,2008-05-01,97.6
CP04,2008-06-01,98.7
CP04,2008-07-01,99.1
CP04,2008-08-01,97.8
CP04,2008-09-01,97.4
CP04,2008-10-01,97.4
CP04,2008-11-01,96.1
CP04,2008-12-01,94.1
CP04,2009-01-01,93.7
CP04,2009-02-01,93.6
CP04,2009-03-01,92.6
CP04,2009-04-01,92.9
CP04,2009-05-01,93.4
CP04,2009-06-01,94.4
CP04,2009-07-01,94
CP04,2009-08-01,94.5
CP04,2009-09-01,94
CP04,2009-10-01,94.7
CP04,2009-11-01,94.7
CP04,2009-12-01,94.4
CP04,2010-01-01,95.7
CP04,2010-02-01,95.8
CP04,2010-03-01,96.3
CP04,2010-04-01,96.7
CP04,2010-05-01,97
CP04,2010-06-01,96.8
CP04,2010-07-01,96.5
CP04,2010-08-01,96.2
CP04,2010-09-01,96.1
CP04,2010-10-01,96.6
CP04,2010-11-01,97.2
CP04,2010-12-01,97.2
CP04,2011-01-01,97.9
CP04,2011-02-01,98.9
CP04,2011-03-01,99.6
CP04,2011-04-01,99.8
CP04,2011-05-01,99.2
CP04,2011-06-01,99
CP04,2011-07-01,98.8
CP04,2011-08-01,98.4
CP04,2011-09-01,98.9
CP04,2011-10-01,99.1
CP04,2011-11-01,99.8
CP04,2011-12-01,100
CP04,2012-01-01,99.8
CP04,2012-02-01,100.2
CP04,2012-03-01,100.5
CP04,2012-04-01,100.3
CP04,2012-05-01,99.9
CP04,2012-06-01,99.6
CP04,2012-07-01,99.7
CP04,2012-08-01,100.1
CP04,2012-09-01,100.3
CP04,2012-10-01,100.3
CP04,2012-11-01,99.7
CP04,2012-12-01,99.6
CP04,2013-01-01,99.6
CP04,2013-02-01,99.9
CP04,2013-03-01,99.7
CP04,2013-04-01,99.5
CP04,2013-05-01,99.6
CP04,2013-06-01,99.7
CP04,2013-07-01,100
CP04,2013-08-01,100.3
CP04,2013-09-01,100.6
CP04,2013-10-01,100.4
CP04,2013-11-01,100.4
CP04,2013-12-01,100.7
CP04,2014-01-01,101
CP04,2014-02-01,101
CP04,2014-03-01,100.9
CP04,2014-04-01,101
CP04,2014-05-01,101
CP04,2014-06-01,101.2
CP04,2014-07-01,101.1
CP04,2014-08-01,101.4
CP04,2014-09-01,101.4
CP04,2014-10-01,101.2
CP04,2014-11-01,100.9
CP04,2014-12-01,100.3
CP04,2015-01-01,100.08
CP04,2015-02-01,100.01
CP04,2015-03-01,100.26
CP04,2015-04-01,100.1
CP04,2015-05-01,100.4
CP04,2015-06-01,100.33
CP04,2015-07-01,100.19
CP04,2015-08-01,99.88
CP04,2015-09-01,99.92
CP04,2015-10-01,99.86
CP04,2015-11-01,99.84
CP04,2015-12-01,99.11
CP04,2016-01-01,99.21
CP04,2016-02-01,99.15
CP04,2016-03-01,99.32
CP04,2016-04-01,99.38
CP04,2016-05-01,99.69
CP04,2016-06-01,99.88
CP04,2016-07-01,99.82
CP04,2016-08-01,99.68
CP04,2016-09-01,99.87
CP04,2016-10-01,100.14
CP04,2016-11-01,100.26
CP04,2016-12-01,100.59
CP04,2017-01-01,100.87
CP04,2017-02-01,100.71
CP04,2017-03-01,100.63
CP04,2017-04-01,100.77
CP04,2017-05-01,100.82
CP04,2017-06-01,100.76
CP04,2017-07-01,100.84
CP04,2017-08-01,101.16
CP04,2017-09-01,101.38
CP04,2017-10-01,101.56
CP04,2017-11-01,101.55
CP04,2017-12-01,101.7
CP04,2018-01-01,102.44
CP04,2018-02-01,102.1
CP04,2018-03-01,102.17
CP04,2018-04-01,102.43
CP04,2018-05-01,102.67
CP04,2018-06-01,102.71
CP04,2018-07-01,102.79
CP04,2018-08-01,102.87
CP04,2018-09-01,103.05
CP04,2018-10-01,103.6
CP04,2018-11-01,103.6
CP04,2018-12-01,102.94
CP04,2019-01-01,102.76
CP04,2019-02-01,102.99
CP04,2019-03-01,103.16
CP04,2019-04-01,103.15
CP04,2019-05-01,103.38
CP04,2019-06-01,103.04
CP04,2019-07-01,103.26
CP04,2019-08-01,103.2
CP04,2019-09-01,103.36
CP04,2019-10-01,103.21
CP04,2019-11-01,103.39
CP04,2019-12-01,103.47
CP04,2020-01-01,103.48
CP04,2020-02-01,103.15
CP04,2020-03-01,102.87
CP04,2020-04-01,102.71
CP04,2020-05-01,102.59
CP04,2020-06-01,102.72
CP04,2020-07-01,102.83
CP04,2020-08-01,102.64
CP04,2020-09-01,102.58
CP04,2020-10-01,102.57
CP04,2020-11-01,102.51
CP04,2020-12-01,102.78
CP04,2021-01-01,103.03
CP04,2021-02-01,103.39
CP04,2021-03-01,103.75
CP04,2021-04-01,103.74
CP04,2021-05-01,104.17
CP04,2021-06-01,104.37
CP04,2021-07-01,104.57
CP04,2021-08-01,104.64
CP04,2021-09-01,104.86
CP04,2021-10-01,105.7
CP04,2021-11-01,105.95
CP04,2021-12-01,105.84
CP04,2022-01-01,107.09
CP04,2022-02-01,107.53
CP04,2022-03-01,108.01
CP04,2022-04-01,108.56
CP04,2022-05-01,109.11
CP04,2022-06-01,109.57
CP04,2022-07-01,109.86
CP04,2022-08-01,110.16
CP04,2022-09-01,109.97
CP04,2022-10-01,110.95
CP04,2022-11-01,110.97
CP04,2022-12-01,110.77
CP04,2023-01-01,113.39
CP04,2023-02-01,113.39
CP04,2023-03-01,113.32
CP04,2023-04-01,113.16
CP04,2023-05-01,113.04
CP04,2023-06-01,113.11
CP04,2023-07-01,113.24
CP04,2023-08-01,113.68
CP04,2023-09-01,113.88
CP04,2023-10-01,114.07
CP04,2023-11-01,114.69
CP04,2023-12-01,114.65
CP04,2024-01-01,116.31
CP04,2024-02-01,116.81
CP04,2024-03-01,116.94
CP04,2024-04-01,117
CP04,2024-05-01,117.51
CP04,2024-06-01,117.62
CP04,2024-07-01,117.77
CP04,2024-08-01,118.06
CP04,2024-09-01,118.1
CP04,2024-10-01,118.16
CP04,2024-11-01,118.48
CP04,2024-12-01,118.6
CP04,2025-01-01,117.8
CP04,2025-02-01,117.99
CP04,2025-03-01,118.09
CP04,2025-04-01,118.2
CP04,2025-05-01,118.39
CP04,2025-06-01,118.47
CP04,2025-07-01,118.59
CP04,2025-08-01,118.84
CP04,2025-09-01,118.94
CP04,2025-10-01,119.06
CP04,2025-11-01,119.1
CP04,2025-12-01,119.04
CP05,2004-12-01,106.8
CP05,2005-01-01,106.8
CP05,2005-02-01,106.8
CP05,2005-03-01,106.8
CP05,2005-04-01,106.8
CP05,2005-05-01,106.8
CP05,2005-06-01,107.1
CP05,2005-07-01,107.1
CP05,2005-08-01,107.1
CP05,2005-09-01,106.8
CP05,2005-10-01,106.8
CP05,2005-11-01,106.8
CP05,2005-12-01,106.4
CP05,2006-01-01,106.4
CP05,2006-02-01,106.4
CP05,2006-03-01,107.2
CP05,2006-04-01,107.2
CP05,2006-05-01,107.2
CP05,2006-06-01,107.1
CP05,2006-07-01,107.1
CP05,2006-08-01,107.1
CP05,2006-09-01,106.6
CP05,2006-10-01,106.6
CP05,2006-11-01,106.6
CP05,2006-12-01,107.3
CP05,2007-01-01,107.3
CP05,2007-02-01,107.3
CP05,2007-03-01,107.2
CP05,2007-04-01,107.2
CP05,2007-05-01,107.2
CP05,2007-06-01,107.3
CP05,2007-07-01,107.3
CP05,2007-08-01,107.3
CP05,2007-09-01,107.2
CP05,2007-10-01,107.2
CP05,2007-11-01,107.2
CP05,2007-12-01,108
CP05,2008-01-01,107.6
CP05,2008-02-01,107.8
CP05,2008-03-01,108.5
CP05,2008-04-01,108.4
CP05,2008-05-01,108.5
CP05,2008-06-01,108.4
CP05,2008-07-01,107.4
CP05,2008-08-01,107.4
CP05,2008-09-01,108
CP05,2008-10-01,108.4
CP05,2008-11-01,107.8
CP05,2008-12-01,108.9
CP05,2009-01-01,108.3
CP05,2009-02-01,108.3
CP05,2009-03-01,108.9
CP05,2009-04-01,109.1
CP05,2009-05-01,108.9
CP05,2009-06-01,109.7
CP05,2009-07-01,108.5
CP05,2009-08-01,108.4
CP05,2009-09-01,109.4
CP05,2009-10-01,109.3
CP05,2009-11-01,109.2
CP05,2009-12-01,109.6
CP05,2010-01-01,108.7
CP05,2010-02-01,108.2
CP05,2010-03-01,108.9
CP05,2010-04-01,108.8
CP05,2010-05-01,109.4
CP05,2010-06-01,108.9
CP05,2010-07-01,107.4
CP05,2010-08-01,107.8
CP05,2010-09-01,108.6
CP05,2010-10-01,108.6
CP05,2010-11-01,108.5
CP05,2010-12-01,108.4
CP05,2011-01-01,106.9
CP05,2011-02-01,108
CP05,2011-03-01,107.7
CP05,2011-04-01,108.1
CP05,2011-05-01,107.9
CP05,2011-06-01,107.1
CP05,2011-07-01,106.4
CP05,2011-08-01,106.1
CP05,2011-09-01,107.2
CP05,2011-10-01,106.2
CP05,2011-11-01,106.5
CP05,2011-12-01,106.6
CP05,2012-01-01,104.9
CP05,2012-02-01,105.7
CP05,2012-03-01,106.3
CP05,2012-04-01,106.2
CP05,2012-05-01,105.3
CP05,2012-06-01,106.1
CP05,2012-07-01,104
CP05,2012-08-01,104.5
CP05,2012-09-01,104.7
CP05,2012-10-01,104.9
CP05,2012-11-01,104.6
CP05,2012-12-01,103.8
CP05,2013-01-01,102.8
CP05,2013-02-01,103.4
CP05,2013-03-01,103.9
CP05,2013-04-01,104.4
CP05,2013-05-01,103.8
CP05,2013-06-01,104.1
CP05,2013-07-01,103.2
CP05,2013-08-01,103.5
CP05,2013-09-01,103
CP05,2013-10-01,102.8
CP05,2013-11-01,103
CP05,2013-12-01,102.2
CP05,2014-01-01,102.1
CP05,2014-02-01,102.5
CP05,2014-03-01,102.9
CP05,2014-04-01,103.1
CP05,2014-05-01,103.5
CP05,2014-06-01,103.3
CP05,2014-07-01,102.1
CP05,2014-08-01,101.7
CP05,2014-09-01,101.5
CP05,2014-10-01,101.7
CP05,2014-11-01,102.1
CP05,2014-12-01,101.8
CP05,2015-01-01,100.76
CP05,2015-02-01,100.43
CP05,2015-03-01,100.85
CP05,2015-04-01,101.41
CP05,2015-05-01,100.71
CP05,2015-06-01,100.69
CP05,2015-07-01,99.33
CP05,2015-08-01,98.85
CP05,2015-09-01,98.92
CP05,2015-10-01,98.43
CP05,2015-11-01,99.74
CP05,2015-12-01,99.89
CP05,2016-01-01,98.75
CP05,2016-02-01,98.81
CP05,2016-03-01,98.95
CP05,2016-04-01,99.01
CP05,2016-05-01,97.84
CP05,2016-06-01,97.75
CP05,2016-07-01,97.14
CP05,2016-08-01,97.45
CP05,2016-09-01,96.98
CP05,2016-10-01,97.38
CP05,2016-11-01,96.99
CP05,2016-12-01,96.12
CP05,2017-01-01,96.39
CP05,2017-02-01,96.52
CP05,2017-03-01,95.87
CP05,2017-04-01,97.21
CP05,2017-05-01,96.5
CP05,2017-06-01,95.91
CP05,2017-07-01,95.43
CP05,2017-08-01,94.88
CP05,2017-09-01,95.67
CP05,2017-10-01,95.27
CP05,2017-11-01,96.19
CP05,2017-12-01,95.91
CP05,2018-01-01,94.45
CP05,2018-02-01,95.4
CP05,2018-03-01,95.35
CP05,2018-04-01,95.68
CP05,2018-05-01,95.51
CP05,2018-06-01,95.46
CP05,2018-07-01,94.18
CP05,2018-08-01,95.16
CP05,2018-09-01,95.6
CP05,2018-10-01,95.67
CP05,2018-11-01,96.72
CP05,2018-12-01,96.95
CP05,2019-01-01,96.35
CP05,2019-02-01,96.2
CP05,2019-03-01,96.17
CP05,2019-04-01,97.85
CP05,2019-05-01,97.27
CP05,2019-06-01,97.29
CP05,2019-07-01,97.13
CP05,2019-08-01,97.46
CP05,2019-09-01,97.48
CP05,2019-10-01,96.59
CP05,2019-11-01,97.28
CP05,2019-12-01,98.01
CP05,2020-01-01,96.7
CP05,2020-02-01,97.14
CP05,2020-03-01,97.21
CP05,2020-04-01,96.47
CP05,2020-05-01,95.98
CP05,2020-06-01,96.04
CP05,2020-07-01,96.45
CP05,2020-08-01,97.01
CP05,2020-09-01,97.06
CP05,2020-10-01,96.68
CP05,2020-11-01,97.1
CP05,2020-12-01,97.2
CP05,2021-01-01,97.12
CP05,2021-02-01,96.76
CP05,2021-03-01,96.69
CP05,2021-04-01,98.33
CP05,2021-05-01,98.17
CP05,2021-06-01,98.73
CP05,2021-07-01,98.05
CP05,2021-08-01,97.92
CP05,2021-09-01,98.83
CP05,2021-10-01,98.82
CP05,2021-11-01,98.76
CP05,2021-12-01,99.03
CP05,2022-01-01,98.83
CP05,2022-02-01,100.35
CP05,2022-03-01,101.7
CP05,2022-04-01,103.25
CP05,2022-05-01,103.01
CP05,2022-06-01,103.26
CP05,2022-07-01,102.87
CP05,2022-08-01,103.71
CP05,2022-09-01,103.92
CP05,2022-10-01,103.88
CP05,2022-11-01,104.35
CP05,2022-12-01,104.59
CP05,2023-01-01,103.86
CP05,2023-02-01,104.86
CP05,2023-03-01,105.08
CP05,2023-04-01,106
CP05,2023-05-01,106.07
CP05,2023-06-01,105.86
CP05,2023-07-01,104.99
CP05,2023-08-01,105.37
CP05,2023-09-01,105.46
CP05,2023-10-01,104.7
CP05,2023-11-01,104.14
CP05,2023-12-01,105.11
CP05,2024-01-01,103.9
CP05,2024-02-01,104.03
CP05,2024-03-01,103.36
CP05,2024-04-01,105.55
CP05,2024-05-01,105.34
CP05,2024-06-01,103.66
CP05,2024-07-01,103.76
CP05,2024-08-01,102.94
CP05,2024-09-01,102.27
CP05,2024-10-01,103.06
CP05,2024-11-01,103.83
CP05,2024-12-01,103.13
CP05,2025-01-01,102.75
CP05,2025-02-01,103.02
CP05,2025-03-01,102.91
CP05,2025-04-01,103.6
CP05,2025-05-01,103.08
CP05,2025-06-01,103.29
CP05,2025-07-01,102.82
CP05,2025-08-01,102.25
CP05,2025-09-01,102.01
CP05,2025-10-01,101.53
CP05,2025-11-01,101.65
CP05,2025-12-01,101.79
CP06,2004-12-01,102.4
CP06,2005-01-01,102.7
CP06,2005-02-01,102.7
CP06,2005-03-01,102.7
CP06,2005-04-01,102.9
CP06,2005-05-01,102.9
CP06,2005-06-01,102.9
CP06,2005-07-01,103
CP06,2005-08-01,103
CP06,2005-09-01,103
CP06,2005-10-01,102.7
CP06,2005-11-01,102.7
CP06,2005-12-01,102.7
CP06,2006-01-01,103.2
CP06,2006-02-01,103.2
CP06,2006-03-01,103.2
CP06,2006-04-01,103.3
CP06,2006-05-01,103.3
CP06,2006-06-01,103.3
CP06,2006-07-01,102.7
CP06,2006-08-01,102.7
CP06,2006-09-01,102.7
CP06,2006-10-01,102.6
CP06,2006-11-01,102.6
CP06,2006-12-01,102.6
CP06,2007-01-01,102.7
CP06,2007-02-01,102.7
CP06,2007-03-01,102.7
CP06,2007-04-01,102.9
CP06,2007-05-01,102.9
CP06,2007-06-01,102.9
CP06,2007-07-01,102.8
CP06,2007-08-01,102.8
CP06,2007-09-01,102.8
CP06,2007-10-01,102.7
CP06,2007-11-01,102.7
CP06,2007-12-01,102.7
CP06,2008-01-01,102.7
CP06,2008-02-01,102.8
CP06,2008-03-01,102.7
CP06,2008-04-01,103
CP06,2008-05-01,103
CP06,2008-06-01,102.4
CP06,2008-07-01,102.3
CP06,2008-08-01,102.4
CP06,2008-09-01,102.3
CP06,2008-10-01,102.4
CP06,2008-11-01,102.6
CP06,2008-12-01,102.6
CP06,2009-01-01,102.7
CP06,2009-02-01,102.7
CP06,2009-03-01,102.6
CP06,2009-04-01,103
CP06,2009-05-01,102.9
CP06,2009-06-01,102.8
CP06,2009-07-01,103
CP06,2009-08-01,103.1
CP06,2009-09-01,103.1
CP06,2009-10-01,103.2
CP06,2009-11-01,103.3
CP06,2009-12-01,103.2
CP06,2010-01-01,103.3
CP06,2010-02-01,103.3
CP06,2010-03-01,103.2
CP06,2010-04-01,103.7
CP06,2010-05-01,102.6
CP06,2010-06-01,102.5
CP06,2010-07-01,102.5
CP06,2010-08-01,102.4
CP06,2010-09-01,102.4
CP06,2010-10-01,102.6
CP06,2010-11-01,102.5
CP06,2010-12-01,102.4
CP06,2011-01-01,102.6
CP06,2011-02-01,102.4
CP06,2011-03-01,102.5
CP06,2011-04-01,102.8
CP06,2011-05-01,102.7
CP06,2011-06-01,102.8
CP06,2011-07-01,102.7
CP06,2011-08-01,102.6
CP06,2011-09-01,102.5
CP06,2011-10-01,102.5
CP06,2011-11-01,102.5
CP06,2011-12-01,102.4
CP06,2012-01-01,102.5
CP06,2012-02-01,102.4
CP06,2012-03-01,102.4
CP06,2012-04-01,102.4
CP06,2012-05-01,102.4
CP06,2012-06-01,102.5
CP06,2012-07-01,102.4
CP06,2012-08-01,102.2
CP06,2012-09-01,102.2
CP06,2012-10-01,102.2
CP06,2012-11-01,102.1
CP06,2012-12-01,101.7
CP06,2013-01-01,101.5
CP06,2013-02-01,101.5
CP06,2013-03-01,101.5
CP06,2013-04-01,101.5
CP06,2013-05-01,101.5
CP06,2013-06-01,101.5
CP06,2013-07-01,101.5
CP06,2013-08-01,101.5
CP06,2013-09-01,101.4
CP06,2013-10-01,101.4
CP06,2013-11-01,101.4
CP06,2013-12-01,100.5
CP06,2014-01-01,100.6
CP06,2014-02-01,100.5
CP06,2014-03-01,100.5
CP06,2014-04-01,100.7
CP06,2014-05-01,100.7
CP06,2014-06-01,100.7
CP06,2014-07-01,100.7
CP06,2014-08-01,100.2
CP06,2014-09-01,100.2
CP06,2014-10-01,100.2
CP06,2014-11-01,100.5
CP06,2014-12-01,100.2
CP06,2015-01-01,100.21
CP06,2015-02-01,100.19
CP06,2015-03-01,100.19
CP06,2015-04-01,100.13
CP06,2015-05-01,100.14
CP06,2015-06-01,100.13
CP06,2015-07-01,100.09
CP06,2015-08-01,99.78
CP06,2015-09-01,99.77
CP06,2015-10-01,99.79
CP06,2015-11-01,99.79
CP06,2015-12-01,99.78
CP06,2016-01-01,99.82
CP06,2016-02-01,99.82
CP06,2016-03-01,99.8
CP06,2016-04-01,99.83
CP06,2016-05-01,99.84
CP06,2016-06-01,99.82
CP06,2016-07-01,99.83
CP06,2016-08-01,99.17
CP06,2016-09-01,99.15
CP06,2016-10-01,99.15
CP06,2016-11-01,99.13
CP06,2016-12-01,99.13
CP06,2017-01-01,99.11
CP06,2017-02-01,99.09
CP06,2017-03-01,99.12
CP06,2017-04-01,99.06
CP06,2017-05-01,99.06
CP06,2017-06-01,99.06
CP06,2017-07-01,99.16
CP06,2017-08-01,98.9
CP06,2017-09-01,98.89
CP06,2017-10-01,98.9
CP06,2017-11-01,98.88
CP06,2017-12-01,98.88
CP06,2018-01-01,98.2
CP06,2018-02-01,98.1
CP06,2018-03-01,97.71
CP06,2018-04-01,97.62
CP06,2018-05-01,97.51
CP06,2018-06-01,97.61
CP06,2018-07-01,98.32
CP06,2018-08-01,98.32
CP06,2018-09-01,98.24
CP06,2018-10-01,98.22
CP06,2018-11-01,98.21
CP06,2018-12-01,98.22
CP06,2019-01-01,97.98
CP06,2019-02-01,97.96
CP06,2019-03-01,97.94
CP06,2019-04-01,97.8
CP06,2019-05-01,97.76
CP06,2019-06-01,97.72
CP06,2019-07-01,97.97
CP06,2019-08-01,97.68
CP06,2019-09-01,97.65
CP06,2019-10-01,97.64
CP06,2019-11-01,97.62
CP06,2019-12-01,97.65
CP06,2020-01-01,97.15
CP06,2020-02-01,97.14
CP06,2020-03-01,97.13
CP06,2020-04-01,97.05
CP06,2020-05-01,97.05
CP06,2020-06-01,96.99
CP06,2020-07-01,97.03
CP06,2020-08-01,96.89
CP06,2020-09-01,96.85
CP06,2020-10-01,97.04
CP06,2020-11-01,97.03
CP06,2020-12-01,96.85
CP06,2021-01-01,96.9
CP06,2021-02-01,96.81
CP06,2021-03-01,96.79
CP06,2021-04-01,96.76
CP06,2021-05-01,96.7
CP06,2021-06-01,96.66
CP06,2021-07-01,96.68
CP06,2021-08-01,96.57
CP06,2021-09-01,96.57
CP06,2021-10-01,96.53
CP06,2021-11-01,96.52
CP06,2021-12-01,96.39
CP06,2022-01-01,96.36
CP06,2022-02-01,96.33
CP06,2022-03-01,96.28
CP06,2022-04-01,96.28
CP06,2022-05-01,96.27
CP06,2022-06-01,96.26
CP06,2022-07-01,96.33
CP06,2022-08-01,96.24
CP06,2022-09-01,96.23
CP06,2022-10-01,96.25
CP06,2022-11-01,96.15
CP06,2022-12-01,95.99
CP06,2023-01-01,96
CP06,2023-02-01,95.99
CP06,2023-03-01,95.98
CP06,2023-04-01,96.01
CP06,2023-05-01,95.97
CP06,2023-06-01,95.9
CP06,2023-07-01,95.94
CP06,2023-08-01,95.99
CP06,2023-09-01,95.9
CP06,2023-10-01,95.96
CP06,2023-11-01,95.91
CP06,2023-12-01,95.7
CP06,2024-01-01,95.69
CP06,2024-02-01,95.66
CP06,2024-03-01,95.59
CP06,2024-04-01,95.57
CP06,2024-05-01,95.61
CP06,2024-06-01,95.51
CP06,2024-07-01,95.52
CP06,2024-08-01,95.45
CP06,2024-09-01,95.42
CP06,2024-10-01,95.37
CP06,2024-11-01,95.37
CP06,2024-12-01,95.25
CP06,2025-01-01,95.47
CP06,2025-02-01,95.51
CP06,2025-03-01,95.51
CP06,2025-04-01,95.55
CP06,2025-05-01,95.68
CP06,2025-06-01,95.62
CP06,2025-07-01,95.65
CP06,2025-08-01,95.74
CP06,2025-09-01,95.71
CP06,2025-10-01,95.63
CP06,2025-11-01,95.73
CP06,2025-12-01,95.76
CP07,2004-12-01,100.5
CP07,2005-01-01,101
CP07,2005-02-01,101.4
CP07,2005-03-01,101.7
CP07,2005-04-01,102.1
CP07,2005-05-01,102.6
CP07,2005-06-01,101.9
CP07,2005-07-01,103.5
CP07,2005-08-01,104.5
CP07,2005-09-01,105.8
CP07,2005-10-01,107
CP07,2005-11-01,105.4
CP07,2005-12-01,104.7
CP07,2006-01-01,105.3
CP07,2006-02-01,105.6
CP07,2006-03-01,105
CP07,2006-04-01,106.4
CP07,2006-05-01,107.3
CP07,2006-06-01,107.1
CP07,2006-07-01,108
CP07,2006-08-01,108.8
CP07,2006-09-01,107
CP07,2006-10-01,105.3
CP07,2006-11-01,105
CP07,2006-12-01,104.9
CP07,2007-01-01,105
CP07,2007-02-01,104.5
CP07,2007-03-01,105.6
CP07,2007-04-01,106.8
CP07,2007-05-01,107.9
CP07,2007-06-01,108.5
CP07,2007-07-01,108.7
CP07,2007-08-01,107.7
CP07,2007-09-01,107.4
CP07,2007-10-01,107.6
CP07,2007-11-01,108.8
CP07,2007-12-01,109.6
CP07,2008-01-01,109.6
CP07,2008-02-01,108.6
CP07,2008-03-01,109.6
CP07,2008-04-01,109.6
CP07,2008-05-01,111.3
CP07,2008-06-01,112.8
CP07,2008-07-01,113.7
CP07,2008-08-01,112.9
CP07,2008-09-01,112.1
CP07,2008-10-01,111
CP07,2008-11-01,106.9
CP07,2008-12-01,105.8
CP07,2009-01-01,104.7
CP07,2009-02-01,103.9
CP07,2009-03-01,103.5
CP07,2009-04-01,105
CP07,2009-05-01,106.7
CP07,2009-06-01,107.6
CP07,2009-07-01,108.4
CP07,2009-08-01,108
CP07,2009-09-01,107.7
CP07,2009-10-01,106.7
CP07,2009-11-01,107.4
CP07,2009-12-01,107.4
CP07,2010-01-01,107.9
CP07,2010-02-01,107
CP07,2010-03-01,108.3
CP07,2010-04-01,108.8
CP07,2010-05-01,109.3
CP07,2010-06-01,109
CP07,2010-07-01,109.3
CP07,2010-08-01,107.9
CP07,2010-09-01,108.1
CP07,2010-10-01,107.7
CP07,2010-11-01,107.5
CP07,2010-12-01,109
CP07,2011-01-01,108.8
CP07,2011-02-01,109.2
CP07,2011-03-01,110.3
CP07,2011-04-01,110.9
CP07,2011-05-01,111.4
CP07,2011-06-01,111.4
CP07,2011-07-01,110.4
CP07,2011-08-01,108.9
CP07,2011-09-01,108.8
CP07,2011-10-01,107.4
CP07,2011-11-01,105.3
CP07,2011-12-01,105.6
CP07,2012-01-01,105.3
CP07,2012-02-01,105.1
CP07,2012-03-01,106.9
CP07,2012-04-01,108.3
CP07,2012-05-01,107.4
CP07,2012-06-01,106.8
CP07,2012-07-01,106.3
CP07,2012-08-01,106.8
CP07,2012-09-01,106.9
CP07,2012-10-01,106.3
CP07,2012-11-01,105
CP07,2012-12-01,105.6
CP07,2013-01-01,105.4
CP07,2013-02-01,105.7
CP07,2013-03-01,105.9
CP07,2013-04-01,105.7
CP07,2013-05-01,105.9
CP07,2013-06-01,106.1
CP07,2013-07-01,106.8
CP07,2013-08-01,106.8
CP07,2013-09-01,106
CP07,2013-10-01,105
CP07,2013-11-01,104.1
CP07,2013-12-01,104.4
CP07,2014-01-01,104.5
CP07,2014-02-01,103.5
CP07,2014-03-01,103.6
CP07,2014-04-01,104.2
CP07,2014-05-01,105.3
CP07,2014-06-01,105
CP07,2014-07-01,106
CP07,2014-08-01,105.2
CP07,2014-09-01,104.5
CP07,2014-10-01,104.3
CP07,2014-11-01,102.7
CP07,2014-12-01,102.9
CP07,2015-01-01,102.2
CP07,2015-02-01,99.46
CP07,2015-03-01,100.22
CP07,2015-04-01,99.63
CP07,2015-05-01,100.35
CP07,2015-06-01,101.84
CP07,2015-07-01,101.67
CP07,2015-08-01,100.29
CP07,2015-09-01,99.22
CP07,2015-10-01,99.3
CP07,2015-11-01,97.83
CP07,2015-12-01,98
CP07,2016-01-01,96.22
CP07,2016-02-01,95.3
CP07,2016-03-01,95.56
CP07,2016-04-01,96.45
CP07,2016-05-01,98.18
CP07,2016-06-01,97.7
CP07,2016-07-01,99.06
CP07,2016-08-01,97.63
CP07,2016-09-01,97.7
CP07,2016-10-01,96.94
CP07,2016-11-01,96.05
CP07,2016-12-01,96.94
CP07,2017-01-01,97.12
CP07,2017-02-01,97.06
CP07,2017-03-01,96.76
CP07,2017-04-01,98.36
CP07,2017-05-01,97.46
CP07,2017-06-01,98.29
CP07,2017-07-01,99.28
CP07,2017-08-01,98.67
CP07,2017-09-01,99.19
CP07,2017-10-01,98.59
CP07,2017-11-01,97.66
CP07,2017-12-01,98.47
CP07,2018-01-01,97.48
CP07,2018-02-01,97.79
CP07,2018-03-01,98.48
CP07,2018-04-01,99.73
CP07,2018-05-01,101.5
CP07,2018-06-01,101.58
CP07,2018-07-01,103.19
CP07,2018-08-01,102.32
CP07,2018-09-01,102.06
CP07,2018-10-01,102.05
CP07,2018-11-01,100.84
CP07,2018-12-01,100.18
CP07,2019-01-01,99.07
CP07,2019-02-01,98.59
CP07,2019-03-01,99.23
CP07,2019-04-01,102.16
CP07,2019-05-01,102.65
CP07,2019-06-01,102.91
CP07,2019-07-01,103.51
CP07,2019-08-01,103.47
CP07,2019-09-01,102
CP07,2019-10-01,101.48
CP07,2019-11-01,99.72
CP07,2019-12-01,100.05
CP07,2020-01-01,99.55
CP07,2020-02-01,98.5
CP07,2020-03-01,97.95
CP07,2020-04-01,98.41
CP07,2020-05-01,97.45
CP07,2020-06-01,96.88
CP07,2020-07-01,98.06
CP07,2020-08-01,97.36
CP07,2020-09-01,96.9
CP07,2020-10-01,96.65
CP07,2020-11-01,95.99
CP07,2020-12-01,96.83
CP07,2021-01-01,97.93
CP07,2021-02-01,98.03
CP07,2021-03-01,98.58
CP07,2021-04-01,99.86
CP07,2021-05-01,100.48
CP07,2021-06-01,100.06
CP07,2021-07-01,101.59
CP07,2021-08-01,102.16
CP07,2021-09-01,101.54
CP07,2021-10-01,103.17
CP07,2021-11-01,102.76
CP07,2021-12-01,102.77
CP07,2022-01-01,102.84
CP07,2022-02-01,104.43
CP07,2022-03-01,106.49
CP07,2022-04-01,108.32
CP07,2022-05-01,109.1
CP07,2022-06-01,111.92
CP07,2022-07-01,113.05
CP07,2022-08-01,111.85
CP07,2022-09-01,110.59
CP07,2022-10-01,109.35
CP07,2022-11-01,109.02
CP07,2022-12-01,107.89
CP07,2023-01-01,107.05
CP07,2023-02-01,107.02
CP07,2023-03-01,107.37
CP07,2023-04-01,109.33
CP07,2023-05-01,109.28
CP07,2023-06-01,108.93
CP07,2023-07-01,110.25
CP07,2023-08-01,109.68
CP07,2023-09-01,109.93
CP07,2023-10-01,109.57
CP07,2023-11-01,107.3
CP07,2023-12-01,107.43
CP07,2024-01-01,106.49
CP07,2024-02-01,106.41
CP07,2024-03-01,106.57
CP07,2024-04-01,109.13
CP07,2024-05-01,110.92
CP07,2024-06-01,109.34
CP07,2024-07-01,111.13
CP07,2024-08-01,110.39
CP07,2024-09-01,107.73
CP07,2024-10-01,107.74
CP07,2024-11-01,105.3
CP07,2024-12-01,105.39
CP07,2025-01-01,105.18
CP07,2025-02-01,104.57
CP07,2025-03-01,103.89
CP07,2025-04-01,106.96
CP07,2025-05-01,107.22
CP07,2025-06-01,106.44
CP07,2025-07-01,108.27
CP07,2025-08-01,107.43
CP07,2025-09-01,105.84
CP07,2025-10-01,105.34
CP07,2025-11-01,102.73
CP07,2025-12-01,103.84
CP08,2004-12-01,137.9
CP08,2005-01-01,137.9
CP08,2005-02-01,137.9
CP08,2005-03-01,137.7
CP08,2005-04-01,137.7
CP08,2005-05-01,137.7
CP08,2005-06-01,125.9
CP08,2005-07-01,123.2
CP08,2005-08-01,123.2
CP08,2005-09-01,122.3
CP08,2005-10-01,122.3
CP08,2005-11-01,122.3
CP08,2005-12-01,122.3
CP08,2006-01-01,122.3
CP08,2006-02-01,122.3
CP08,2006-03-01,122.2
CP08,2006-04-01,119.8
CP08,2006-05-01,119.8
CP08,2006-06-01,119.7
CP08,2006-07-01,119.7
CP08,2006-08-01,119.7
CP08,2006-09-01,119.7
CP08,2006-10-01,119.7
CP08,2006-11-01,119.7
CP08,2006-12-01,119.6
CP08,2007-01-01,119.6
CP08,2007-02-01,119.6
CP08,2007-03-01,119.1
CP08,2007-04-01,116.7
CP08,2007-05-01,116
CP08,2007-06-01,115.9
CP08,2007-07-01,115.9
CP08,2007-08-01,115.7
CP08,2007-09-01,115.6
CP08,2007-10-01,115.6
CP08,2007-11-01,115.6
CP08,2007-12-01,115.6
CP08,2008-01-01,113.8
CP08,2008-02-01,113.8
CP08,2008-03-01,113.7
CP08,2008-04-01,113.7
CP08,2008-05-01,113.7
CP08,2008-06-01,113.6
CP08,2008-07-01,113.7
CP08,2008-08-01,113.6
CP08,2008-09-01,113.9
CP08,2008-10-01,112.5
CP08,2008-11-01,112.5
CP08,2008-12-01,112.5
CP08,2009-01-01,108.2
CP08,2009-02-01,108.2
CP08,2009-03-01,108.2
CP08,2009-04-01,107.4
CP08,2009-05-01,107.4
CP08,2009-06-01,107.4
CP08,2009-07-01,107.5
CP08,2009-08-01,107.4
CP08,2009-09-01,108.2
CP08,2009-10-01,108.2
CP08,2009-11-01,108.2
CP08,2009-12-01,108.2
CP08,2010-01-01,106.3
CP08,2010-02-01,106.3
CP08,2010-03-01,106.3
CP08,2010-04-01,106.4
CP08,2010-05-01,106.3
CP08,2010-06-01,106.4
CP08,2010-07-01,106.3
CP08,2010-08-01,106.4
CP08,2010-09-01,106.3
CP08,2010-10-01,106.3
CP08,2010-11-01,106.3
CP08,2010-12-01,106.3
CP08,2011-01-01,106.4
CP08,2011-02-01,106.4
CP08,2011-03-01,106.4
CP08,2011-04-01,105.9
CP08,2011-05-01,105.8
CP08,2011-06-01,105.9
CP08,2011-07-01,105.8
CP08,2011-08-01,107
CP08,2011-09-01,107
CP08,2011-10-01,106.7
CP08,2011-11-01,106.7
CP08,2011-12-01,106.6
CP08,2012-01-01,106.6
CP08,2012-02-01,106.5
CP08,2012-03-01,106.5
CP08,2012-04-01,106.4
CP08,2012-05-01,106.5
CP08,2012-06-01,106.3
CP08,2012-07-01,106.2
CP08,2012-08-01,106.3
CP08,2012-09-01,104.6
CP08,2012-10-01,104.6
CP08,2012-11-01,104
CP08,2012-12-01,104.1
CP08,2013-01-01,104.1
CP08,2013-02-01,104
CP08,2013-03-01,103.7
CP08,2013-04-01,103.6
CP08,2013-05-01,103.6
CP08,2013-06-01,103.5
CP08,2013-07-01,103.5
CP08,2013-08-01,103.5
CP08,2013-09-01,103.5
CP08,2013-10-01,103.5
CP08,2013-11-01,101.4
CP08,2013-12-01,101.4
CP08,2014-01-01,101.3
CP08,2014-02-01,101.3
CP08,2014-03-01,100.9
CP08,2014-04-01,100.8
CP08,2014-05-01,100.4
CP08,2014-06-01,100.3
CP08,2014-07-01,100.3
CP08,2014-08-01,100.5
CP08,2014-09-01,100.8
CP08,2014-10-01,101.3
CP08,2014-11-01,101.2
CP08,2014-12-01,101.1
CP08,2015-01-01,101.02
CP08,2015-02-01,100.95
CP08,2015-03-01,100.89
CP08,2015-04-01,100.5
CP08,2015-05-01,100.34
CP08,2015-06-01,100.4
CP08,2015-07-01,100.1
CP08,2015-08-01,100.02
CP08,2015-09-01,100.04
CP08,2015-10-01,98.52
CP08,2015-11-01,98.63
CP08,2015-12-01,98.57
CP08,2016-01-01,98.58
CP08,2016-02-01,98.82
CP08,2016-03-01,99.22
CP08,2016-04-01,99.26
CP08,2016-05-01,98.78
CP08,2016-06-01,98.73
CP08,2016-07-01,98.74
CP08,2016-08-01,98.54
CP08,2016-09-01,98.47
CP08,2016-10-01,98.4
CP08,2016-11-01,97.35
CP08,2016-12-01,97.32
CP08,2017-01-01,97.37
CP08,2017-02-01,97.37
CP08,2017-03-01,97.26
CP08,2017-04-01,96.74
CP08,2017-05-01,97.07
CP08,2017-06-01,96.96
CP08,2017-07-01,96.88
CP08,2017-08-01,96.87
CP08,2017-09-01,96.83
CP08,2017-10-01,97.06
CP08,2017-11-01,96.53
CP08,2017-12-01,96.47
CP08,2018-01-01,96.44
CP08,2018-02-01,96.34
CP08,2018-03-01,96.72
CP08,2018-04-01,96.9
CP08,2018-05-01,97.59
CP08,2018-06-01,97.51
CP08,2018-07-01,97.65
CP08,2018-08-01,97.55
CP08,2018-09-01,97.49
CP08,2018-10-01,97.48
CP08,2018-11-01,98.2
CP08,2018-12-01,98.13
CP08,2019-01-01,98.08
CP08,2019-02-01,98.06
CP08,2019-03-01,98.35
CP08,2019-04-01,98.45
CP08,2019-05-01,99.42
CP08,2019-06-01,99.36
CP08,2019-07-01,97.63
CP08,2019-08-01,97.49
CP08,2019-09-01,97.31
CP08,2019-10-01,97.2
CP08,2019-11-01,97.43
CP08,2019-12-01,98.12
CP08,2020-01-01,98.2
CP08,2020-02-01,98.14
CP08,2020-03-01,98.32
CP08,2020-04-01,98.26
CP08,2020-05-01,98.09
CP08,2020-06-01,98.08
CP08,2020-07-01,97.02
CP08,2020-08-01,98.15
CP08,2020-09-01,98.04
CP08,2020-10-01,97.39
CP08,2020-11-01,97.35
CP08,2020-12-01,97.4
CP08,2021-01-01,97.5
CP08,2021-02-01,97.33
CP08,2021-03-01,97.27
CP08,2021-04-01,97.36
CP08,2021-05-01,96.87
CP08,2021-06-01,96.96
CP08,2021-07-01,96.97
CP08,2021-08-01,96.97
CP08,2021-09-01,97
CP08,2021-10-01,97
CP08,2021-11-01,96.78
CP08,2021-12-01,97.45
CP08,2022-01-01,97.04
CP08,2022-02-01,97.34
CP08,2022-03-01,97.14
CP08,2022-04-01,97.24
CP08,2022-05-01,97.48
CP08,2022-06-01,97.45
CP08,2022-07-01,97.44
CP08,2022-08-01,97.33
CP08,2022-09-01,97.21
CP08,2022-10-01,93.96
CP08,2022-11-01,94.17
CP08,2022-12-01,94.22
CP08,2023-01-01,94.38
CP08,2023-02-01,94.33
CP08,2023-03-01,94.38
CP08,2023-04-01,94.51
CP08,2023-05-01,94.47
CP08,2023-06-01,94.25
CP08,2023-07-01,94.45
CP08,2023-08-01,94.8
CP08,2023-09-01,94.68
CP08,2023-10-01,94.71
CP08,2023-11-01,94.95
CP08,2023-12-01,94.92
CP08,2024-01-01,95.16
CP08,2024-02-01,95.04
CP08,2024-03-01,95.22
CP08,2024-04-01,95.16
CP08,2024-05-01,94.97
CP08,2024-06-01,94.87
CP08,2024-07-01,94.83
CP08,2024-08-01,95.35
CP08,2024-09-01,95.22
CP08,2024-10-01,95.23
CP08,2024-11-01,94.7
CP08,2024-12-01,94.72
CP08,2025-01-01,95.37
CP08,2025-02-01,95.52
CP08,2025-03-01,95.73
CP08,2025-04-01,95.89
CP08,2025-05-01,95.79
CP08,2025-06-01,95.67
CP08,2025-07-01,95.72
CP08,2025-08-01,95.76
CP08,2025-09-01,95.18
CP08,2025-10-01,95.19
CP08,2025-11-01,95.19
CP08,2025-12-01,95.43
CP09,2004-12-01,115
CP09,2005-01-01,115
CP09,2005-02-01,115
CP09,2005-03-01,114.6
CP09,2005-04-01,114.6
CP09,2005-05-01,114.6
CP09,2005-06-01,114.4
CP09,2005-07-01,114.4
CP09,2005-08-01,114.4
CP09,2005-09-01,114.6
CP09,2005-10-01,114.6
CP09,2005-11-01,114.6
CP09,2005-12-01,115
CP09,2006-01-01,114.9
CP09,2006-02-01,114.9
CP09,2006-03-01,114.6
CP09,2006-04-01,114.6
CP09,2006-05-01,114.6
CP09,2006-06-01,114.3
CP09,2006-07-01,114.3
CP09,2006-08-01,114.3
CP09,2006-09-01,113.8
CP09,2006-10-01,113.9
CP09,2006-11-01,113.9
CP09,2006-12-01,114
CP09,2007-01-01,114
CP09,2007-02-01,114
CP09,2007-03-01,113.7
CP09,2007-04-01,114
CP09,2007-05-01,114
CP09,2007-06-01,113.5
CP09,2007-07-01,113.5
CP09,2007-08-01,113.5
CP09,2007-09-01,113.5
CP09,2007-10-01,113.5
CP09,2007-11-01,113.5
CP09,2007-12-01,114
CP09,2008-01-01,115.5
CP09,2008-02-01,115.5
CP09,2008-03-01,114.9
CP09,2008-04-01,116.4
CP09,2008-05-01,114.1
CP09,2008-06-01,114.4
CP09,2008-07-01,116.6
CP09,2008-08-01,117.5
CP09,2008-09-01,115.6
CP09,2008-10-01,116.5
CP09,2008-11-01,114.2
CP09,2008-12-01,112.8
CP09,2009-01-01,114.6
CP09,2009-02-01,114.8
CP09,2009-03-01,114.5
CP09,2009-04-01,115.4
CP09,2009-05-01,113.1
CP09,2009-06-01,113.3
CP09,2009-07-01,115.1
CP09,2009-08-01,116.9
CP09,2009-09-01,114.2
CP09,2009-10-01,115.4
CP09,2009-11-01,113
CP09,2009-12-01,111.8
CP09,2010-01-01,114
CP09,2010-02-01,113.3
CP09,2010-03-01,113.2
CP09,2010-04-01,112.9
CP09,2010-05-01,110.8
CP09,2010-06-01,111
CP09,2010-07-01,112.8
CP09,2010-08-01,114.1
CP09,2010-09-01,111.7
CP09,2010-10-01,112
CP09,2010-11-01,110
CP09,2010-12-01,109.1
CP09,2011-01-01,110.2
CP09,2011-02-01,109.7
CP09,2011-03-01,110
CP09,2011-04-01,109.3
CP09,2011-05-01,107.8
CP09,2011-06-01,108.1
CP09,2011-07-01,108.5
CP09,2011-08-01,105.5
CP09,2011-09-01,106.2
CP09,2011-10-01,105.9
CP09,2011-11-01,103.2
CP09,2011-12-01,107.3
CP09,2012-01-01,104
CP09,2012-02-01,104
CP09,2012-03-01,104.4
CP09,2012-04-01,104.1
CP09,2012-05-01,101.5
CP09,2012-06-01,101.7
CP09,2012-07-01,105.6
CP09,2012-08-01,102.9
CP09,2012-09-01,104.9
CP09,2012-10-01,104.6
CP09,2012-11-01,103.2
CP09,2012-12-01,106.9
CP09,2013-01-01,104.7
CP09,2013-02-01,104.6
CP09,2013-03-01,105.9
CP09,2013-04-01,104.9
CP09,2013-05-01,102.3
CP09,2013-06-01,102.8
CP09,2013-07-01,106.2
CP09,2013-08-01,103.1
CP09,2013-09-01,105.1
CP09,2013-10-01,104.7
CP09,2013-11-01,102.9
CP09,2013-12-01,107.2
CP09,2014-01-01,103.6
CP09,2014-02-01,103
CP09,2014-03-01,102.9
CP09,2014-04-01,103.1
CP09,2014-05-01,99.9
CP09,2014-06-01,99.7
CP09,2014-07-01,103.9
CP09,2014-08-01,100.6
CP09,2014-09-01,103.1
CP09,2014-10-01,102.2
CP09,2014-11-01,100.4
CP09,2014-12-01,104.5
CP09,2015-01-01,101.52
CP09,2015-02-01,101.68
CP09,2015-03-01,101.44
CP09,2015-04-01,99.42
CP09,2015-05-01,97.89
CP09,2015-06-01,97.91
CP09,2015-07-01,102.1
CP09,2015-08-01,98.83
CP09,2015-09-01,100.29
CP09,2015-10-01,100.07
CP09,2015-11-01,98.38
CP09,2015-12-01,100.47
CP09,2016-01-01,97.83
CP09,2016-02-01,98.17
CP09,2016-03-01,98.55
CP09,2016-04-01,98.31
CP09,2016-05-01,97.22
CP09,2016-06-01,96.96
CP09,2016-07-01,100.08
CP09,2016-08-01,99.42
CP09,2016-09-01,97.95
CP09,2016-10-01,98.6
CP09,2016-11-01,97.87
CP09,2016-12-01,97.8
CP09,2017-01-01,97.14
CP09,2017-02-01,98.15
CP09,2017-03-01,97.94
CP09,2017-04-01,99.49
CP09,2017-05-01,96.65
CP09,2017-06-01,98.01
CP09,2017-07-01,101.65
CP09,2017-08-01,100.81
CP09,2017-09-01,98.75
CP09,2017-10-01,99.66
CP09,2017-11-01,98.63
CP09,2017-12-01,100
CP09,2018-01-01,97.7
CP09,2018-02-01,99.4
CP09,2018-03-01,99.5
CP09,2018-04-01,100.48
CP09,2018-05-01,99.61
CP09,2018-06-01,99.52
CP09,2018-07-01,103.44
CP09,2018-08-01,102.62
CP09,2018-09-01,100.66
CP09,2018-10-01,101.43
CP09,2018-11-01,99.41
CP09,2018-12-01,101.42
CP09,2019-01-01,98.09
CP09,2019-02-01,99.35
CP09,2019-03-01,99.04
CP09,2019-04-01,102.59
CP09,2019-05-01,97.41
CP09,2019-06-01,99.9
CP09,2019-07-01,103.47
CP09,2019-08-01,102.98
CP09,2019-09-01,99.09
CP09,2019-10-01,99.98
CP09,2019-11-01,97.6
CP09,2019-12-01,99.34
CP09,2020-01-01,97.61
CP09,2020-02-01,98.04
CP09,2020-03-01,97.89
CP09,2020-04-01,99.65
CP09,2020-05-01,97.47
CP09,2020-06-01,96.23
CP09,2020-07-01,99.14
CP09,2020-08-01,97.71
CP09,2020-09-01,96.43
CP09,2020-10-01,97.37
CP09,2020-11-01,96.37
CP09,2020-12-01,97.95
CP09,2021-01-01,97.3
CP09,2021-02-01,97.26
CP09,2021-03-01,97.25
CP09,2021-04-01,96.94
CP09,2021-05-01,96.24
CP09,2021-06-01,96.49
CP09,2021-07-01,98.22
CP09,2021-08-01,97.9
CP09,2021-09-01,97.28
CP09,2021-10-01,98.26
CP09,2021-11-01,97.55
CP09,2021-12-01,98.44
CP09,2022-01-01,98.56
CP09,2022-02-01,99.2
CP09,2022-03-01,99.09
CP09,2022-04-01,99.04
CP09,2022-05-01,98.86
CP09,2022-06-01,99.41
CP09,2022-07-01,100.07
CP09,2022-08-01,99.86
CP09,2022-09-01,99.89
CP09,2022-10-01,99.99
CP09,2022-11-01,99.94
CP09,2022-12-01,100.13
CP09,2023-01-01,100.07
CP09,2023-02-01,101.31
CP09,2023-03-01,100.97
CP09,2023-04-01,102.12
CP09,2023-05-01,101.95
CP09,2023-06-01,101.94
CP09,2023-07-01,105.65
CP09,2023-08-01,104.35
CP09,2023-09-01,102.86
CP09,2023-10-01,104.49
CP09,2023-11-01,102.05
CP09,2023-12-01,104.29
CP09,2024-01-01,102.62
CP09,2024-02-01,103.94
CP09,2024-03-01,103.23
CP09,2024-04-01,104.1
CP09,2024-05-01,103.05
CP09,2024-06-01,103.98
CP09,2024-07-01,107.46
CP09,2024-08-01,107.13
CP09,2024-09-01,104.74
CP09,2024-10-01,106
CP09,2024-11-01,104.05
CP09,2024-12-01,104.71
CP09,2025-01-01,101.95
CP09,2025-02-01,103.97
CP09,2025-03-01,103.14
CP09,2025-04-01,107.21
CP09,2025-05-01,102.15
CP09,2025-06-01,105.32
CP09,2025-07-01,108.43
CP09,2025-08-01,106.09
CP09,2025-09-01,104.9
CP09,2025-10-01,106.64
CP09,2025-11-01,104.84
CP09,2025-12-01,106.05
CP10,2004-12-01,85.6
CP10,2005-01-01,85.6
CP10,2005-02-01,85.6
CP10,2005-03-01,85.6
CP10,2005-04-01,85.6
CP10,2005-05-01,85.6
CP10,2005-06-01,85.6
CP10,2005-07-01,85.6
CP10,2005-08-01,85.6
CP10,2005-09-01,86.9
CP10,2005-10-01,86.9
CP10,2005-11-01,86.9
CP10,2005-12-01,87
CP10,2006-01-01,87
CP10,2006-02-01,87
CP10,2006-03-01,87
CP10,2006-04-01,87
CP10,2006-05-01,87
CP10,2006-06-01,87
CP10,2006-07-01,87
CP10,2006-08-01,87
CP10,2006-09-01,88.3
CP10,2006-10-01,88.3
CP10,2006-11-01,88.3
CP10,2006-12-01,88.5
CP10,2007-01-01,88.5
CP10,2007-02-01,88.5
CP10,2007-03-01,88.5
CP10,2007-04-01,88.5
CP10,2007-05-01,88.5
CP10,2007-06-01,88.5
CP10,2007-07-01,88.5
CP10,2007-08-01,88.5
CP10,2007-09-01,89.4
CP10,2007-10-01,89.4
CP10,2007-11-01,89.4
CP10,2007-12-01,89.7
CP10,2008-01-01,89.7
CP10,2008-02-01,89.7
CP10,2008-03-01,89.7
CP10,2008-04-01,89.7
CP10,2008-05-01,89.7
CP10,2008-06-01,89.7
CP10,2008-07-01,89.7
CP10,2008-08-01,89.7
CP10,2008-09-01,91.1
CP10,2008-10-01,91.1
CP10,2008-11-01,91.1
CP10,2008-12-01,91.3
CP10,2009-01-01,91.3
CP10,2009-02-01,91.3
CP10,2009-03-01,91.3
CP10,2009-04-01,91.3
CP10,2009-05-01,91.3
CP10,2009-06-01,91.3
CP10,2009-07-01,91.3
CP10,2009-08-01,91.3
CP10,2009-09-01,92.3
CP10,2009-10-01,92.3
CP10,2009-11-01,92.3
CP10,2009-12-01,92.4
CP10,2010-01-01,92.4
CP10,2010-02-01,92.4
CP10,2010-03-01,92.4
CP10,2010-04-01,92.4
CP10,2010-05-01,92.4
CP10,2010-06-01,92.4
CP10,2010-07-01,92.4
CP10,2010-08-01,92.4
CP10,2010-09-01,93.3
CP10,2010-10-01,93.3
CP10,2010-11-01,93.3
CP10,2010-12-01,93.7
CP10,2011-01-01,93.7
CP10,2011-02-01,93.7
CP10,2011-03-01,93.7
CP10,2011-04-01,93.7
CP10,2011-05-01,93.7
CP10,2011-06-01,93.7
CP10,2011-07-01,93.7
CP10,2011-08-01,93.7
CP10,2011-09-01,94.4
CP10,2011-10-01,94.4
CP10,2011-11-01,94.4
CP10,2011-12-01,95.2
CP10,2012-01-01,95.2
CP10,2012-02-01,95.2
CP10,2012-03-01,95.2
CP10,2012-04-01,95.2
CP10,2012-05-01,95.2
CP10,2012-06-01,95.2
CP10,2012-07-01,95.2
CP10,2012-08-01,95.2
CP10,2012-09-01,96.4
CP10,2012-10-01,96.4
CP10,2012-11-01,96.4
CP10,2012-12-01,96.6
CP10,2013-01-01,96.6
CP10,2013-02-01,96.6
CP10,2013-03-01,96.6
CP10,2013-04-01,96.6
CP10,2013-05-01,96.6
CP10,2013-06-01,96.6
CP10,2013-07-01,96.6
CP10,2013-08-01,96.6
CP10,2013-09-01,98.5
CP10,2013-10-01,98.5
CP10,2013-11-01,98.5
CP10,2013-12-01,98.6
CP10,2014-01-01,98.6
CP10,2014-02-01,98.6
CP10,2014-03-01,98.6
CP10,2014-04-01,98.6
CP10,2014-05-01,98.6
CP10,2014-06-01,98.6
CP10,2014-07-01,98.6
CP10,2014-08-01,98.6
CP10,2014-09-01,99.2
CP10,2014-10-01,99.2
CP10,2014-11-01,99.2
CP10,2014-12-01,99.7
CP10,2015-01-01,99.75
CP10,2015-02-01,99.75
CP10,2015-03-01,99.75
CP10,2015-04-01,99.75
CP10,2015-05-01,99.75
CP10,2015-06-01,99.75
CP10,2015-07-01,99.75
CP10,2015-08-01,99.75
CP10,2015-09-01,100.52
CP10,2015-10-01,100.52
CP10,2015-11-01,100.52
CP10,2015-12-01,100.47
CP10,2016-01-01,100.47
CP10,2016-02-01,100.47
CP10,2016-03-01,100.47
CP10,2016-04-01,100.47
CP10,2016-05-01,100.47
CP10,2016-06-01,100.47
CP10,2016-07-01,100.47
CP10,2016-08-01,101.02
CP10,2016-09-01,101.04
CP10,2016-10-01,101.04
CP10,2016-11-01,101.04
CP10,2016-12-01,101.04
CP10,2017-01-01,101.04
CP10,2017-02-01,101.04
CP10,2017-03-01,101.04
CP10,2017-04-01,101.04
CP10,2017-05-01,101.04
CP10,2017-06-01,101.04
CP10,2017-07-01,101.04
CP10,2017-08-01,102.27
CP10,2017-09-01,102.42
CP10,2017-10-01,102.42
CP10,2017-11-01,102.42
CP10,2017-12-01,102.42
CP10,2018-01-01,102.42
CP10,2018-02-01,102.42
CP10,2018-03-01,102.42
CP10,2018-04-01,102.42
CP10,2018-05-01,102.42
CP10,2018-06-01,102.42
CP10,2018-07-01,102.42
CP10,2018-08-01,103.2
CP10,2018-09-01,103.1
CP10,2018-10-01,103.1
CP10,2018-11-01,103.1
CP10,2018-12-01,103.1
CP10,2019-01-01,103.1
CP10,2019-02-01,103.1
CP10,2019-03-01,103.1
CP10,2019-04-01,103.1
CP10,2019-05-01,103.1
CP10,2019-06-01,103.1
CP10,2019-07-01,103.1
CP10,2019-08-01,104.03
CP10,2019-09-01,104.03
CP10,2019-10-01,104.03
CP10,2019-11-01,104.03
CP10,2019-12-01,104.03
CP10,2020-01-01,104.03
CP10,2020-02-01,104.03
CP10,2020-03-01,104.03
CP10,2020-04-01,104.03
CP10,2020-05-01,104.03
CP10,2020-06-01,104.03
CP10,2020-07-01,104.03
CP10,2020-08-01,104.83
CP10,2020-09-01,104.83
CP10,2020-10-01,104.83
CP10,2020-11-01,104.83
CP10,2020-12-01,104.83
CP10,2021-01-01,104.83
CP10,2021-02-01,104.83
CP10,2021-03-01,104.83
CP10,2021-04-01,104.83
CP10,2021-05-01,104.83
CP10,2021-06-01,104.83
CP10,2021-07-01,104.83
CP10,2021-08-01,105.57
CP10,2021-09-01,105.57
CP10,2021-10-01,105.57
CP10,2021-11-01,105.57
CP10,2021-12-01,105.57
CP10,2022-01-01,105.57
CP10,2022-02-01,105.57
CP10,2022-03-01,105.57
CP10,2022-04-01,105.57
CP10,2022-05-01,105.57
CP10,2022-06-01,105.57
CP10,2022-07-01,105.57
CP10,2022-08-01,105.86
CP10,2022-09-01,105.86
CP10,2022-10-01,105.86
CP10,2022-11-01,105.86
CP10,2022-12-01,105.86
CP10,2023-01-01,105.86
CP10,2023-02-01,105.86
CP10,2023-03-01,105.86
CP10,2023-04-01,105.86
CP10,2023-05-01,105.86
CP10,2023-06-01,105.86
CP10,2023-07-01,105.86
CP10,2023-08-01,107.5
CP10,2023-09-01,107.52
CP10,2023-10-01,107.52
CP10,2023-11-01,107.52
CP10,2023-12-01,107.52
CP10,2024-01-01,107.52
CP10,2024-02-01,107.52
CP10,2024-03-01,107.52
CP10,2024-04-01,107.52
CP10,2024-05-01,107.52
CP10,2024-06-01,107.52
CP10,2024-07-01,107.52
CP10,2024-08-01,108.29
CP10,2024-09-01,108.29
CP10,2024-10-01,108.29
CP10,2024-11-01,108.29
CP10,2024-12-01,108.29
CP10,2025-01-01,108.29
CP10,2025-02-01,108.29
CP10,2025-03-01,108.29
CP10,2025-04-01,108.29
CP10,2025-05-01,108.29
CP10,2025-06-01,108.29
CP10,2025-07-01,108.29
CP10,2025-08-01,111.09
CP10,2025-09-01,111.09
CP10,2025-10-01,111.09
CP10,2025-11-01,111.09
CP10,2025-12-01,111.09
CP11,2004-12-01,89.4
CP11,2005-01-01,90.2
CP11,2005-02-01,90.2
CP11,2005-03-01,90.2
CP11,2005-04-01,90.6
CP11,2005-05-01,90.6
CP11,2005-06-01,90.6
CP11,2005-07-01,90.3
CP11,2005-08-01,90.3
CP11,2005-09-01,90.3
CP11,2005-10-01,90.1
CP11,2005-11-01,90.1
CP11,2005-12-01,90.1
CP11,2006-01-01,91.9
CP11,2006-02-01,91.9
CP11,2006-03-01,91.9
CP11,2006-04-01,91.7
CP11,2006-05-01,91.7
CP11,2006-06-01,91.7
CP11,2006-07-01,91.5
CP11,2006-08-01,91.5
CP11,2006-09-01,91.5
CP11,2006-10-01,90.9
CP11,2006-11-01,90.9
CP11,2006-12-01,90.9
CP11,2007-01-01,93.2
CP11,2007-02-01,93.2
CP11,2007-03-01,93.2
CP11,2007-04-01,93
CP11,2007-05-01,93
CP11,2007-06-01,93
CP11,2007-07-01,92.3
CP11,2007-08-01,92.3
CP11,2007-09-01,92.3
CP11,2007-10-01,92.3
CP11,2007-11-01,92.3
CP11,2007-12-01,92.3
CP11,2008-01-01,94.7
CP11,2008-02-01,95.1
CP11,2008-03-01,95.1
CP11,2008-04-01,95.2
CP11,2008-05-01,94.8
CP11,2008-06-01,95
CP11,2008-07-01,94.9
CP11,2008-08-01,95.1
CP11,2008-09-01,95
CP11,2008-10-01,94.8
CP11,2008-11-01,94.8
CP11,2008-12-01,95.1
CP11,2009-01-01,96.5
CP11,2009-02-01,96.7
CP11,2009-03-01,97
CP11,2009-04-01,96.8
CP11,2009-05-01,96.5
CP11,2009-06-01,96.4
CP11,2009-07-01,96.3
CP11,2009-08-01,96.6
CP11,2009-09-01,96.4
CP11,2009-10-01,96.1
CP11,2009-11-01,96.1
CP11,2009-12-01,96.1
CP11,2010-01-01,97.5
CP11,2010-02-01,97.8
CP11,2010-03-01,97.8
CP11,2010-04-01,97.7
CP11,2010-05-01,97.4
CP11,2010-06-01,97.1
CP11,2010-07-01,96.9
CP11,2010-08-01,97.2
CP11,2010-09-01,97
CP11,2010-10-01,96.8
CP11,2010-11-01,96.6
CP11,2010-12-01,96.9
CP11,2011-01-01,98.7
CP11,2011-02-01,98.7
CP11,2011-03-01,98.9
CP11,2011-04-01,98.7
CP11,2011-05-01,98.6
CP11,2011-06-01,98.7
CP11,2011-07-01,98.6
CP11,2011-08-01,98.4
CP11,2011-09-01,98.4
CP11,2011-10-01,98.2
CP11,2011-11-01,97.9
CP11,2011-12-01,98.1
CP11,2012-01-01,99
CP11,2012-02-01,99.2
CP11,2012-03-01,99.8
CP11,2012-04-01,99
CP11,2012-05-01,99.3
CP11,2012-06-01,99.3
CP11,2012-07-01,99
CP11,2012-08-01,98.9
CP11,2012-09-01,98.9
CP11,2012-10-01,98.6
CP11,2012-11-01,98.5
CP11,2012-12-01,98.6
CP11,2013-01-01,99.6
CP11,2013-02-01,99.6
CP11,2013-03-01,100.1
CP11,2013-04-01,99.8
CP11,2013-05-01,99.8
CP11,2013-06-01,99.9
CP11,2013-07-01,99.9
CP11,2013-08-01,99.7
CP11,2013-09-01,99.4
CP11,2013-10-01,99.3
CP11,2013-11-01,99.2
CP11,2013-12-01,99.3
CP11,2014-01-01,100.7
CP11,2014-02-01,100.5
CP11,2014-03-01,101.2
CP11,2014-04-01,100.6
CP11,2014-05-01,100.7
CP11,2014-06-01,100.6
CP11,2014-07-01,99.9
CP11,2014-08-01,100
CP11,2014-09-01,99.9
CP11,2014-10-01,99.7
CP11,2014-11-01,99.3
CP11,2014-12-01,99.4
CP11,2015-01-01,100.43
CP11,2015-02-01,100.58
CP11,2015-03-01,101.02
CP11,2015-04-01,100.24
CP11,2015-05-01,100.57
CP11,2015-06-01,100.26
CP11,2015-07-01,100.02
CP11,2015-08-01,99.83
CP11,2015-09-01,99.67
CP11,2015-10-01,99.47
CP11,2015-11-01,98.96
CP11,2015-12-01,98.95
CP11,2016-01-01,100.09
CP11,2016-02-01,100.09
CP11,2016-03-01,100.81
CP11,2016-04-01,99.84
CP11,2016-05-01,99.69
CP11,2016-06-01,100.23
CP11,2016-07-01,99.49
CP11,2016-08-01,99.79
CP11,2016-09-01,99.71
CP11,2016-10-01,99.25
CP11,2016-11-01,98.57
CP11,2016-12-01,98.87
CP11,2017-01-01,100.15
CP11,2017-02-01,100.34
CP11,2017-03-01,100.69
CP11,2017-04-01,100.52
CP11,2017-05-01,100.65
CP11,2017-06-01,100.59
CP11,2017-07-01,100.19
CP11,2017-08-01,99.65
CP11,2017-09-01,99.61
CP11,2017-10-01,99.42
CP11,2017-11-01,98.85
CP11,2017-12-01,99.49
CP11,2018-01-01,100.64
CP11,2018-02-01,100.69
CP11,2018-03-01,101.49
CP11,2018-04-01,100.01
CP11,2018-05-01,100.43
CP11,2018-06-01,100.55
CP11,2018-07-01,100.73
CP11,2018-08-01,100.64
CP11,2018-09-01,100.35
CP11,2018-10-01,100.02
CP11,2018-11-01,99.36
CP11,2018-12-01,99.62
CP11,2019-01-01,101.35
CP11,2019-02-01,101.14
CP11,2019-03-01,101.98
CP11,2019-04-01,101.11
CP11,2019-05-01,100.89
CP11,2019-06-01,101.3
CP11,2019-07-01,101.31
CP11,2019-08-01,101.49
CP11,2019-09-01,101.14
CP11,2019-10-01,100.42
CP11,2019-11-01,99.86
CP11,2019-12-01,100.28
CP11,2020-01-01,102.69
CP11,2020-02-01,102.16
CP11,2020-03-01,101.92
CP11,2020-04-01,101.03
CP11,2020-05-01,100.72
CP11,2020-06-01,100.58
CP11,2020-07-01,100.99
CP11,2020-08-01,101.59
CP11,2020-09-01,100.92
CP11,2020-10-01,100.98
CP11,2020-11-01,100.01
CP11,2020-12-01,100.29
CP11,2021-01-01,101.06
CP11,2021-02-01,100.96
CP11,2021-03-01,101.25
CP11,2021-04-01,101.53
CP11,2021-05-01,101.73
CP11,2021-06-01,101.72
CP11,2021-07-01,101.73
CP11,2021-08-01,102
CP11,2021-09-01,102.05
CP11,2021-10-01,102.13
CP11,2021-11-01,101.5
CP11,2021-12-01,101.9
CP11,2022-01-01,103.93
CP11,2022-02-01,104.65
CP11,2022-03-01,103.71
CP11,2022-04-01,103.18
CP11,2022-05-01,103.05
CP11,2022-06-01,103.72
CP11,2022-07-01,105.59
CP11,2022-08-01,105.43
CP11,2022-09-01,104.39
CP11,2022-10-01,104.14
CP11,2022-11-01,103.13
CP11,2022-12-01,104.91
CP11,2023-01-01,106.89
CP11,2023-02-01,108.71
CP11,2023-03-01,106.97
CP11,2023-04-01,106.48
CP11,2023-05-01,106.55
CP11,2023-06-01,107.37
CP11,2023-07-01,109.02
CP11,2023-08-01,108.67
CP11,2023-09-01,107.31
CP11,2023-10-01,107.04
CP11,2023-11-01,105.9
CP11,2023-12-01,107.94
CP11,2024-01-01,109.82
CP11,2024-02-01,110.3
CP11,2024-03-01,110.1
CP11,2024-04-01,109.65
CP11,2024-05-01,109.85
CP11,2024-06-01,110.52
CP11,2024-07-01,110.97
CP11,2024-08-01,110.75
CP11,2024-09-01,110.75
CP11,2024-10-01,110.13
CP11,2024-11-01,109.46
CP11,2024-12-01,109.98
CP11,2025-01-01,112.11
CP11,2025-02-01,111.77
CP11,2025-03-01,111.63
CP11,2025-04-01,111.41
CP11,2025-05-01,111.19
CP11,2025-06-01,112.14
CP11,2025-07-01,112.84
CP11,2025-08-01,112.76
CP11,2025-09-01,112.12
CP11,2025-10-01,111.51
CP11,2025-11-01,110.08
CP11,2025-12-01,111.05
CP12,2004-12-01,89.9
CP12,2005-01-01,90
CP12,2005-02-01,90.8
CP12,2005-03-01,90.8
CP12,2005-04-01,90.8
CP12,2005-05-01,91.2
CP12,2005-06-01,91.2
CP12,2005-07-01,91.2
CP12,2005-08-01,91.2
CP12,2005-09-01,91.2
CP12,2005-10-01,91.2
CP12,2005-11-01,91.2
CP12,2005-12-01,91.2
CP12,2006-01-01,91.5
CP12,2006-02-01,91.6
CP12,2006-03-01,91.6
CP12,2006-04-01,91.6
CP12,2006-05-01,91.6
CP12,2006-06-01,91.6
CP12,2006-07-01,91.6
CP12,2006-08-01,91.5
CP12,2006-09-01,91.5
CP12,2006-10-01,91.5
CP12,2006-11-01,91.6
CP12,2006-12-01,91.6
CP12,2007-01-01,91.3
CP12,2007-02-01,93.6
CP12,2007-03-01,93.6
CP12,2007-04-01,93.6
CP12,2007-05-01,93.6
CP12,2007-06-01,93.6
CP12,2007-07-01,93.6
CP12,2007-08-01,93.7
CP12,2007-09-01,93.7
CP12,2007-10-01,93.7
CP12,2007-11-01,93.9
CP12,2007-12-01,93.9
CP12,2008-01-01,93.8
CP12,2008-02-01,94
CP12,2008-03-01,94.1
CP12,2008-04-01,94.1
CP12,2008-05-01,94.3
CP12,2008-06-01,94.4
CP12,2008-07-01,94.2
CP12,2008-08-01,94.4
CP12,2008-09-01,94.4
CP12,2008-10-01,94.4
CP12,2008-11-01,94.4
CP12,2008-12-01,94.4
CP12,2009-01-01,94.9
CP12,2009-02-01,94.8
CP12,2009-03-01,94.7
CP12,2009-04-01,94.8
CP12,2009-05-01,94.5
CP12,2009-06-01,94.6
CP12,2009-07-01,94.6
CP12,2009-08-01,94.8
CP12,2009-09-01,94.8
CP12,2009-10-01,94.8
CP12,2009-11-01,94.9
CP12,2009-12-01,94.9
CP12,2010-01-01,95.6
CP12,2010-02-01,96
CP12,2010-03-01,96
CP12,2010-04-01,96
CP12,2010-05-01,96.1
CP12,2010-06-01,96.1
CP12,2010-07-01,96
CP12,2010-08-01,96.1
CP12,2010-09-01,96
CP12,2010-10-01,96
CP12,2010-11-01,95.9
CP12,2010-12-01,95.9
CP12,2011-01-01,96
CP12,2011-02-01,96.9
CP12,2011-03-01,96.8
CP12,2011-04-01,96.5
CP12,2011-05-01,96.5
CP12,2011-06-01,96.5
CP12,2011-07-01,96.5
CP12,2011-08-01,96.7
CP12,2011-09-01,96.4
CP12,2011-10-01,96.3
CP12,2011-11-01,96.2
CP12,2011-12-01,96.2
CP12,2012-01-01,96.5
CP12,2012-02-01,96.7
CP12,2012-03-01,96.7
CP12,2012-04-01,96.7
CP12,2012-05-01,96.8
CP12,2012-06-01,96.6
CP12,2012-07-01,96.8
CP12,2012-08-01,96.7
CP12,2012-09-01,96.6
CP12,2012-10-01,96.5
CP12,2012-11-01,96.6
CP12,2012-12-01,96.6
CP12,2013-01-01,97.1
CP12,2013-02-01,97.6
CP12,2013-03-01,97.5
CP12,2013-04-01,97.5
CP12,2013-05-01,98.3
CP12,2013-06-01,98.4
CP12,2013-07-01,98.5
CP12,2013-08-01,98.4
CP12,2013-09-01,98.5
CP12,2013-10-01,98.4
CP12,2013-11-01,98.4
CP12,2013-12-01,98.5
CP12,2014-01-01,98.2
CP12,2014-02-01,98.4
CP12,2014-03-01,98.7
CP12,2014-04-01,98.8
CP12,2014-05-01,98.9
CP12,2014-06-01,98.8
CP12,2014-07-01,98.9
CP12,2014-08-01,99.8
CP12,2014-09-01,99.7
CP12,2014-10-01,99.4
CP12,2014-11-01,100.1
CP12,2014-12-01,100.2
CP12,2015-01-01,100.39
CP12,2015-02-01,100.1
CP12,2015-03-01,100.22
CP12,2015-04-01,100.1
CP12,2015-05-01,99.95
CP12,2015-06-01,99.92
CP12,2015-07-01,99.92
CP12,2015-08-01,99.73
CP12,2015-09-01,99.85
CP12,2015-10-01,99.81
CP12,2015-11-01,100
CP12,2015-12-01,100
CP12,2016-01-01,99.81
CP12,2016-02-01,100.16
CP12,2016-03-01,99.95
CP12,2016-04-01,100.22
CP12,2016-05-01,100.13
CP12,2016-06-01,100.04
CP12,2016-07-01,99.83
CP12,2016-08-01,100.11
CP12,2016-09-01,100.2
CP12,2016-10-01,100.15
CP12,2016-11-01,100.2
CP12,2016-12-01,100.23
CP12,2017-01-01,100.08
CP12,2017-02-01,100.38
CP12,2017-03-01,100.44
CP12,2017-04-01,100.39
CP12,2017-05-01,100.41
CP12,2017-06-01,100.36
CP12,2017-07-01,100.31
CP12,2017-08-01,100.44
CP12,2017-09-01,100.56
CP12,2017-10-01,100.62
CP12,2017-11-01,100.46
CP12,2017-12-01,100.51
CP12,2018-01-01,100.55
CP12,2018-02-01,100.48
CP12,2018-03-01,100.69
CP12,2018-04-01,100.75
CP12,2018-05-01,100.75
CP12,2018-06-01,100.71
CP12,2018-07-01,100.63
CP12,2018-08-01,100.71
CP12,2018-09-01,100.77
CP12,2018-10-01,100.73
CP12,2018-11-01,100.96
CP12,2018-12-01,100.87
CP12,2019-01-01,101.1
CP12,2019-02-01,101.23
CP12,2019-03-01,101.37
CP12,2019-04-01,101.07
CP12,2019-05-01,101.65
CP12,2019-06-01,101.63
CP12,2019-07-01,101.5
CP12,2019-08-01,101.8
CP12,2019-09-01,101.91
CP12,2019-10-01,101.98
CP12,2019-11-01,101.97
CP12,2019-12-01,101.7
CP12,2020-01-01,101.8
CP12,2020-02-01,101.78
CP12,2020-03-01,102.01
CP12,2020-04-01,101.98
CP12,2020-05-01,102.13
CP12,2020-06-01,102.19
CP12,2020-07-01,102.01
CP12,2020-08-01,102.24
CP12,2020-09-01,102.18
CP12,2020-10-01,102.23
CP12,2020-11-01,102.17
CP12,2020-12-01,102.02
CP12,2021-01-01,102.37
CP12,2021-02-01,102.39
CP12,2021-03-01,102.48
CP12,2021-04-01,102.39
CP12,2021-05-01,102.65
CP12,2021-06-01,102.58
CP12,2021-07-01,102.38
CP12,2021-08-01,102.46
CP12,2021-09-01,102.47
CP12,2021-10-01,102.67
CP12,2021-11-01,102.42
CP12,2021-12-01,102.54
CP12,2022-01-01,102.47
CP12,2022-02-01,102.57
CP12,2022-03-01,102.34
CP12,2022-04-01,102.46
CP12,2022-05-01,103.12
CP12,2022-06-01,103.1
CP12,2022-07-01,103.04
CP12,2022-08-01,103.81
CP12,2022-09-01,103.83
CP12,2022-10-01,103.99
CP12,2022-11-01,103.96
CP12,2022-12-01,104.22
CP12,2023-01-01,105.23
CP12,2023-02-01,105.45
CP12,2023-03-01,105.28
CP12,2023-04-01,105.6
CP12,2023-05-01,106.08
CP12,2023-06-01,106.03
CP12,2023-07-01,106.1
CP12,2023-08-01,107.72
CP12,2023-09-01,107.69
CP12,2023-10-01,107.79
CP12,2023-11-01,107.61
CP12,2023-12-01,107.74
CP12,2024-01-01,108.28
CP12,2024-02-01,107.98
CP12,2024-03-01,107.88
CP12,2024-04-01,108.23
CP12,2024-05-01,108.18
CP12,2024-06-01,108.03
CP12,2024-07-01,107.84
CP12,2024-08-01,108
CP12,2024-09-01,108.15
CP12,2024-10-01,107.99
CP12,2024-11-01,108.09
CP12,2024-12-01,107.96
CP12,2025-01-01,109.29
CP12,2025-02-01,109.13
CP12,2025-03-01,109.03
CP12,2025-04-01,109.34
CP12,2025-05-01,108.73
CP12,2025-06-01,108.55
CP12,2025-07-01,108.55
CP12,2025-08-01,108.62
CP12,2025-09-01,108.39
CP12,2025-10-01,108.51
CP12,2025-11-01,108.42
CP12,2025-12-01,108.67
