sex,worktime,measure,date,value
F,FT,annual,2010-01-01,1834.7675416
F,FT,annual,2011-01-01,1825.4961559
F,FT,annual,2012-01-01,1805.3402444
F,FT,annual,2013-01-01,1789.3548948
F,FT,annual,2014-01-01,1796.6292669
F,FT,annual,2015-01-01,1807.8033829
F,FT,annual,2016-01-01,1815.0597504
F,FT,annual,2017-01-01,1788.4113702
F,FT,annual,2018-01-01,1785.0101511
F,FT,annual,2019-01-01,1790.7163053
F,FT,annual,2020-01-01,1715.3725094
F,FT,annual,2021-01-01,1769.4066815
F,FT,annual,2022-01-01,1757.7023678
F,FT,annual,2023-01-01,1744.4760997
F,FT,annual,2024-01-01,1746.0143031
F,FT,annual,2025-01-01,1734.2553856
F,FT,volume,2010-01-01,1581325612.1
F,FT,volume,2011-01-01,1635666932.1
F,FT,volume,2012-01-01,1625748006.8
F,FT,volume,2013-01-01,1629915323.7
F,FT,volume,2014-01-01,1660759067.7
F,FT,volume,2015-01-01,1703188111.3
F,FT,volume,2016-01-01,1742509949.3
F,FT,volume,2017-01-01,1733716450.3
F,FT,volume,2018-01-01,1728800044.2
F,FT,volume,2019-01-01,1715954987.6
F,FT,volume,2020-01-01,1666355415
F,FT,volume,2021-01-01,1739347069.5
F,FT,volume,2022-01-01,1784879279.9
F,FT,volume,2023-01-01,1805856435.3
F,FT,volume,2024-01-01,1799696854
F,FT,volume,2025-01-01,1800939582.1
F,FT,weekly,2010-01-01,39.681468151
F,FT,weekly,2011-01-01,39.681826174
F,FT,weekly,2012-01-01,39.507708855
F,FT,weekly,2013-01-01,39.480345637
F,FT,weekly,2014-01-01,39.63555701
F,FT,weekly,2015-01-01,39.539121264
F,FT,weekly,2016-01-01,39.57436738
F,FT,weekly,2017-01-01,39.347153599
F,FT,weekly,2018-01-01,39.470754671
F,FT,weekly,2019-01-01,39.594988951
F,FT,weekly,2020-01-01,36.300991412
F,FT,weekly,2021-01-01,37.571937239
F,FT,weekly,2022-01-01,38.391064555
F,FT,weekly,2023-01-01,38.482497535
F,FT,weekly,2024-01-01,38.563630508
F,FT,weekly,2025-01-01,38.421496304
F,PT,annual,2010-01-01,822.93639812
F,PT,annual,2011-01-01,823.01045526
F,PT,annual,2012-01-01,826.53254499
F,PT,annual,2013-01-01,821.58027291
F,PT,annual,2014-01-01,828.58716514
F,PT,annual,2015-01-01,834.52133562
F,PT,annual,2016-01-01,832.93128842
F,PT,annual,2017-01-01,832.43458446
F,PT,annual,2018-01-01,834.36498715
F,PT,annual,2019-01-01,835.26166769
F,PT,annual,2020-01-01,809.65058
F,PT,annual,2021-01-01,837.22794872
F,PT,annual,2022-01-01,855.31699548
F,PT,annual,2023-01-01,861.78532524
F,PT,annual,2024-01-01,864.11594864
F,PT,annual,2025-01-01,860.96596759
F,PT,volume,2010-01-01,1083273909.8
F,PT,volume,2011-01-01,1102789826.9
F,PT,volume,2012-01-01,1149907048.9
F,PT,volume,2013-01-01,1159617697
F,PT,volume,2014-01-01,1208628966
F,PT,volume,2015-01-01,1242752081.5
F,PT,volume,2016-01-01,1267709553
F,PT,volume,2017-01-01,1267275681.7
F,PT,volume,2018-01-01,1299601502.6
F,PT,volume,2019-01-01,1337833982.3
F,PT,volume,2020-01-01,1270830868.5
F,PT,volume,2021-01-01,1312228396.3
F,PT,volume,2022-01-01,1339048581.7
F,PT,volume,2023-01-01,1396721074.5
F,PT,volume,2024-01-01,1434739059.1
F,PT,volume,2025-01-01,1433609059.7
F,PT,weekly,2010-01-01,17.429905785
F,PT,weekly,2011-01-01,17.534928164
F,PT,weekly,2012-01-01,17.740750273
F,PT,weekly,2013-01-01,17.783429361
F,PT,weekly,2014-01-01,17.947928324
F,PT,weekly,2015-01-01,17.916289714
F,PT,weekly,2016-01-01,17.833238974
F,PT,weekly,2017-01-01,17.990485933
F,PT,weekly,2018-01-01,18.118062028
F,PT,weekly,2019-01-01,18.157463362
F,PT,weekly,2020-01-01,17.236697906
F,PT,weekly,2021-01-01,17.887114533
F,PT,weekly,2022-01-01,18.329104576
F,PT,weekly,2023-01-01,18.642179859
F,PT,weekly,2024-01-01,18.671915985
F,PT,weekly,2025-01-01,18.716215821
F,PT_I,annual,2010-01-01,1205.5413847
F,PT_I,annual,2011-01-01,1203.3150983
F,PT_I,annual,2012-01-01,1198.154342
F,PT_I,annual,2013-01-01,1181.0349163
F,PT_I,annual,2014-01-01,1196.8302352
F,PT_I,annual,2015-01-01,1199.7817549
F,PT_I,annual,2016-01-01,1213.0557667
F,PT_I,annual,2017-01-01,1200.6588525
F,PT_I,annual,2018-01-01,1195.6168292
F,PT_I,annual,2019-01-01,1196.2446494
F,PT_I,annual,2020-01-01,1153.1906804
F,PT_I,annual,2021-01-01,1186.6716756
F,PT_I,annual,2022-01-01,1202.4001645
F,PT_I,annual,2023-01-01,1208.6350218
F,PT_I,annual,2024-01-01,1211.6965944
F,PT_I,annual,2025-01-01,1202.7825214
F,PT_I,volume,2010-01-01,782478882.73
F,PT_I,volume,2011-01-01,798897126.75
F,PT_I,volume,2012-01-01,834002619.29
F,PT_I,volume,2013-01-01,842169443.23
F,PT_I,volume,2014-01-01,886558219.69
F,PT_I,volume,2015-01-01,913899059.13
F,PT_I,volume,2016-01-01,927583345.77
F,PT_I,volume,2017-01-01,931378394.81
F,PT_I,volume,2018-01-01,962775911.97
F,PT_I,volume,2019-01-01,991213349.27
F,PT_I,volume,2020-01-01,955752372.44
F,PT_I,volume,2021-01-01,984537259.52
F,PT_I,volume,2022-01-01,1001600478.6
F,PT_I,volume,2023-01-01,1048783195.5
F,PT_I,volume,2024-01-01,1091908546.8
F,PT_I,volume,2025-01-01,1095852774.8
F,PT_I,weekly,2010-01-01,26.085909373
F,PT_I,weekly,2011-01-01,26.161978239
F,PT_I,weekly,2012-01-01,26.247031051
F,PT_I,weekly,2013-01-01,26.085293871
F,PT_I,weekly,2014-01-01,26.444357725
F,PT_I,weekly,2015-01-01,26.285016332
F,PT_I,weekly,2016-01-01,26.476318752
F,PT_I,weekly,2017-01-01,26.476233068
F,PT_I,weekly,2018-01-01,26.493622743
F,PT_I,weekly,2019-01-01,26.530567031
F,PT_I,weekly,2020-01-01,24.868018404
F,PT_I,weekly,2021-01-01,25.578134729
F,PT_I,weekly,2022-01-01,26.26192683
F,PT_I,weekly,2023-01-01,26.666453232
F,PT_I,weekly,2024-01-01,26.701218199
F,PT_I,weekly,2025-01-01,26.661845152
F,PT_II,annual,2010-01-01,450.77548181
F,PT_II,annual,2011-01-01,449.5235866
F,PT_II,annual,2012-01-01,454.42789612
F,PT_II,annual,2013-01-01,454.55576352
F,PT_II,annual,2014-01-01,448.62446514
F,PT_II,annual,2015-01-01,452.05747363
F,PT_II,annual,2016-01-01,449.1187762
F,PT_II,annual,2017-01-01,449.87251674
F,PT_II,annual,2018-01-01,447.7045704
F,PT_II,annual,2019-01-01,448.35726958
F,PT_II,annual,2020-01-01,425.31358508
F,PT_II,annual,2021-01-01,444.21476291
F,PT_II,annual,2022-01-01,460.64396758
F,PT_II,annual,2023-01-01,462.07635306
F,PT_II,annual,2024-01-01,451.55945049
F,PT_II,annual,2025-01-01,447.9413637
F,PT_II,volume,2010-01-01,300795027.06
F,PT_II,volume,2011-01-01,303892700.14
F,PT_II,volume,2012-01-01,315904429.58
F,PT_II,volume,2013-01-01,317448253.76
F,PT_II,volume,2014-01-01,322070746.35
F,PT_II,volume,2015-01-01,328853022.39
F,PT_II,volume,2016-01-01,340126207.19
F,PT_II,volume,2017-01-01,335897286.87
F,PT_II,volume,2018-01-01,336825590.67
F,PT_II,volume,2019-01-01,346620633.04
F,PT_II,volume,2020-01-01,315078496.06
F,PT_II,volume,2021-01-01,327691136.76
F,PT_II,volume,2022-01-01,337448103.05
F,PT_II,volume,2023-01-01,347937878.95
F,PT_II,volume,2024-01-01,342830512.32
F,PT_II,volume,2025-01-01,337756284.88
F,PT_II,weekly,2010-01-01,9.3548029224
F,PT_II,weekly,2011-01-01,9.3926044621
F,PT_II,weekly,2012-01-01,9.5606497946
F,PT_II,weekly,2013-01-01,9.6422753153
F,PT_II,weekly,2014-01-01,9.5243691572
F,PT_II,weekly,2015-01-01,9.5056467922
F,PT_II,weekly,2016-01-01,9.4342076806
F,PT_II,weekly,2017-01-01,9.5253442198
F,PT_II,weekly,2018-01-01,9.5176172161
F,PT_II,weekly,2019-01-01,9.5439448805
F,PT_II,weekly,2020-01-01,8.9269461579
F,PT_II,weekly,2021-01-01,9.3974290809
F,PT_II,weekly,2022-01-01,9.6642968499
F,PT_II,weekly,2023-01-01,9.7754740913
F,PT_II,weekly,2024-01-01,9.5374216605
F,PT_II,weekly,2025-01-01,9.5155337294
F,_T,annual,2010-01-01,1223.292794
F,_T,annual,2011-01-01,1224.7350162
F,_T,annual,2012-01-01,1211.1435038
F,_T,annual,2013-01-01,1201.1716691
F,_T,annual,2014-01-01,1204.0885613
F,_T,annual,2015-01-01,1211.667466
F,_T,annual,2016-01-01,1212.8129103
F,_T,annual,2017-01-01,1204.3520745
F,_T,annual,2018-01-01,1198.8430432
F,_T,annual,2019-01-01,1192.9119158
F,_T,annual,2020-01-01,1155.9043163
F,_T,annual,2021-01-01,1196.5271128
F,_T,annual,2022-01-01,1210.3463066
F,_T,annual,2023-01-01,1205.8282042
F,_T,annual,2024-01-01,1201.9007974
F,_T,annual,2025-01-01,1196.3998754
F,_T,volume,2010-01-01,2664599521.9
F,_T,volume,2011-01-01,2738456759
F,_T,volume,2012-01-01,2775655055.6
F,_T,volume,2013-01-01,2789533020.7
F,_T,volume,2014-01-01,2869388033.8
F,_T,volume,2015-01-01,2945940192.8
F,_T,volume,2016-01-01,3010219502.3
F,_T,volume,2017-01-01,3000992132
F,_T,volume,2018-01-01,3028401546.8
F,_T,volume,2019-01-01,3053788969.9
F,_T,volume,2020-01-01,2937186283.5
F,_T,volume,2021-01-01,3051575465.8
F,_T,volume,2022-01-01,3123927861.5
F,_T,volume,2023-01-01,3202577509.8
F,_T,volume,2024-01-01,3234435913.2
F,_T,volume,2025-01-01,3234548641.8
F,_T,weekly,2010-01-01,26.123324043
F,_T,weekly,2011-01-01,26.303346072
F,_T,weekly,2012-01-01,26.193476034
F,_T,weekly,2013-01-01,26.194769186
F,_T,weekly,2014-01-01,26.266441045
F,_T,weekly,2015-01-01,26.200017654
F,_T,weekly,2016-01-01,26.14895188
F,_T,weekly,2017-01-01,26.208738934
F,_T,weekly,2018-01-01,26.213316238
F,_T,weekly,2019-01-01,26.096914011
F,_T,weekly,2020-01-01,24.551831694
F,_T,weekly,2021-01-01,25.503023036
F,_T,weekly,2022-01-01,26.131178293
F,_T,weekly,2023-01-01,26.283096771
F,_T,weekly,2024-01-01,26.18814122
F,_T,weekly,2025-01-01,26.196957523
M,FT,annual,2010-01-01,1952.4476512
M,FT,annual,2011-01-01,1946.7238165
M,FT,annual,2012-01-01,1929.6296226
M,FT,annual,2013-01-01,1909.7859799
M,FT,annual,2014-01-01,1899.6750755
M,FT,annual,2015-01-01,1916.1461868
M,FT,annual,2016-01-01,1919.7036256
M,FT,annual,2017-01-01,1897.9222017
M,FT,annual,2018-01-01,1888.7142412
M,FT,annual,2019-01-01,1884.3225029
M,FT,annual,2020-01-01,1818.4727982
M,FT,annual,2021-01-01,1865.758095
M,FT,annual,2022-01-01,1855.410016
M,FT,annual,2023-01-01,1848.6522233
M,FT,annual,2024-01-01,1837.2774349
M,FT,annual,2025-01-01,1827.2962171
M,FT,volume,2010-01-01,4190863974.3
M,FT,volume,2011-01-01,4277232214.1
M,FT,volume,2012-01-01,4285788503.5
M,FT,volume,2013-01-01,4256154961.3
M,FT,volume,2014-01-01,4237367634.3
M,FT,volume,2015-01-01,4307077694.4
M,FT,volume,2016-01-01,4327291137.3
M,FT,volume,2017-01-01,4315880210.5
M,FT,volume,2018-01-01,4309318160.2
M,FT,volume,2019-01-01,4312490589
M,FT,volume,2020-01-01,4134639739.8
M,FT,volume,2021-01-01,4241652911.8
M,FT,volume,2022-01-01,4268436473.8
M,FT,volume,2023-01-01,4297180219.2
M,FT,volume,2024-01-01,4249425134.9
M,FT,volume,2025-01-01,4203873048.3
M,FT,weekly,2010-01-01,42.238795521
M,FT,weekly,2011-01-01,42.321502971
M,FT,weekly,2012-01-01,42.219295321
M,FT,weekly,2013-01-01,42.102830255
M,FT,weekly,2014-01-01,41.899100226
M,FT,weekly,2015-01-01,41.907064374
M,FT,weekly,2016-01-01,41.884495523
M,FT,weekly,2017-01-01,41.794467522
M,FT,weekly,2018-01-01,41.74403454
M,FT,weekly,2019-01-01,41.67338646
M,FT,weekly,2020-01-01,38.817509057
M,FT,weekly,2021-01-01,40.037003742
M,FT,weekly,2022-01-01,40.464480453
M,FT,weekly,2023-01-01,40.753800891
M,FT,weekly,2024-01-01,40.518095755
M,FT,weekly,2025-01-01,40.466194523
M,PT,annual,2010-01-01,848.88609358
M,PT,annual,2011-01-01,866.52909447
M,PT,annual,2012-01-01,853.5997346
M,PT,annual,2013-01-01,844.50634625
M,PT,annual,2014-01-01,852.91218003
M,PT,annual,2015-01-01,870.41793408
M,PT,annual,2016-01-01,866.83445904
M,PT,annual,2017-01-01,848.83538963
M,PT,annual,2018-01-01,850.01851728
M,PT,annual,2019-01-01,856.40528503
M,PT,annual,2020-01-01,859.25821319
M,PT,annual,2021-01-01,845.88002198
M,PT,annual,2022-01-01,871.59085702
M,PT,annual,2023-01-01,865.23014733
M,PT,annual,2024-01-01,874.95955051
M,PT,annual,2025-01-01,880.3107496
M,PT,volume,2010-01-01,365867189.29
M,PT,volume,2011-01-01,378643526.62
M,PT,volume,2012-01-01,391111277.96
M,PT,volume,2013-01-01,402696409.17
M,PT,volume,2014-01-01,442402583.51
M,PT,volume,2015-01-01,471328543.35
M,PT,volume,2016-01-01,496195859.97
M,PT,volume,2017-01-01,498814784.69
M,PT,volume,2018-01-01,519651821.31
M,PT,volume,2019-01-01,536908723.35
M,PT,volume,2020-01-01,536380717.47
M,PT,volume,2021-01-01,535426675.63
M,PT,volume,2022-01-01,573134409.9
M,PT,volume,2023-01-01,606258928.11
M,PT,volume,2024-01-01,633465926.27
M,PT,volume,2025-01-01,649895322.94
M,PT,weekly,2010-01-01,17.838339426
M,PT,weekly,2011-01-01,18.359422939
M,PT,weekly,2012-01-01,18.175531452
M,PT,weekly,2013-01-01,18.124280016
M,PT,weekly,2014-01-01,18.330375393
M,PT,weekly,2015-01-01,18.498870458
M,PT,weekly,2016-01-01,18.426936982
M,PT,weekly,2017-01-01,18.190515647
M,PT,weekly,2018-01-01,18.299206906
M,PT,weekly,2019-01-01,18.41668116
M,PT,weekly,2020-01-01,17.999470873
M,PT,weekly,2021-01-01,18.137158786
M,PT,weekly,2022-01-01,18.44559108
M,PT,weekly,2023-01-01,18.454127416
M,PT,weekly,2024-01-01,18.666600783
M,PT,weekly,2025-01-01,18.849953836
M,PT_I,annual,2010-01-01,1297.8683081
M,PT_I,annual,2011-01-01,1277.2181424
M,PT_I,annual,2012-01-01,1270.8500994
M,PT_I,annual,2013-01-01,1264.204094
M,PT_I,annual,2014-01-01,1256.783529
M,PT_I,annual,2015-01-01,1287.6579483
M,PT_I,annual,2016-01-01,1284.9518053
M,PT_I,annual,2017-01-01,1271.5846124
M,PT_I,annual,2018-01-01,1276.423635
M,PT_I,annual,2019-01-01,1278.826254
M,PT_I,annual,2020-01-01,1245.6302945
M,PT_I,annual,2021-01-01,1237.2227296
M,PT_I,annual,2022-01-01,1285.2924687
M,PT_I,annual,2023-01-01,1281.5727241
M,PT_I,annual,2024-01-01,1294.4727454
M,PT_I,annual,2025-01-01,1291.7773089
M,PT_I,volume,2010-01-01,269926252.13
M,PT_I,volume,2011-01-01,284790138.07
M,PT_I,volume,2012-01-01,290999688.56
M,PT_I,volume,2013-01-01,299884612.53
M,PT_I,volume,2014-01-01,334788064.78
M,PT_I,volume,2015-01-01,358557315.57
M,PT_I,volume,2016-01-01,376586801.59
M,PT_I,volume,2017-01-01,374678825.62
M,PT_I,volume,2018-01-01,398506474.41
M,PT_I,volume,2019-01-01,414954446.16
M,PT_I,volume,2020-01-01,416543962.33
M,PT_I,volume,2021-01-01,403101201.16
M,PT_I,volume,2022-01-01,431235178.25
M,PT_I,volume,2023-01-01,462594042.88
M,PT_I,volume,2024-01-01,487565565.35
M,PT_I,volume,2025-01-01,503867038.53
M,PT_I,weekly,2010-01-01,27.918941543
M,PT_I,weekly,2011-01-01,27.551955784
M,PT_I,weekly,2012-01-01,27.68573557
M,PT_I,weekly,2013-01-01,27.853961939
M,PT_I,weekly,2014-01-01,27.576688603
M,PT_I,weekly,2015-01-01,27.996964894
M,PT_I,weekly,2016-01-01,27.975995446
M,PT_I,weekly,2017-01-01,27.895507311
M,PT_I,weekly,2018-01-01,28.102718845
M,PT_I,weekly,2019-01-01,28.095439541
M,PT_I,weekly,2020-01-01,26.491866583
M,PT_I,weekly,2021-01-01,27.047702133
M,PT_I,weekly,2022-01-01,27.913773968
M,PT_I,weekly,2023-01-01,28.025197729
M,PT_I,weekly,2024-01-01,28.317497837
M,PT_I,weekly,2025-01-01,28.382723075
M,PT_II,annual,2010-01-01,430.18947235
M,PT_II,annual,2011-01-01,438.59010305
M,PT_II,annual,2012-01-01,436.76770433
M,PT_II,annual,2013-01-01,429.04359012
M,PT_II,annual,2014-01-01,426.51419022
M,PT_II,annual,2015-01-01,428.72295875
M,PT_II,annual,2016-01-01,428.1719178
M,PT_II,annual,2017-01-01,423.68519173
M,PT_II,annual,2018-01-01,404.98381255
M,PT_II,annual,2019-01-01,403.21824307
M,PT_II,annual,2020-01-01,413.4686165
M,PT_II,annual,2021-01-01,430.78839011
M,PT_II,annual,2022-01-01,440.60209535
M,PT_II,annual,2023-01-01,422.8760448
M,PT_II,annual,2024-01-01,420.04733076
M,PT_II,annual,2025-01-01,419.38106526
M,PT_II,volume,2010-01-01,95940937.161
M,PT_II,volume,2011-01-01,93853388.546
M,PT_II,volume,2012-01-01,100111589.4
M,PT_II,volume,2013-01-01,102811796.64
M,PT_II,volume,2014-01-01,107614518.73
M,PT_II,volume,2015-01-01,112771227.78
M,PT_II,volume,2016-01-01,119609058.37
M,PT_II,volume,2017-01-01,124135959.07
M,PT_II,volume,2018-01-01,121145346.9
M,PT_II,volume,2019-01-01,121954277.18
M,PT_II,volume,2020-01-01,119836755.14
M,PT_II,volume,2021-01-01,132325474.48
M,PT_II,volume,2022-01-01,141899231.65
M,PT_II,volume,2023-01-01,143664885.23
M,PT_II,volume,2024-01-01,145900360.92
M,PT_II,volume,2025-01-01,146028284.4
M,PT_II,weekly,2010-01-01,8.8490502279
M,PT_II,weekly,2011-01-01,9.1230886667
M,PT_II,weekly,2012-01-01,9.0946507987
M,PT_II,weekly,2013-01-01,8.977394862
M,PT_II,weekly,2014-01-01,8.9718482521
M,PT_II,weekly,2015-01-01,8.8994078631
M,PT_II,weekly,2016-01-01,8.8818545412
M,PT_II,weekly,2017-01-01,8.8730753488
M,PT_II,weekly,2018-01-01,8.5210699293
M,PT_II,weekly,2019-01-01,8.4785071771
M,PT_II,weekly,2020-01-01,8.5133468984
M,PT_II,weekly,2021-01-01,9.052454501
M,PT_II,weekly,2022-01-01,9.0828357021
M,PT_II,weekly,2023-01-01,8.7890730536
M,PT_II,weekly,2024-01-01,8.7271551418
M,PT_II,weekly,2025-01-01,8.7312982947
M,_T,annual,2010-01-01,1767.9129375
M,_T,annual,2011-01-01,1767.5330601
M,_T,annual,2012-01-01,1745.611754
M,_T,annual,2013-01-01,1722.0274492
M,_T,annual,2014-01-01,1702.1855656
M,_T,annual,2015-01-01,1713.1336203
M,_T,annual,2016-01-01,1706.4816832
M,_T,annual,2017-01-01,1682.4898424
M,_T,annual,2018-01-01,1669.2162683
M,_T,annual,2019-01-01,1663.2885847
M,_T,annual,2020-01-01,1611.8500616
M,_T,annual,2021-01-01,1643.6401008
M,_T,annual,2022-01-01,1636.7119013
M,_T,annual,2023-01-01,1620.8727482
M,_T,annual,2024-01-01,1607.8606395
M,_T,annual,2025-01-01,1597.2363527
M,_T,volume,2010-01-01,4556731163.6
M,_T,volume,2011-01-01,4655875740.8
M,_T,volume,2012-01-01,4676899781.5
M,_T,volume,2013-01-01,4658851370.5
M,_T,volume,2014-01-01,4679770217.8
M,_T,volume,2015-01-01,4778406237.7
M,_T,volume,2016-01-01,4823486997.2
M,_T,volume,2017-01-01,4814694995.2
M,_T,volume,2018-01-01,4828969981.5
M,_T,volume,2019-01-01,4849399312.4
M,_T,volume,2020-01-01,4671020457.3
M,_T,volume,2021-01-01,4777079587.4
M,_T,volume,2022-01-01,4841570883.7
M,_T,volume,2023-01-01,4903439147.3
M,_T,volume,2024-01-01,4882891061.2
M,_T,volume,2025-01-01,4853768371.3
M,_T,weekly,2010-01-01,38.058861987
M,_T,weekly,2011-01-01,38.26039875
M,_T,weekly,2012-01-01,38.013959183
M,_T,weekly,2013-01-01,37.782189285
M,_T,weekly,2014-01-01,37.358182889
M,_T,weekly,2015-01-01,37.256883062
M,_T,weekly,2016-01-01,37.03463004
M,_T,weekly,2017-01-01,36.841680236
M,_T,weekly,2018-01-01,36.686089092
M,_T,weekly,2019-01-01,36.561581169
M,_T,weekly,2020-01-01,34.266467644
M,_T,weekly,2021-01-01,35.264492589
M,_T,weekly,2022-01-01,35.454415545
M,_T,weekly,2023-01-01,35.456462141
M,_T,weekly,2024-01-01,35.176032851
M,_T,weekly,2025-01-01,35.079873225
_T,FT,annual,2010-01-01,1918.7331062
_T,FT,annual,2011-01-01,1911.607105
_T,FT,annual,2012-01-01,1893.7741063
_T,FT,annual,2013-01-01,1874.8440521
_T,FT,annual,2014-01-01,1869.4834825
_T,FT,annual,2015-01-01,1884.1474596
_T,FT,annual,2016-01-01,1888.4479625
_T,FT,annual,2017-01-01,1865.1908026
_T,FT,annual,2018-01-01,1857.8112907
_T,FT,annual,2019-01-01,1856.696423
_T,FT,annual,2020-01-01,1787.6097173
_T,FT,annual,2021-01-01,1836.6727211
_T,FT,annual,2022-01-01,1825.4888898
_T,FT,annual,2023-01-01,1816.5534385
_T,FT,annual,2024-01-01,1809.1436835
_T,FT,annual,2025-01-01,1798.3603217
_T,FT,volume,2010-01-01,5772189586.4
_T,FT,volume,2011-01-01,5912899146.3
_T,FT,volume,2012-01-01,5911536510.3
_T,FT,volume,2013-01-01,5886070285
_T,FT,volume,2014-01-01,5898126702
_T,FT,volume,2015-01-01,6010265805.7
_T,FT,volume,2016-01-01,6069801086.6
_T,FT,volume,2017-01-01,6049596660.8
_T,FT,volume,2018-01-01,6038118204.4
_T,FT,volume,2019-01-01,6028445576.6
_T,FT,volume,2020-01-01,5800995154.8
_T,FT,volume,2021-01-01,5980999981.3
_T,FT,volume,2022-01-01,6053315753.7
_T,FT,volume,2023-01-01,6103036654.5
_T,FT,volume,2024-01-01,6049121988.9
_T,FT,volume,2025-01-01,6004812630.5
_T,FT,weekly,2010-01-01,41.50598775
_T,FT,weekly,2011-01-01,41.556795112
_T,FT,weekly,2012-01-01,41.437155492
_T,FT,weekly,2013-01-01,41.342386418
_T,FT,weekly,2014-01-01,41.236009445
_T,FT,weekly,2015-01-01,41.207718909
_T,FT,weekly,2016-01-01,41.194162616
_T,FT,weekly,2017-01-01,41.062530492
_T,FT,weekly,2018-01-01,41.066842349
_T,FT,weekly,2019-01-01,41.05989744
_T,FT,weekly,2020-01-01,38.059610692
_T,FT,weekly,2021-01-01,39.28740162
_T,FT,weekly,2022-01-01,39.830195761
_T,FT,weekly,2023-01-01,40.054284154
_T,FT,weekly,2024-01-01,39.916220529
_T,FT,weekly,2025-01-01,39.830468424
_T,PT,annual,2010-01-01,829.33708709
_T,PT,annual,2011-01-01,833.71225354
_T,PT,annual,2012-01-01,833.23834624
_T,PT,annual,2013-01-01,827.3697025
_T,PT,annual,2014-01-01,834.96805044
_T,PT,annual,2015-01-01,844.09346365
_T,PT,annual,2016-01-01,842.19736466
_T,PT,annual,2017-01-01,837.00225415
_T,PT,annual,2018-01-01,838.77713203
_T,PT,annual,2019-01-01,841.20955782
_T,PT,annual,2020-01-01,823.76596785
_T,PT,annual,2021-01-01,839.71694038
_T,PT,annual,2022-01-01,860.13058858
_T,PT,annual,2023-01-01,862.82510045
_T,PT,annual,2024-01-01,867.40854857
_T,PT,annual,2025-01-01,866.90820421
_T,PT,volume,2010-01-01,1449141099.1
_T,PT,volume,2011-01-01,1481433353.5
_T,PT,volume,2012-01-01,1541018326.8
_T,PT,volume,2013-01-01,1562314106.2
_T,PT,volume,2014-01-01,1651031549.6
_T,PT,volume,2015-01-01,1714080624.9
_T,PT,volume,2016-01-01,1763905412.9
_T,PT,volume,2017-01-01,1766090466.4
_T,PT,volume,2018-01-01,1819253323.9
_T,PT,volume,2019-01-01,1874742705.7
_T,PT,volume,2020-01-01,1807211586
_T,PT,volume,2021-01-01,1847655071.9
_T,PT,volume,2022-01-01,1912182991.6
_T,PT,volume,2023-01-01,2002980002.6
_T,PT,volume,2024-01-01,2068204985.4
_T,PT,volume,2025-01-01,2083504382.6
_T,PT,weekly,2010-01-01,17.531248543
_T,PT,weekly,2011-01-01,17.738536277
_T,PT,weekly,2012-01-01,17.84911623
_T,PT,weekly,2013-01-01,17.870053439
_T,PT,weekly,2014-01-01,18.048833022
_T,PT,weekly,2015-01-01,18.072794899
_T,PT,weekly,2016-01-01,17.996346739
_T,PT,weekly,2017-01-01,18.04653517
_T,PT,weekly,2018-01-01,18.169437349
_T,PT,weekly,2019-01-01,18.230952235
_T,PT,weekly,2020-01-01,17.456256696
_T,PT,weekly,2021-01-01,17.958861829
_T,PT,weekly,2022-01-01,18.363864125
_T,PT,weekly,2023-01-01,18.584857213
_T,PT,weekly,2024-01-01,18.670287682
_T,PT,weekly,2025-01-01,18.757727835
_T,PT_I,annual,2010-01-01,1227.9460883
_T,PT_I,annual,2011-01-01,1221.895378
_T,PT_I,annual,2012-01-01,1216.1488755
_T,PT_I,annual,2013-01-01,1201.7956824
_T,PT_I,annual,2014-01-01,1212.6876606
_T,PT_I,annual,2015-01-01,1223.3063214
_T,PT_I,annual,2016-01-01,1232.9764273
_T,PT_I,annual,2017-01-01,1220.1833915
_T,PT_I,annual,2018-01-01,1218.1933219
_T,PT_I,annual,2019-01-01,1219.4833
_T,PT_I,annual,2020-01-01,1179.7659551
_T,PT_I,annual,2021-01-01,1200.9256579
_T,PT_I,annual,2022-01-01,1226.2009728
_T,PT_I,annual,2023-01-01,1230.0621032
_T,PT_I,annual,2024-01-01,1236.0963315
_T,PT_I,annual,2025-01-01,1229.4611659
_T,PT_I,volume,2010-01-01,1052405134.9
_T,PT_I,volume,2011-01-01,1083687264.8
_T,PT_I,volume,2012-01-01,1125002307.9
_T,PT_I,volume,2013-01-01,1142054055.8
_T,PT_I,volume,2014-01-01,1221346284.5
_T,PT_I,volume,2015-01-01,1272456374.7
_T,PT_I,volume,2016-01-01,1304170147.4
_T,PT_I,volume,2017-01-01,1306057220.4
_T,PT_I,volume,2018-01-01,1361282386.4
_T,PT_I,volume,2019-01-01,1406167795.4
_T,PT_I,volume,2020-01-01,1372296334.8
_T,PT_I,volume,2021-01-01,1387638460.7
_T,PT_I,volume,2022-01-01,1432835656.9
_T,PT_I,volume,2023-01-01,1511377238.4
_T,PT_I,volume,2024-01-01,1579474112.2
_T,PT_I,volume,2025-01-01,1599719813.3
_T,PT_I,weekly,2010-01-01,26.532711193
_T,PT_I,weekly,2011-01-01,26.513492761
_T,PT_I,weekly,2012-01-01,26.604643055
_T,PT_I,weekly,2013-01-01,26.527601949
_T,PT_I,weekly,2014-01-01,26.745388781
_T,PT_I,weekly,2015-01-01,26.745858258
_T,PT_I,weekly,2016-01-01,26.892589172
_T,PT_I,weekly,2017-01-01,26.868399852
_T,PT_I,weekly,2018-01-01,26.945274192
_T,PT_I,weekly,2019-01-01,26.973920882
_T,PT_I,weekly,2020-01-01,25.339476881
_T,PT_I,weekly,2021-01-01,25.988315243
_T,PT_I,weekly,2022-01-01,26.73813876
_T,PT_I,weekly,2023-01-01,27.068127945
_T,PT_I,weekly,2024-01-01,27.180105451
_T,PT_I,weekly,2025-01-01,27.180922675
_T,PT_II,annual,2010-01-01,445.61870673
_T,PT_II,annual,2011-01-01,446.89483769
_T,PT_II,annual,2012-01-01,450.04885662
_T,PT_II,annual,2013-01-01,448.03819036
_T,PT_II,annual,2014-01-01,442.87454538
_T,PT_II,annual,2015-01-01,445.86068602
_T,PT_II,annual,2016-01-01,443.47427716
_T,PT_II,annual,2017-01-01,442.49241968
_T,PT_II,annual,2018-01-01,435.55085742
_T,PT_II,annual,2019-01-01,435.66376733
_T,PT_II,annual,2020-01-01,421.98261049
_T,PT_II,annual,2021-01-01,440.26763304
_T,PT_II,annual,2022-01-01,454.52359458
_T,PT_II,annual,2023-01-01,449.88876244
_T,PT_II,annual,2024-01-01,441.66795693
_T,PT_II,annual,2025-01-01,438.91894006
_T,PT_II,volume,2010-01-01,396735964.22
_T,PT_II,volume,2011-01-01,397746088.68
_T,PT_II,volume,2012-01-01,416016018.98
_T,PT_II,volume,2013-01-01,420260050.4
_T,PT_II,volume,2014-01-01,429685265.08
_T,PT_II,volume,2015-01-01,441624250.17
_T,PT_II,volume,2016-01-01,459735265.57
_T,PT_II,volume,2017-01-01,460033245.94
_T,PT_II,volume,2018-01-01,457970937.57
_T,PT_II,volume,2019-01-01,468574910.22
_T,PT_II,volume,2020-01-01,434915251.2
_T,PT_II,volume,2021-01-01,460016611.24
_T,PT_II,volume,2022-01-01,479347334.7
_T,PT_II,volume,2023-01-01,491602764.18
_T,PT_II,volume,2024-01-01,488730873.24
_T,PT_II,volume,2025-01-01,483784569.28
_T,PT_II,weekly,2010-01-01,9.2272714925
_T,PT_II,weekly,2011-01-01,9.3275831847
_T,PT_II,weekly,2012-01-01,9.4442000785
_T,PT_II,weekly,2013-01-01,9.4706824008
_T,PT_II,weekly,2014-01-01,9.3796999348
_T,PT_II,weekly,2015-01-01,9.343121814
_T,PT_II,weekly,2016-01-01,9.2839957746
_T,PT_II,weekly,2017-01-01,9.3400716706
_T,PT_II,weekly,2018-01-01,9.2320101972
_T,PT_II,weekly,2019-01-01,9.2416867991
_T,PT_II,weekly,2020-01-01,8.8090247499
_T,PT_II,weekly,2021-01-01,9.2955312581
_T,PT_II,weekly,2022-01-01,9.4845563314
_T,PT_II,weekly,2023-01-01,9.4650401347
_T,PT_II,weekly,2024-01-01,9.2802048481
_T,PT_II,weekly,2025-01-01,9.2643634823
_T,_T,annual,2010-01-01,1518.4635871
_T,_T,annual,2011-01-01,1518.3221856
_T,_T,annual,2012-01-01,1499.2074196
_T,_T,annual,2013-01-01,1481.4433684
_T,_T,annual,2014-01-01,1470.908803
_T,_T,annual,2015-01-01,1479.5929069
_T,_T,annual,2016-01-01,1475.6680815
_T,_T,annual,2017-01-01,1459.93778
_T,_T,annual,2018-01-01,1449.9510365
_T,_T,annual,2019-01-01,1443.3744682
_T,_T,annual,2020-01-01,1398.8364276
_T,_T,annual,2021-01-01,1434.6701834
_T,_T,annual,2022-01-01,1438.0419918
_T,_T,annual,2023-01-01,1426.8393432
_T,_T,annual,2024-01-01,1417.1341846
_T,_T,annual,2025-01-01,1408.5200448
_T,_T,volume,2010-01-01,7221330685.5
_T,_T,volume,2011-01-01,7394332499.8
_T,_T,volume,2012-01-01,7452554837.1
_T,_T,volume,2013-01-01,7448384391.1
_T,_T,volume,2014-01-01,7549158251.6
_T,_T,volume,2015-01-01,7724346430.6
_T,_T,volume,2016-01-01,7833706499.5
_T,_T,volume,2017-01-01,7815687127.2
_T,_T,volume,2018-01-01,7857371528.4
_T,_T,volume,2019-01-01,7903188282.3
_T,_T,volume,2020-01-01,7608206740.8
_T,_T,volume,2021-01-01,7828655053.2
_T,_T,volume,2022-01-01,7965498745.2
_T,_T,volume,2023-01-01,8106016657.1
_T,_T,volume,2024-01-01,8117326974.3
_T,_T,volume,2025-01-01,8088317013.1
_T,_T,weekly,2010-01-01,32.56822899
_T,_T,weekly,2011-01-01,32.747302362
_T,_T,weekly,2012-01-01,32.544115903
_T,_T,weekly,2013-01-01,32.412447226
_T,_T,weekly,2014-01-01,32.191308495
_T,_T,weekly,2015-01-01,32.091703821
_T,_T,weekly,2016-01-01,31.927296522
_T,_T,weekly,2017-01-01,31.876098422
_T,_T,weekly,2018-01-01,31.790809764
_T,_T,weekly,2019-01-01,31.656601144
_T,_T,weekly,2020-01-01,29.725748711
_T,_T,weekly,2021-01-01,30.686199404
_T,_T,weekly,2022-01-01,31.102406767
_T,_T,weekly,2023-01-01,31.159732431
_T,_T,weekly,2024-01-01,30.944290713
_T,_T,weekly,2025-01-01,30.891042829
