item,date,value
adjustments,1991-01-01,574
adjustments,1992-01-01,427
adjustments,1993-01-01,-151
adjustments,1994-01-01,-1427
adjustments,1995-01-01,10061
adjustments,1996-01-01,4429
adjustments,1997-01-01,4208
adjustments,1998-01-01,9515
adjustments,1999-01-01,8853
adjustments,2000-01-01,3457
adjustments,2001-01-01,5105
adjustments,2002-01-01,-1325
adjustments,2003-01-01,-1510
adjustments,2004-01-01,-2410
adjustments,2005-01-01,-3933
adjustments,2006-01-01,-2845
adjustments,2007-01-01,-4109
adjustments,2008-01-01,-5263
adjustments,2009-01-01,-6447
adjustments,2011-01-01,-2307
adjustments,2012-01-01,-4720
adjustments,2013-01-01,-4305
adjustments,2014-01-01,463
adjustments,2015-01-01,-1377
adjustments,2016-01-01,-1525
adjustments,2017-01-01,-1778
adjustments,2018-01-01,-226
adjustments,2019-01-01,-238
adjustments,2020-01-01,744
adjustments,2021-01-01,1168
adjustments,2022-01-01,-112
adjustments,2023-01-01,-447
adjustments,2024-01-01,-335
birth_surplus,1861-01-01,17300
birth_surplus,1862-01-01,24800
birth_surplus,1863-01-01,24800
birth_surplus,1864-01-01,20100
birth_surplus,1865-01-01,19200
birth_surplus,1866-01-01,23900
birth_surplus,1867-01-01,18211
birth_surplus,1868-01-01,16975
birth_surplus,1869-01-01,14348
birth_surplus,1870-01-01,10457
birth_surplus,1871-01-01,3631
birth_surplus,1872-01-01,20571
birth_surplus,1873-01-01,18896
birth_surplus,1874-01-01,22206
birth_surplus,1875-01-01,21466
birth_surplus,1876-01-01,23967
birth_surplus,1877-01-01,23891
birth_surplus,1878-01-01,22522
birth_surplus,1879-01-01,22529
birth_surplus,1880-01-01,21942
birth_surplus,1881-01-01,21163
birth_surplus,1882-01-01,19840
birth_surplus,1883-01-01,23241
birth_surplus,1884-01-01,23270
birth_surplus,1885-01-01,18801
birth_surplus,1886-01-01,20702
birth_surplus,1887-01-01,22348
birth_surplus,1888-01-01,22869
birth_surplus,1889-01-01,21461
birth_surplus,1890-01-01,16743
birth_surplus,1891-01-01,22413
birth_surplus,1892-01-01,25947
birth_surplus,1893-01-01,23838
birth_surplus,1894-01-01,22257
birth_surplus,1895-01-01,25226
birth_surplus,1896-01-01,32332
birth_surplus,1897-01-01,33679
birth_surplus,1898-01-01,32879
birth_surplus,1899-01-01,36881
birth_surplus,1900-01-01,30710
birth_surplus,1901-01-01,37010
birth_surplus,1902-01-01,38779
birth_surplus,1903-01-01,34198
birth_surplus,1904-01-01,34010
birth_surplus,1905-01-01,32853
birth_surplus,1906-01-01,36391
birth_surplus,1907-01-01,35256
birth_surplus,1908-01-01,38548
birth_surplus,1909-01-01,34696
birth_surplus,1910-01-01,37016
birth_surplus,1911-01-01,31701
birth_surplus,1912-01-01,38094
birth_surplus,1913-01-01,34330
birth_surplus,1914-01-01,33701
birth_surplus,1915-01-01,24021
birth_surplus,1916-01-01,23037
birth_surplus,1917-01-01,18759
birth_surplus,1918-01-01,-2376
birth_surplus,1919-01-01,17193
birth_surplus,1920-01-01,25198
birth_surplus,1921-01-01,31290
birth_surplus,1922-01-01,25998
birth_surplus,1923-01-01,29568
birth_surplus,1924-01-01,24520
birth_surplus,1925-01-01,24693
birth_surplus,1926-01-01,25666
birth_surplus,1927-01-01,20331
birth_surplus,1928-01-01,21531
birth_surplus,1929-01-01,18568
birth_surplus,1930-01-01,22916
birth_surplus,1931-01-01,18835
birth_surplus,1932-01-01,18739
birth_surplus,1933-01-01,20328
birth_surplus,1934-01-01,20471
birth_surplus,1935-01-01,16145
birth_surplus,1936-01-01,17316
birth_surplus,1937-01-01,15206
birth_surplus,1938-01-01,15214
birth_surplus,1939-01-01,14353
birth_surplus,1940-01-01,13356
birth_surplus,1941-01-01,24590
birth_surplus,1942-01-01,31947
birth_surplus,1943-01-01,35640
birth_surplus,1944-01-01,33291
birth_surplus,1945-01-01,37436
birth_surplus,1946-01-01,38850
birth_surplus,1947-01-01,36340
birth_surplus,1948-01-01,38084
birth_surplus,1949-01-01,35811
birth_surplus,1950-01-01,37404
birth_surplus,1951-01-01,31951
birth_surplus,1952-01-01,35925
birth_surplus,1953-01-01,33345
birth_surplus,1954-01-01,34628
birth_surplus,1955-01-01,34965
birth_surplus,1956-01-01,36339
birth_surplus,1957-01-01,39757
birth_surplus,1958-01-01,42140
birth_surplus,1959-01-01,42896
birth_surplus,1960-01-01,42278
birth_surplus,1961-01-01,48234
birth_surplus,1962-01-01,49197
birth_surplus,1963-01-01,53004
birth_surplus,1964-01-01,59281
birth_surplus,1965-01-01,56288
birth_surplus,1966-01-01,53934
birth_surplus,1967-01-01,52275
birth_surplus,1968-01-01,47756
birth_surplus,1969-01-01,44518
birth_surplus,1970-01-01,42125
birth_surplus,1971-01-01,38405
birth_surplus,1972-01-01,34853
birth_surplus,1973-01-01,30528
birth_surplus,1974-01-01,28104
birth_surplus,1975-01-01,22540
birth_surplus,1976-01-01,17104
birth_surplus,1977-01-01,17171
birth_surplus,1978-01-01,13657
birth_surplus,1979-01-01,14532
birth_surplus,1980-01-01,14564
birth_surplus,1981-01-01,13984
birth_surplus,1982-01-01,15712
birth_surplus,1983-01-01,12903
birth_surplus,1984-01-01,16108
birth_surplus,1985-01-01,15101
birth_surplus,1986-01-01,16215
birth_surplus,1987-01-01,16994
birth_surplus,1988-01-01,19697
birth_surplus,1989-01-01,20298
birth_surplus,1990-01-01,20200
birth_surplus,1991-01-01,23566
birth_surplus,1992-01-01,24608
birth_surplus,1993-01-01,21250
birth_surplus,1994-01-01,20993
birth_surplus,1995-01-01,18816
birth_surplus,1996-01-01,20370
birth_surplus,1997-01-01,17745
birth_surplus,1998-01-01,16380
birth_surplus,1999-01-01,15905
birth_surplus,2000-01-01,15930
birth_surplus,2001-01-01,11067
birth_surplus,2002-01-01,10604
birth_surplus,2003-01-01,8778
birth_surplus,2004-01-01,12902
birth_surplus,2005-01-01,11779
birth_surplus,2006-01-01,13088
birth_surplus,2007-01-01,13405
birth_surplus,2008-01-01,15458
birth_surplus,2009-01-01,15810
birth_surplus,2011-01-01,18717
birth_surplus,2012-01-01,17991
birth_surplus,2013-01-01,17770
birth_surplus,2014-01-01,21349
birth_surplus,2015-01-01,18953
birth_surplus,2016-01-01,22919
birth_surplus,2017-01-01,20410
birth_surplus,2018-01-01,20763
birth_surplus,2019-01-01,18392
birth_surplus,2020-01-01,9719
birth_surplus,2021-01-01,18452
birth_surplus,2022-01-01,7946
birth_surplus,2023-01-01,8202
birth_surplus,2024-01-01,6314
deaths,1861-01-01,57520
deaths,1862-01-01,51070
deaths,1863-01-01,54360
deaths,1864-01-01,59500
deaths,1865-01-01,59090
deaths,1866-01-01,56680
deaths,1867-01-01,59116
deaths,1868-01-01,58730
deaths,1869-01-01,63617
deaths,1870-01-01,68751
deaths,1871-01-01,74002
deaths,1872-01-01,59758
deaths,1873-01-01,61676
deaths,1874-01-01,60845
deaths,1875-01-01,66113
deaths,1876-01-01,66819
deaths,1877-01-01,65353
deaths,1878-01-01,65311
deaths,1879-01-01,63651
deaths,1880-01-01,62223
deaths,1881-01-01,63979
deaths,1882-01-01,62849
deaths,1883-01-01,58733
deaths,1884-01-01,58301
deaths,1885-01-01,61548
deaths,1886-01-01,60061
deaths,1887-01-01,58939
deaths,1888-01-01,58229
deaths,1889-01-01,59715
deaths,1890-01-01,61805
deaths,1891-01-01,61183
deaths,1892-01-01,57178
deaths,1893-01-01,61059
deaths,1894-01-01,61885
deaths,1895-01-01,59747
deaths,1896-01-01,56096
deaths,1897-01-01,56399
deaths,1898-01-01,58914
deaths,1899-01-01,57591
deaths,1900-01-01,63606
deaths,1901-01-01,60018
deaths,1902-01-01,57702
deaths,1903-01-01,59626
deaths,1904-01-01,60857
deaths,1905-01-01,61800
deaths,1906-01-01,59204
deaths,1907-01-01,59252
deaths,1908-01-01,57697
deaths,1909-01-01,59416
deaths,1910-01-01,56498
deaths,1911-01-01,59619
deaths,1912-01-01,54102
deaths,1913-01-01,55427
deaths,1914-01-01,53629
deaths,1915-01-01,51524
deaths,1916-01-01,50623
deaths,1917-01-01,53306
deaths,1918-01-01,75034
deaths,1919-01-01,54932
deaths,1920-01-01,55992
deaths,1921-01-01,49518
deaths,1922-01-01,50292
deaths,1923-01-01,45983
deaths,1924-01-01,48988
deaths,1925-01-01,47877
deaths,1926-01-01,46452
deaths,1927-01-01,49202
deaths,1928-01-01,48063
deaths,1929-01-01,50438
deaths,1930-01-01,46939
deaths,1931-01-01,49414
deaths,1932-01-01,49911
deaths,1933-01-01,47181
deaths,1934-01-01,46806
deaths,1935-01-01,50233
deaths,1936-01-01,47650
deaths,1937-01-01,47274
deaths,1938-01-01,48576
deaths,1939-01-01,49484
deaths,1940-01-01,50759
deaths,1941-01-01,47336
deaths,1942-01-01,46928
deaths,1943-01-01,47409
deaths,1944-01-01,52336
deaths,1945-01-01,51086
deaths,1946-01-01,50276
deaths,1947-01-01,51384
deaths,1948-01-01,49679
deaths,1949-01-01,49497
deaths,1950-01-01,47372
deaths,1951-01-01,49952
deaths,1952-01-01,47624
deaths,1953-01-01,49684
deaths,1954-01-01,49113
deaths,1955-01-01,50366
deaths,1956-01-01,51573
deaths,1957-01-01,51066
deaths,1958-01-01,49281
deaths,1959-01-01,50077
deaths,1960-01-01,52094
deaths,1961-01-01,51004
deaths,1962-01-01,55125
deaths,1963-01-01,56989
deaths,1964-01-01,53609
deaths,1965-01-01,55547
deaths,1966-01-01,55804
deaths,1967-01-01,55142
deaths,1968-01-01,57374
deaths,1969-01-01,58002
deaths,1970-01-01,57091
deaths,1971-01-01,57856
deaths,1972-01-01,56489
deaths,1973-01-01,56990
deaths,1974-01-01,56403
deaths,1975-01-01,55924
deaths,1976-01-01,57095
deaths,1977-01-01,55658
deaths,1978-01-01,57718
deaths,1979-01-01,57454
deaths,1980-01-01,59097
deaths,1981-01-01,59763
deaths,1982-01-01,59204
deaths,1983-01-01,60756
deaths,1984-01-01,58602
deaths,1985-01-01,59583
deaths,1986-01-01,60105
deaths,1987-01-01,59511
deaths,1988-01-01,60648
deaths,1989-01-01,60882
deaths,1990-01-01,63739
deaths,1991-01-01,62634
deaths,1992-01-01,62302
deaths,1993-01-01,62512
deaths,1994-01-01,61987
deaths,1995-01-01,63387
deaths,1996-01-01,62637
deaths,1997-01-01,62839
deaths,1998-01-01,62569
deaths,1999-01-01,62503
deaths,2000-01-01,62528
deaths,2001-01-01,61228
deaths,2002-01-01,61768
deaths,2003-01-01,63070
deaths,2004-01-01,60180
deaths,2005-01-01,61124
deaths,2006-01-01,60283
deaths,2007-01-01,61089
deaths,2008-01-01,61233
deaths,2009-01-01,62476
deaths,2011-01-01,62091
deaths,2012-01-01,64173
deaths,2013-01-01,64961
deaths,2014-01-01,63938
deaths,2015-01-01,67606
deaths,2016-01-01,64964
deaths,2017-01-01,66971
deaths,2018-01-01,67088
deaths,2019-01-01,67780
deaths,2020-01-01,76195
deaths,2021-01-01,71192
deaths,2022-01-01,74425
deaths,2023-01-01,71822
deaths,2024-01-01,71942
emigration,1981-01-01,97743
emigration,1982-01-01,93193
emigration,1983-01-01,91283
emigration,1984-01-01,84925
emigration,1985-01-01,85029
emigration,1986-01-01,84858
emigration,1987-01-01,86329
emigration,1988-01-01,91507
emigration,1989-01-01,96619
emigration,1990-01-01,97601
emigration,1991-01-01,103333
emigration,1992-01-01,117034
emigration,1993-01-01,105025
emigration,1994-01-01,99305
emigration,1995-01-01,99509
emigration,1996-01-01,103398
emigration,1997-01-01,98521
emigration,1998-01-01,94778
emigration,1999-01-01,91804
emigration,2000-01-01,90078
emigration,2001-01-01,82234
emigration,2002-01-01,78419
emigration,2003-01-01,76756
emigration,2004-01-01,79726
emigration,2005-01-01,82090
emigration,2006-01-01,88218
emigration,2007-01-01,90175
emigration,2008-01-01,86130
emigration,2009-01-01,86036
emigration,2011-01-01,96494
emigration,2012-01-01,103881
emigration,2013-01-01,106196
emigration,2014-01-01,111103
emigration,2015-01-01,116631
emigration,2016-01-01,120653
emigration,2017-01-01,124997
emigration,2018-01-01,130225
emigration,2019-01-01,126221
emigration,2020-01-01,109376
emigration,2021-01-01,116769
emigration,2022-01-01,122123
emigration,2023-01-01,123963
emigration,2024-01-01,129786
immigration,1981-01-01,121420
immigration,1982-01-01,114290
immigration,1983-01-01,96500
immigration,1984-01-01,96880
immigration,1985-01-01,98866
immigration,1986-01-01,107222
immigration,1987-01-01,112721
immigration,1988-01-01,124984
immigration,1989-01-01,130198
immigration,1990-01-01,154244
immigration,1991-01-01,164773
immigration,1992-01-01,157190
immigration,1993-01-01,144537
immigration,1994-01-01,130188
immigration,1995-01-01,113967
immigration,1996-01-01,97591
immigration,1997-01-01,91687
immigration,1998-01-01,95955
immigration,1999-01-01,107953
immigration,2000-01-01,110302
immigration,2001-01-01,124077
immigration,2002-01-01,127340
immigration,2003-01-01,119783
immigration,2004-01-01,120188
immigration,2005-01-01,118270
immigration,2006-01-01,127586
immigration,2007-01-01,165634
immigration,2008-01-01,184297
immigration,2009-01-01,160623
immigration,2011-01-01,164612
immigration,2012-01-01,175008
immigration,2013-01-01,193302
immigration,2014-01-01,187326
immigration,2015-01-01,188515
immigration,2016-01-01,191683
immigration,2017-01-01,170945
immigration,2018-01-01,170085
immigration,2019-01-01,169573
immigration,2020-01-01,163180
immigration,2021-01-01,165640
immigration,2022-01-01,190883
immigration,2023-01-01,263081
immigration,2024-01-01,212578
live_births,1861-01-01,74820
live_births,1862-01-01,75870
live_births,1863-01-01,79160
live_births,1864-01-01,79600
live_births,1865-01-01,78290
live_births,1866-01-01,80580
live_births,1867-01-01,77327
live_births,1868-01-01,75705
live_births,1869-01-01,77965
live_births,1870-01-01,79208
live_births,1871-01-01,77633
live_births,1872-01-01,80329
live_births,1873-01-01,80572
live_births,1874-01-01,83051
live_births,1875-01-01,87579
live_births,1876-01-01,90786
live_births,1877-01-01,89244
live_births,1878-01-01,87833
live_births,1879-01-01,86180
live_births,1880-01-01,84165
live_births,1881-01-01,85142
live_births,1882-01-01,82689
live_births,1883-01-01,81974
live_births,1884-01-01,81571
live_births,1885-01-01,80349
live_births,1886-01-01,80763
live_births,1887-01-01,81287
live_births,1888-01-01,81098
live_births,1889-01-01,81176
live_births,1890-01-01,78548
live_births,1891-01-01,83596
live_births,1892-01-01,83125
live_births,1893-01-01,84897
live_births,1894-01-01,84142
live_births,1895-01-01,84973
live_births,1896-01-01,88428
live_births,1897-01-01,90078
live_births,1898-01-01,91793
live_births,1899-01-01,94472
live_births,1900-01-01,94316
live_births,1901-01-01,97028
live_births,1902-01-01,96481
live_births,1903-01-01,93824
live_births,1904-01-01,94867
live_births,1905-01-01,94653
live_births,1906-01-01,95595
live_births,1907-01-01,94508
live_births,1908-01-01,96245
live_births,1909-01-01,94112
live_births,1910-01-01,93514
live_births,1911-01-01,91320
live_births,1912-01-01,92196
live_births,1913-01-01,89757
live_births,1914-01-01,87330
live_births,1915-01-01,75545
live_births,1916-01-01,73660
live_births,1917-01-01,72065
live_births,1918-01-01,72658
live_births,1919-01-01,72125
live_births,1920-01-01,81190
live_births,1921-01-01,80808
live_births,1922-01-01,76290
live_births,1923-01-01,75551
live_births,1924-01-01,73508
live_births,1925-01-01,72570
live_births,1926-01-01,72118
live_births,1927-01-01,69533
live_births,1928-01-01,69594
live_births,1929-01-01,69006
live_births,1930-01-01,69855
live_births,1931-01-01,68249
live_births,1932-01-01,68650
live_births,1933-01-01,67509
live_births,1934-01-01,67277
live_births,1935-01-01,66378
live_births,1936-01-01,64966
live_births,1937-01-01,62480
live_births,1938-01-01,63790
live_births,1939-01-01,63837
live_births,1940-01-01,64115
live_births,1941-01-01,71926
live_births,1942-01-01,78875
live_births,1943-01-01,83049
live_births,1944-01-01,85627
live_births,1945-01-01,88522
live_births,1946-01-01,89126
live_births,1947-01-01,87724
live_births,1948-01-01,87763
live_births,1949-01-01,85308
live_births,1950-01-01,84776
live_births,1951-01-01,81903
live_births,1952-01-01,83549
live_births,1953-01-01,83029
live_births,1954-01-01,83741
live_births,1955-01-01,85331
live_births,1956-01-01,87912
live_births,1957-01-01,90823
live_births,1958-01-01,91421
live_births,1959-01-01,92973
live_births,1960-01-01,94372
live_births,1961-01-01,99238
live_births,1962-01-01,104322
live_births,1963-01-01,109993
live_births,1964-01-01,112890
live_births,1965-01-01,111835
live_births,1966-01-01,109738
live_births,1967-01-01,107417
live_births,1968-01-01,105130
live_births,1969-01-01,102520
live_births,1970-01-01,99216
live_births,1971-01-01,96261
live_births,1972-01-01,91342
live_births,1973-01-01,87518
live_births,1974-01-01,84507
live_births,1975-01-01,78464
live_births,1976-01-01,74199
live_births,1977-01-01,72829
live_births,1978-01-01,71375
live_births,1979-01-01,71986
live_births,1980-01-01,73661
live_births,1981-01-01,73747
live_births,1982-01-01,74916
live_births,1983-01-01,73659
live_births,1984-01-01,74710
live_births,1985-01-01,74684
live_births,1986-01-01,76320
live_births,1987-01-01,76505
live_births,1988-01-01,80345
live_births,1989-01-01,81180
live_births,1990-01-01,83939
live_births,1991-01-01,86200
live_births,1992-01-01,86910
live_births,1993-01-01,83762
live_births,1994-01-01,82980
live_births,1995-01-01,82203
live_births,1996-01-01,83007
live_births,1997-01-01,80584
live_births,1998-01-01,78949
live_births,1999-01-01,78408
live_births,2000-01-01,78458
live_births,2001-01-01,72295
live_births,2002-01-01,72372
live_births,2003-01-01,71848
live_births,2004-01-01,73082
live_births,2005-01-01,72903
live_births,2006-01-01,73371
live_births,2007-01-01,74494
live_births,2008-01-01,76691
live_births,2009-01-01,78286
live_births,2011-01-01,80808
live_births,2012-01-01,82164
live_births,2013-01-01,82731
live_births,2014-01-01,85287
live_births,2015-01-01,86559
live_births,2016-01-01,87883
live_births,2017-01-01,87381
live_births,2018-01-01,87851
live_births,2019-01-01,86172
live_births,2020-01-01,85914
live_births,2021-01-01,89644
live_births,2022-01-01,82371
live_births,2023-01-01,80024
live_births,2024-01-01,78256
migration_bal,1861-01-01,381
migration_bal,1862-01-01,-3620
migration_bal,1863-01-01,-3408
migration_bal,1864-01-01,-1194
migration_bal,1865-01-01,-2653
migration_bal,1866-01-01,-9602
migration_bal,1867-01-01,-6073
migration_bal,1868-01-01,-6930
migration_bal,1869-01-01,-4317
migration_bal,1870-01-01,5397
migration_bal,1871-01-01,9519
migration_bal,1872-01-01,-5207
migration_bal,1873-01-01,-2770
migration_bal,1874-01-01,-6827
migration_bal,1875-01-01,-5560
migration_bal,1876-01-01,-5694
migration_bal,1877-01-01,-6043
migration_bal,1878-01-01,-5814
migration_bal,1879-01-01,-7444
migration_bal,1880-01-01,1252
migration_bal,1881-01-01,-10409
migration_bal,1882-01-01,-10861
migration_bal,1883-01-01,-12211
migration_bal,1884-01-01,-10864
migration_bal,1885-01-01,-10287
migration_bal,1886-01-01,-11281
migration_bal,1887-01-01,-12720
migration_bal,1888-01-01,-11205
migration_bal,1889-01-01,5219
migration_bal,1890-01-01,5704
migration_bal,1891-01-01,6195
migration_bal,1892-01-01,6366
migration_bal,1893-01-01,6435
migration_bal,1894-01-01,6110
migration_bal,1895-01-01,5778
migration_bal,1896-01-01,6350
migration_bal,1897-01-01,6348
migration_bal,1898-01-01,6766
migration_bal,1899-01-01,4583
migration_bal,1900-01-01,5868
migration_bal,1901-01-01,8078
migration_bal,1902-01-01,8283
migration_bal,1903-01-01,8383
migration_bal,1904-01-01,8462
migration_bal,1905-01-01,7794
migration_bal,1906-01-01,8925
migration_bal,1907-01-01,8049
migration_bal,1908-01-01,7161
migration_bal,1909-01-01,6007
migration_bal,1910-01-01,7958
migration_bal,1911-01-01,-10231
migration_bal,1912-01-01,-10811
migration_bal,1913-01-01,-11494
migration_bal,1914-01-01,-12366
migration_bal,1915-01-01,-13152
migration_bal,1916-01-01,-11912
migration_bal,1917-01-01,-11623
migration_bal,1918-01-01,-11676
migration_bal,1919-01-01,-12556
migration_bal,1920-01-01,-11319
migration_bal,1921-01-01,-6129
migration_bal,1922-01-01,-5953
migration_bal,1923-01-01,-6000
migration_bal,1924-01-01,-5972
migration_bal,1925-01-01,-6148
migration_bal,1926-01-01,-5356
migration_bal,1927-01-01,-5523
migration_bal,1928-01-01,-5699
migration_bal,1929-01-01,-6188
migration_bal,1930-01-01,-5431
migration_bal,1931-01-01,2725
migration_bal,1932-01-01,47
migration_bal,1933-01-01,5627
migration_bal,1934-01-01,2884
migration_bal,1935-01-01,2797
migration_bal,1936-01-01,2826
migration_bal,1937-01-01,3138
migration_bal,1938-01-01,3090
migration_bal,1939-01-01,3119
migration_bal,1940-01-01,2706
migration_bal,1941-01-01,3139
migration_bal,1942-01-01,-1866
migration_bal,1943-01-01,-1733
migration_bal,1944-01-01,-1653
migration_bal,1945-01-01,-1638
migration_bal,1946-01-01,23033
migration_bal,1947-01-01,22760
migration_bal,1948-01-01,24016
migration_bal,1949-01-01,20989
migration_bal,1950-01-01,11796
migration_bal,1951-01-01,29749
migration_bal,1952-01-01,29275
migration_bal,1953-01-01,29555
migration_bal,1954-01-01,28672
migration_bal,1955-01-01,28435
migration_bal,1956-01-01,27361
migration_bal,1957-01-01,25643
migration_bal,1958-01-01,25060
migration_bal,1959-01-01,22604
migration_bal,1960-01-01,22375
migration_bal,1961-01-01,100048
migration_bal,1962-01-01,81563
migration_bal,1963-01-01,57100
migration_bal,1964-01-01,20576
migration_bal,1965-01-01,-1656
migration_bal,1966-01-01,14494
migration_bal,1967-01-01,26862
migration_bal,1968-01-01,24965
migration_bal,1969-01-01,20108
migration_bal,1970-01-01,-17761
migration_bal,1971-01-01,2275
migration_bal,1972-01-01,19571
migration_bal,1973-01-01,7829
migration_bal,1974-01-01,1656
migration_bal,1975-01-01,-57847
migration_bal,1976-01-01,-54053
migration_bal,1977-01-01,-22881
migration_bal,1978-01-01,-6820
migration_bal,1979-01-01,3885
migration_bal,1980-01-01,17106
migration_bal,1981-01-01,23677
migration_bal,1982-01-01,21097
migration_bal,1983-01-01,5217
migration_bal,1984-01-01,11955
migration_bal,1985-01-01,13837
migration_bal,1986-01-01,22364
migration_bal,1987-01-01,26392
migration_bal,1988-01-01,33477
migration_bal,1989-01-01,33579
migration_bal,1990-01-01,56643
migration_bal,1991-01-01,61440
migration_bal,1992-01-01,40156
migration_bal,1993-01-01,39512
migration_bal,1994-01-01,30883
migration_bal,1995-01-01,14458
migration_bal,1996-01-01,-5807
migration_bal,1997-01-01,-6834
migration_bal,1998-01-01,1177
migration_bal,1999-01-01,16149
migration_bal,2000-01-01,20224
migration_bal,2001-01-01,41843
migration_bal,2002-01-01,48921
migration_bal,2003-01-01,43027
migration_bal,2004-01-01,40462
migration_bal,2005-01-01,36180
migration_bal,2006-01-01,39368
migration_bal,2007-01-01,75459
migration_bal,2008-01-01,98167
migration_bal,2009-01-01,74587
migration_bal,2011-01-01,68118
migration_bal,2012-01-01,71127
migration_bal,2013-01-01,87106
migration_bal,2014-01-01,76223
migration_bal,2015-01-01,71884
migration_bal,2016-01-01,71030
migration_bal,2017-01-01,45948
migration_bal,2018-01-01,39860
migration_bal,2019-01-01,43352
migration_bal,2020-01-01,53804
migration_bal,2021-01-01,48871
migration_bal,2022-01-01,68760
migration_bal,2023-01-01,139118
migration_bal,2024-01-01,82792
naturalisation,1889-01-01,1247
naturalisation,1890-01-01,1664
naturalisation,1891-01-01,1732
naturalisation,1892-01-01,1777
naturalisation,1893-01-01,1634
naturalisation,1894-01-01,1971
naturalisation,1895-01-01,1655
naturalisation,1896-01-01,2291
naturalisation,1897-01-01,2303
naturalisation,1898-01-01,2338
naturalisation,1899-01-01,2609
naturalisation,1900-01-01,2533
naturalisation,1901-01-01,2475
naturalisation,1902-01-01,2438
naturalisation,1903-01-01,3041
naturalisation,1904-01-01,3137
naturalisation,1905-01-01,3309
naturalisation,1906-01-01,3907
naturalisation,1907-01-01,3578
naturalisation,1908-01-01,4094
naturalisation,1909-01-01,4278
naturalisation,1910-01-01,4024
naturalisation,1911-01-01,4440
naturalisation,1912-01-01,4254
naturalisation,1913-01-01,5770
naturalisation,1914-01-01,5677
naturalisation,1915-01-01,9673
naturalisation,1916-01-01,11452
naturalisation,1917-01-01,12752
naturalisation,1918-01-01,9399
naturalisation,1919-01-01,7704
naturalisation,1920-01-01,7017
naturalisation,1921-01-01,9088
naturalisation,1922-01-01,8686
naturalisation,1923-01-01,7807
naturalisation,1924-01-01,7908
naturalisation,1925-01-01,6049
naturalisation,1926-01-01,5422
naturalisation,1927-01-01,5447
naturalisation,1928-01-01,5535
naturalisation,1929-01-01,5786
naturalisation,1930-01-01,6026
naturalisation,1931-01-01,7409
naturalisation,1932-01-01,8761
naturalisation,1933-01-01,8442
naturalisation,1934-01-01,7754
naturalisation,1935-01-01,7043
naturalisation,1936-01-01,6012
naturalisation,1937-01-01,4603
naturalisation,1938-01-01,4459
naturalisation,1939-01-01,5597
naturalisation,1940-01-01,5587
naturalisation,1941-01-01,5502
naturalisation,1942-01-01,5739
naturalisation,1943-01-01,5374
naturalisation,1944-01-01,4007
naturalisation,1945-01-01,3141
naturalisation,1946-01-01,3245
naturalisation,1947-01-01,3824
naturalisation,1948-01-01,5747
naturalisation,1949-01-01,6719
naturalisation,1950-01-01,7334
naturalisation,1951-01-01,7276
naturalisation,1952-01-01,7882
naturalisation,1953-01-01,22635
naturalisation,1954-01-01,14511
naturalisation,1955-01-01,9459
naturalisation,1956-01-01,8371
naturalisation,1957-01-01,8328
naturalisation,1958-01-01,8405
naturalisation,1959-01-01,8066
naturalisation,1960-01-01,8267
naturalisation,1961-01-01,8095
naturalisation,1962-01-01,7684
naturalisation,1963-01-01,7778
naturalisation,1964-01-01,7774
naturalisation,1965-01-01,7796
naturalisation,1966-01-01,8548
naturalisation,1967-01-01,8647
naturalisation,1968-01-01,8707
naturalisation,1969-01-01,9343
naturalisation,1970-01-01,10913
naturalisation,1971-01-01,9901
naturalisation,1972-01-01,10004
naturalisation,1973-01-01,10227
naturalisation,1974-01-01,11452
naturalisation,1975-01-01,12651
naturalisation,1976-01-01,15261
naturalisation,1977-01-01,16803
naturalisation,1978-01-01,37157
naturalisation,1979-01-01,25696
naturalisation,1980-01-01,16060
naturalisation,1981-01-01,14299
naturalisation,1982-01-01,12723
naturalisation,1983-01-01,11831
naturalisation,1984-01-01,11850
naturalisation,1985-01-01,14393
naturalisation,1986-01-01,14416
naturalisation,1987-01-01,12370
naturalisation,1988-01-01,11356
naturalisation,1989-01-01,10342
naturalisation,1990-01-01,8658
naturalisation,1991-01-01,8757
naturalisation,1992-01-01,11208
naturalisation,1993-01-01,12928
naturalisation,1994-01-01,13757
naturalisation,1995-01-01,16795
naturalisation,1996-01-01,19375
naturalisation,1997-01-01,19169
naturalisation,1998-01-01,21279
naturalisation,1999-01-01,20363
naturalisation,2000-01-01,28700
naturalisation,2001-01-01,27583
naturalisation,2002-01-01,36515
naturalisation,2003-01-01,35424
naturalisation,2004-01-01,35685
naturalisation,2005-01-01,38437
naturalisation,2006-01-01,46711
naturalisation,2007-01-01,43889
naturalisation,2008-01-01,44365
naturalisation,2009-01-01,43440
naturalisation,2011-01-01,36012
naturalisation,2012-01-01,33500
naturalisation,2013-01-01,34061
naturalisation,2014-01-01,32836
naturalisation,2015-01-01,40689
naturalisation,2016-01-01,42937
naturalisation,2017-01-01,44949
naturalisation,2018-01-01,42493
naturalisation,2019-01-01,41127
naturalisation,2020-01-01,34141
naturalisation,2021-01-01,36994
naturalisation,2022-01-01,41486
naturalisation,2023-01-01,41201
naturalisation,2024-01-01,39912
pop_stock_dec,1861-01-01,2533077
pop_stock_dec,1862-01-01,2554257
pop_stock_dec,1863-01-01,2575649
pop_stock_dec,1864-01-01,2594555
pop_stock_dec,1865-01-01,2611102
pop_stock_dec,1866-01-01,2625400
pop_stock_dec,1867-01-01,2637538
pop_stock_dec,1868-01-01,2647583
pop_stock_dec,1869-01-01,2657614
pop_stock_dec,1870-01-01,2673468
pop_stock_dec,1871-01-01,2686618
pop_stock_dec,1872-01-01,2701982
pop_stock_dec,1873-01-01,2718108
pop_stock_dec,1874-01-01,2733487
pop_stock_dec,1875-01-01,2749393
pop_stock_dec,1876-01-01,2767666
pop_stock_dec,1877-01-01,2785514
pop_stock_dec,1878-01-01,2802222
pop_stock_dec,1879-01-01,2817307
pop_stock_dec,1880-01-01,2840501
pop_stock_dec,1881-01-01,2851255
pop_stock_dec,1882-01-01,2860234
pop_stock_dec,1883-01-01,2871264
pop_stock_dec,1884-01-01,2883670
pop_stock_dec,1885-01-01,2892184
pop_stock_dec,1886-01-01,2901605
pop_stock_dec,1887-01-01,2911233
pop_stock_dec,1888-01-01,2922897
pop_stock_dec,1889-01-01,2949577
pop_stock_dec,1890-01-01,2972024
pop_stock_dec,1891-01-01,3000632
pop_stock_dec,1892-01-01,3032945
pop_stock_dec,1893-01-01,3063218
pop_stock_dec,1894-01-01,3091585
pop_stock_dec,1895-01-01,3122589
pop_stock_dec,1896-01-01,3161271
pop_stock_dec,1897-01-01,3201298
pop_stock_dec,1898-01-01,3240943
pop_stock_dec,1899-01-01,3282407
pop_stock_dec,1900-01-01,3318985
pop_stock_dec,1901-01-01,3364073
pop_stock_dec,1902-01-01,3411135
pop_stock_dec,1903-01-01,3453716
pop_stock_dec,1904-01-01,3496188
pop_stock_dec,1905-01-01,3536835
pop_stock_dec,1906-01-01,3582151
pop_stock_dec,1907-01-01,3625456
pop_stock_dec,1908-01-01,3671165
pop_stock_dec,1909-01-01,3711868
pop_stock_dec,1910-01-01,3756842
pop_stock_dec,1911-01-01,3778312
pop_stock_dec,1912-01-01,3805595
pop_stock_dec,1913-01-01,3828431
pop_stock_dec,1914-01-01,3849766
pop_stock_dec,1915-01-01,3860635
pop_stock_dec,1916-01-01,3871760
pop_stock_dec,1917-01-01,3878896
pop_stock_dec,1918-01-01,3864844
pop_stock_dec,1919-01-01,3869481
pop_stock_dec,1920-01-01,3883360
pop_stock_dec,1921-01-01,3908521
pop_stock_dec,1922-01-01,3928566
pop_stock_dec,1923-01-01,3952134
pop_stock_dec,1924-01-01,3970682
pop_stock_dec,1925-01-01,3989227
pop_stock_dec,1926-01-01,4009537
pop_stock_dec,1927-01-01,4024345
pop_stock_dec,1928-01-01,4040177
pop_stock_dec,1929-01-01,4052557
pop_stock_dec,1930-01-01,4070042
pop_stock_dec,1931-01-01,4091602
pop_stock_dec,1932-01-01,4110388
pop_stock_dec,1933-01-01,4136343
pop_stock_dec,1934-01-01,4159698
pop_stock_dec,1935-01-01,4178640
pop_stock_dec,1936-01-01,4198782
pop_stock_dec,1937-01-01,4217126
pop_stock_dec,1938-01-01,4235430
pop_stock_dec,1939-01-01,4252902
pop_stock_dec,1940-01-01,4268964
pop_stock_dec,1941-01-01,4296693
pop_stock_dec,1942-01-01,4326774
pop_stock_dec,1943-01-01,4360681
pop_stock_dec,1944-01-01,4392319
pop_stock_dec,1945-01-01,4428117
pop_stock_dec,1946-01-01,4490000
pop_stock_dec,1947-01-01,4549100
pop_stock_dec,1948-01-01,4611200
pop_stock_dec,1949-01-01,4668000
pop_stock_dec,1950-01-01,4717200
pop_stock_dec,1951-01-01,4778900
pop_stock_dec,1952-01-01,4844100
pop_stock_dec,1953-01-01,4907000
pop_stock_dec,1954-01-01,4970300
pop_stock_dec,1955-01-01,5033700
pop_stock_dec,1956-01-01,5097400
pop_stock_dec,1957-01-01,5162800
pop_stock_dec,1958-01-01,5230000
pop_stock_dec,1959-01-01,5295500
pop_stock_dec,1960-01-01,5360153
pop_stock_dec,1961-01-01,5508435
pop_stock_dec,1962-01-01,5639195
pop_stock_dec,1963-01-01,5749299
pop_stock_dec,1964-01-01,5829156
pop_stock_dec,1965-01-01,5883788
pop_stock_dec,1966-01-01,5952216
pop_stock_dec,1967-01-01,6031353
pop_stock_dec,1968-01-01,6104074
pop_stock_dec,1969-01-01,6168700
pop_stock_dec,1970-01-01,6193064
pop_stock_dec,1971-01-01,6233744
pop_stock_dec,1972-01-01,6288168
pop_stock_dec,1973-01-01,6326525
pop_stock_dec,1974-01-01,6356285
pop_stock_dec,1975-01-01,6320978
pop_stock_dec,1976-01-01,6284029
pop_stock_dec,1977-01-01,6278319
pop_stock_dec,1978-01-01,6285156
pop_stock_dec,1979-01-01,6303573
pop_stock_dec,1980-01-01,6335243
pop_stock_dec,1981-01-01,6372904
pop_stock_dec,1982-01-01,6409713
pop_stock_dec,1983-01-01,6427833
pop_stock_dec,1984-01-01,6455896
pop_stock_dec,1985-01-01,6484834
pop_stock_dec,1986-01-01,6523413
pop_stock_dec,1987-01-01,6566799
pop_stock_dec,1988-01-01,6619973
pop_stock_dec,1989-01-01,6673850
pop_stock_dec,1990-01-01,6750693
pop_stock_dec,1991-01-01,6842768
pop_stock_dec,1992-01-01,6907959
pop_stock_dec,1993-01-01,6968570
pop_stock_dec,1994-01-01,7019019
pop_stock_dec,1995-01-01,7062354
pop_stock_dec,1996-01-01,7081346
pop_stock_dec,1997-01-01,7096465
pop_stock_dec,1998-01-01,7123537
pop_stock_dec,1999-01-01,7164444
pop_stock_dec,2000-01-01,7204055
pop_stock_dec,2001-01-01,7255653
pop_stock_dec,2002-01-01,7313853
pop_stock_dec,2003-01-01,7364148
pop_stock_dec,2004-01-01,7415102
pop_stock_dec,2005-01-01,7459128
pop_stock_dec,2006-01-01,7508739
pop_stock_dec,2007-01-01,7593494
pop_stock_dec,2008-01-01,7701856
pop_stock_dec,2009-01-01,7785806
pop_stock_dec,2011-01-01,7954662
pop_stock_dec,2012-01-01,8039060
pop_stock_dec,2013-01-01,8139631
pop_stock_dec,2014-01-01,8237666
pop_stock_dec,2015-01-01,8327126
pop_stock_dec,2016-01-01,8419550
pop_stock_dec,2017-01-01,8484130
pop_stock_dec,2018-01-01,8544527
pop_stock_dec,2019-01-01,8606033
pop_stock_dec,2020-01-01,8670300
pop_stock_dec,2021-01-01,8738791
pop_stock_dec,2022-01-01,8815385
pop_stock_dec,2023-01-01,8962258
pop_stock_dec,2024-01-01,9051029
pop_stock_jan,1861-01-01,2515396
pop_stock_jan,1862-01-01,2533077
pop_stock_jan,1863-01-01,2554257
pop_stock_jan,1864-01-01,2575649
pop_stock_jan,1865-01-01,2594555
pop_stock_jan,1866-01-01,2611102
pop_stock_jan,1867-01-01,2625400
pop_stock_jan,1868-01-01,2637538
pop_stock_jan,1869-01-01,2647583
pop_stock_jan,1870-01-01,2657614
pop_stock_jan,1871-01-01,2673468
pop_stock_jan,1872-01-01,2686618
pop_stock_jan,1873-01-01,2701982
pop_stock_jan,1874-01-01,2718108
pop_stock_jan,1875-01-01,2733487
pop_stock_jan,1876-01-01,2749393
pop_stock_jan,1877-01-01,2767666
pop_stock_jan,1878-01-01,2785514
pop_stock_jan,1879-01-01,2802222
pop_stock_jan,1880-01-01,2817307
pop_stock_jan,1881-01-01,2840501
pop_stock_jan,1882-01-01,2851255
pop_stock_jan,1883-01-01,2860234
pop_stock_jan,1884-01-01,2871264
pop_stock_jan,1885-01-01,2883670
pop_stock_jan,1886-01-01,2892184
pop_stock_jan,1887-01-01,2901605
pop_stock_jan,1888-01-01,2911233
pop_stock_jan,1889-01-01,2922897
pop_stock_jan,1890-01-01,2949577
pop_stock_jan,1891-01-01,2972024
pop_stock_jan,1892-01-01,3000632
pop_stock_jan,1893-01-01,3032945
pop_stock_jan,1894-01-01,3063218
pop_stock_jan,1895-01-01,3091585
pop_stock_jan,1896-01-01,3122589
pop_stock_jan,1897-01-01,3161271
pop_stock_jan,1898-01-01,3201298
pop_stock_jan,1899-01-01,3240943
pop_stock_jan,1900-01-01,3282407
pop_stock_jan,1901-01-01,3318985
pop_stock_jan,1902-01-01,3364073
pop_stock_jan,1903-01-01,3411135
pop_stock_jan,1904-01-01,3453716
pop_stock_jan,1905-01-01,3496188
pop_stock_jan,1906-01-01,3536835
pop_stock_jan,1907-01-01,3582151
pop_stock_jan,1908-01-01,3625456
pop_stock_jan,1909-01-01,3671165
pop_stock_jan,1910-01-01,3711868
pop_stock_jan,1911-01-01,3756842
pop_stock_jan,1912-01-01,3778312
pop_stock_jan,1913-01-01,3805595
pop_stock_jan,1914-01-01,3828431
pop_stock_jan,1915-01-01,3849766
pop_stock_jan,1916-01-01,3860635
pop_stock_jan,1917-01-01,3871760
pop_stock_jan,1918-01-01,3878896
pop_stock_jan,1919-01-01,3864844
pop_stock_jan,1920-01-01,3869481
pop_stock_jan,1921-01-01,3883360
pop_stock_jan,1922-01-01,3908521
pop_stock_jan,1923-01-01,3928566
pop_stock_jan,1924-01-01,3952134
pop_stock_jan,1925-01-01,3970682
pop_stock_jan,1926-01-01,3989227
pop_stock_jan,1927-01-01,4009537
pop_stock_jan,1928-01-01,4024345
pop_stock_jan,1929-01-01,4040177
pop_stock_jan,1930-01-01,4052557
pop_stock_jan,1931-01-01,4070042
pop_stock_jan,1932-01-01,4091602
pop_stock_jan,1933-01-01,4110388
pop_stock_jan,1934-01-01,4136343
pop_stock_jan,1935-01-01,4159698
pop_stock_jan,1936-01-01,4178640
pop_stock_jan,1937-01-01,4198782
pop_stock_jan,1938-01-01,4217126
pop_stock_jan,1939-01-01,4235430
pop_stock_jan,1940-01-01,4252902
pop_stock_jan,1941-01-01,4268964
pop_stock_jan,1942-01-01,4296693
pop_stock_jan,1943-01-01,4326774
pop_stock_jan,1944-01-01,4360681
pop_stock_jan,1945-01-01,4392319
pop_stock_jan,1946-01-01,4428117
pop_stock_jan,1947-01-01,4490000
pop_stock_jan,1948-01-01,4549100
pop_stock_jan,1949-01-01,4611200
pop_stock_jan,1950-01-01,4668000
pop_stock_jan,1951-01-01,4717200
pop_stock_jan,1952-01-01,4778900
pop_stock_jan,1953-01-01,4844100
pop_stock_jan,1954-01-01,4907000
pop_stock_jan,1955-01-01,4970300
pop_stock_jan,1956-01-01,5033700
pop_stock_jan,1957-01-01,5097400
pop_stock_jan,1958-01-01,5162800
pop_stock_jan,1959-01-01,5230000
pop_stock_jan,1960-01-01,5295500
pop_stock_jan,1961-01-01,5360153
pop_stock_jan,1962-01-01,5508435
pop_stock_jan,1963-01-01,5639195
pop_stock_jan,1964-01-01,5749299
pop_stock_jan,1965-01-01,5829156
pop_stock_jan,1966-01-01,5883788
pop_stock_jan,1967-01-01,5952216
pop_stock_jan,1968-01-01,6031353
pop_stock_jan,1969-01-01,6104074
pop_stock_jan,1970-01-01,6168700
pop_stock_jan,1971-01-01,6193064
pop_stock_jan,1972-01-01,6233744
pop_stock_jan,1973-01-01,6288168
pop_stock_jan,1974-01-01,6326525
pop_stock_jan,1975-01-01,6356285
pop_stock_jan,1976-01-01,6320978
pop_stock_jan,1977-01-01,6284029
pop_stock_jan,1978-01-01,6278319
pop_stock_jan,1979-01-01,6285156
pop_stock_jan,1980-01-01,6303573
pop_stock_jan,1981-01-01,6335243
pop_stock_jan,1982-01-01,6372904
pop_stock_jan,1983-01-01,6409713
pop_stock_jan,1984-01-01,6427833
pop_stock_jan,1985-01-01,6455896
pop_stock_jan,1986-01-01,6484834
pop_stock_jan,1987-01-01,6523413
pop_stock_jan,1988-01-01,6566799
pop_stock_jan,1989-01-01,6619973
pop_stock_jan,1990-01-01,6673850
pop_stock_jan,1991-01-01,6757188
pop_stock_jan,1992-01-01,6842768
pop_stock_jan,1993-01-01,6907959
pop_stock_jan,1994-01-01,6968570
pop_stock_jan,1995-01-01,7019019
pop_stock_jan,1996-01-01,7062354
pop_stock_jan,1997-01-01,7081346
pop_stock_jan,1998-01-01,7096465
pop_stock_jan,1999-01-01,7123537
pop_stock_jan,2000-01-01,7164444
pop_stock_jan,2001-01-01,7197638
pop_stock_jan,2002-01-01,7255653
pop_stock_jan,2003-01-01,7313853
pop_stock_jan,2004-01-01,7364148
pop_stock_jan,2005-01-01,7415102
pop_stock_jan,2006-01-01,7459128
pop_stock_jan,2007-01-01,7508739
pop_stock_jan,2008-01-01,7593494
pop_stock_jan,2009-01-01,7701856
pop_stock_jan,2011-01-01,7870134
pop_stock_jan,2012-01-01,7954662
pop_stock_jan,2013-01-01,8039060
pop_stock_jan,2014-01-01,8139631
pop_stock_jan,2015-01-01,8237666
pop_stock_jan,2016-01-01,8327126
pop_stock_jan,2017-01-01,8419550
pop_stock_jan,2018-01-01,8484130
pop_stock_jan,2019-01-01,8544527
pop_stock_jan,2020-01-01,8606033
pop_stock_jan,2021-01-01,8670300
pop_stock_jan,2022-01-01,8738791
pop_stock_jan,2023-01-01,8815385
pop_stock_jan,2024-01-01,8962258
