region,date,value
AG,2008-01-01,39586.17092
AG,2009-01-01,38626.48387
AG,2010-01-01,39287.88792
AG,2011-01-01,40175.39036
AG,2012-01-01,40309.14441
AG,2013-01-01,41229.16645
AG,2014-01-01,41857.04587
AG,2015-01-01,41592.75056
AG,2016-01-01,42131.70882
AG,2017-01-01,42758.50104
AG,2018-01-01,43687.13571
AG,2019-01-01,44509.24537
AG,2020-01-01,44108.19224
AG,2021-01-01,44938.39714
AG,2022-01-01,47538.21086
AI,2008-01-01,835.67541
AI,2009-01-01,818.7148
AI,2010-01-01,883.82611
AI,2011-01-01,905.45429
AI,2012-01-01,912.5929000000002
AI,2013-01-01,945.20532
AI,2014-01-01,985.1826
AI,2015-01-01,992.23428
AI,2016-01-01,1008.6843
AI,2017-01-01,1002.78446
AI,2018-01-01,1034.1429
AI,2019-01-01,1046.87968
AI,2020-01-01,1042.92005
AI,2021-01-01,1157.41315
AI,2022-01-01,1237.71858
AR,2008-01-01,2868.35229
AR,2009-01-01,2764.46097
AR,2010-01-01,2890.01509
AR,2011-01-01,2943.4562
AR,2012-01-01,2950.66255
AR,2013-01-01,3054.05788
AR,2014-01-01,3099.52196
AR,2015-01-01,3127.70844
AR,2016-01-01,3147.8499
AR,2017-01-01,3112.6167
AR,2018-01-01,3201.04029
AR,2019-01-01,3254.50915
AR,2020-01-01,3414.4593
AR,2021-01-01,3597.76027
AR,2022-01-01,3748.99843
BE,2008-01-01,73222.43163
BE,2009-01-01,72092.83846
BE,2010-01-01,74500.52053
BE,2011-01-01,75733.94119
BE,2012-01-01,76003.43148
BE,2013-01-01,77331.58119
BE,2014-01-01,78705.81482
BE,2015-01-01,78524.05539
BE,2016-01-01,78336.78608
BE,2017-01-01,78903.20877
BE,2018-01-01,80775.78955
BE,2019-01-01,82365.69844
BE,2020-01-01,80589.16775
BE,2021-01-01,85140.5241
BE,2022-01-01,89362.15439
BL,2008-01-01,18646.315
BL,2009-01-01,18284.41221
BL,2010-01-01,18920.1067
BL,2011-01-01,19240.08331
BL,2012-01-01,19052.42382
BL,2013-01-01,19331.3215
BL,2014-01-01,19948.28137
BL,2015-01-01,20327.19358
BL,2016-01-01,20435.72932
BL,2017-01-01,20728.94502
BL,2018-01-01,20819.445
BL,2019-01-01,20816.19197
BL,2020-01-01,20464.11973
BL,2021-01-01,21615.57753
BL,2022-01-01,22811.9609
BS,2008-01-01,30331.63628
BS,2009-01-01,29895.47961
BS,2010-01-01,30268.87556
BS,2011-01-01,31070.99883
BS,2012-01-01,30870.80272
BS,2013-01-01,31234.56476
BS,2014-01-01,32096.51533
BS,2015-01-01,32764.38987
BS,2016-01-01,35204.04437
BS,2017-01-01,36876.2111
BS,2018-01-01,38110.19693
BS,2019-01-01,38316.71638
BS,2020-01-01,37705.55396
BS,2021-01-01,40025.80893
BS,2022-01-01,41203.45909
FR,2008-01-01,16159.48542
FR,2009-01-01,15753.19622
FR,2010-01-01,16276.14562
FR,2011-01-01,16665.1776
FR,2012-01-01,16822.84707
FR,2013-01-01,17652.88442
FR,2014-01-01,18139.40988
FR,2015-01-01,18257.69489
FR,2016-01-01,18289.33394
FR,2017-01-01,18627.22945
FR,2018-01-01,19066.30713
FR,2019-01-01,19459.65648
FR,2020-01-01,18886.4844
FR,2021-01-01,20276.79785
FR,2022-01-01,21423.64409
GE,2008-01-01,47597.2914
GE,2009-01-01,46480.21062
GE,2010-01-01,48388.04695
GE,2011-01-01,48535.59144
GE,2012-01-01,49396.84318
GE,2013-01-01,50196.61483
GE,2014-01-01,50311.47867
GE,2015-01-01,50042.25798
GE,2016-01-01,50364.83604
GE,2017-01-01,51443.49671
GE,2018-01-01,53899.99455
GE,2019-01-01,54591.22122
GE,2020-01-01,52015.88663
GE,2021-01-01,56228.85977
GE,2022-01-01,61231.33417
GL,2008-01-01,2505.78925
GL,2009-01-01,2433.26553
GL,2010-01-01,2490.82842
GL,2011-01-01,2554.07126
GL,2012-01-01,2575.92307
GL,2013-01-01,2680.91856
GL,2014-01-01,2719.52508
GL,2015-01-01,2736.19469
GL,2016-01-01,2718.89978
GL,2017-01-01,2828.80873
GL,2018-01-01,2790.11952
GL,2019-01-01,2891.24057
GL,2020-01-01,2773.97578
GL,2021-01-01,2988.10374
GL,2022-01-01,3117.55355
GR,2008-01-01,12767.38285
GR,2009-01-01,12782.13281
GR,2010-01-01,13171.80481
GR,2011-01-01,13477.02142
GR,2012-01-01,13660.96887
GR,2013-01-01,14028.60654
GR,2014-01-01,14125.80718
GR,2015-01-01,14011.72557
GR,2016-01-01,14100.51146
GR,2017-01-01,14131.66518
GR,2018-01-01,14501.14771
GR,2019-01-01,14937.00048
GR,2020-01-01,14627.09554
GR,2021-01-01,15542.00415
GR,2022-01-01,16725.53002
JU,2008-01-01,4337.03484
JU,2009-01-01,4065.43864
JU,2010-01-01,4178.40839
JU,2011-01-01,4327.17515
JU,2012-01-01,4400.39709
JU,2013-01-01,4607.58952
JU,2014-01-01,4751.96395
JU,2015-01-01,4665.36113
JU,2016-01-01,4655.41274
JU,2017-01-01,4771.31017
JU,2018-01-01,4999.89508
JU,2019-01-01,5098.25717
JU,2020-01-01,4625.73525
JU,2021-01-01,5352.88371
JU,2022-01-01,5799.19675
LU,2008-01-01,23065.83825
LU,2009-01-01,22573.97542
LU,2010-01-01,24086.5787
LU,2011-01-01,24485.34338
LU,2012-01-01,24760.6536
LU,2013-01-01,25484.10177
LU,2014-01-01,26004.33257
LU,2015-01-01,26331.17943
LU,2016-01-01,26794.83088
LU,2017-01-01,27243.27993
LU,2018-01-01,27792.86656
LU,2019-01-01,28304.31765
LU,2020-01-01,28039.73666
LU,2021-01-01,30123.32273
LU,2022-01-01,31924.2345
NE,2008-01-01,13622.0326
NE,2009-01-01,12748.55525
NE,2010-01-01,13094.76898
NE,2011-01-01,14147.22672
NE,2012-01-01,14620.56743
NE,2013-01-01,14896.88845
NE,2014-01-01,15186.94772
NE,2015-01-01,15463.35493
NE,2016-01-01,15173.90412
NE,2017-01-01,15552.72609
NE,2018-01-01,16199.71183
NE,2019-01-01,16398.4668
NE,2020-01-01,15320.30848
NE,2021-01-01,17695.97693
NE,2022-01-01,18724.21317
NW,2008-01-01,2446.73783
NW,2009-01-01,2428.95291
NW,2010-01-01,2630.87285
NW,2011-01-01,2683.49543
NW,2012-01-01,2743.80929
NW,2013-01-01,2883.26636
NW,2014-01-01,2965.14912
NW,2015-01-01,3177.9151
NW,2016-01-01,3064.19211
NW,2017-01-01,3026.83834
NW,2018-01-01,3064.67828
NW,2019-01-01,3025.56778
NW,2020-01-01,2866.35726
NW,2021-01-01,3147.64216
NW,2022-01-01,3309.65281
OW,2008-01-01,2226.19141
OW,2009-01-01,2205.50598
OW,2010-01-01,2344.71344
OW,2011-01-01,2379.64595
OW,2012-01-01,2394.35946
OW,2013-01-01,2374.13494
OW,2014-01-01,2383.1599
OW,2015-01-01,2419.2417
OW,2016-01-01,2476.0583
OW,2017-01-01,2495.06168
OW,2018-01-01,2520.40292
OW,2019-01-01,2630.1019
OW,2020-01-01,2579.31542
OW,2021-01-01,2736.1392
OW,2022-01-01,2888.79377
SG,2008-01-01,34861.05519
SG,2009-01-01,33818.41531
SG,2010-01-01,35195.63449
SG,2011-01-01,35962.96895
SG,2012-01-01,35346.32447
SG,2013-01-01,36288.93775
SG,2014-01-01,36885.12328
SG,2015-01-01,36676.13352
SG,2016-01-01,37105.30738
SG,2017-01-01,37438.98271
SG,2018-01-01,38071.56852
SG,2019-01-01,38961.85693
SG,2020-01-01,38600.65937
SG,2021-01-01,42141.27321
SG,2022-01-01,44588.82296
SH,2008-01-01,6162.8006
SH,2009-01-01,6006.46544
SH,2010-01-01,6506.98187
SH,2011-01-01,6616.21889
SH,2012-01-01,6727.49685
SH,2013-01-01,6869.04239
SH,2014-01-01,6801.57409
SH,2015-01-01,6756.54773
SH,2016-01-01,6827.35345
SH,2017-01-01,6913.34758
SH,2018-01-01,7172.36945
SH,2019-01-01,7293.68099
SH,2020-01-01,7242.44875
SH,2021-01-01,8302.03476
SH,2022-01-01,8541.54346
SO,2008-01-01,16764.66925
SO,2009-01-01,16119.66708
SO,2010-01-01,16640.00445
SO,2011-01-01,16917.99754
SO,2012-01-01,17011.32618
SO,2013-01-01,17296.25571
SO,2014-01-01,17571.80308
SO,2015-01-01,17665.54196
SO,2016-01-01,17665.91637
SO,2017-01-01,17888.23339
SO,2018-01-01,18369.42889
SO,2019-01-01,18620.63281
SO,2020-01-01,18140.59636
SO,2021-01-01,19457.78099
SO,2022-01-01,20762.72506
SZ,2008-01-01,8323.13661
SZ,2009-01-01,8405.69522
SZ,2010-01-01,8550.84992
SZ,2011-01-01,8539.32563
SZ,2012-01-01,8646.23904
SZ,2013-01-01,8892.66258
SZ,2014-01-01,9017.99038
SZ,2015-01-01,9249.8374
SZ,2016-01-01,9313.17952
SZ,2017-01-01,9514.90326
SZ,2018-01-01,9720.14955
SZ,2019-01-01,9954.6804
SZ,2020-01-01,10021.33084
SZ,2021-01-01,10885.27534
SZ,2022-01-01,11622.67591
TG,2008-01-01,14471.7263
TG,2009-01-01,14056.77565
TG,2010-01-01,14818.59353
TG,2011-01-01,15297.98773
TG,2012-01-01,15549.95165
TG,2013-01-01,15945.20579
TG,2014-01-01,16185.60854
TG,2015-01-01,16060.14618
TG,2016-01-01,16406.11052
TG,2017-01-01,16540.74113
TG,2018-01-01,16991.91157
TG,2019-01-01,17358.08306
TG,2020-01-01,17559.44806
TG,2021-01-01,19327.55315
TG,2022-01-01,20291.58862
TI,2008-01-01,26979.54752
TI,2009-01-01,26404.7754
TI,2010-01-01,27178.10331
TI,2011-01-01,27730.78939
TI,2012-01-01,28045.56223
TI,2013-01-01,29063.33517
TI,2014-01-01,29652.67872
TI,2015-01-01,29622.96882
TI,2016-01-01,29563.90365
TI,2017-01-01,29284.94673
TI,2018-01-01,30521.09186
TI,2019-01-01,30990.05371
TI,2020-01-01,29018.15979
TI,2021-01-01,33365.33097
TI,2022-01-01,36083.61675
UR,2008-01-01,1691.10825
UR,2009-01-01,1695.16881
UR,2010-01-01,1703.26521
UR,2011-01-01,1772.27489
UR,2012-01-01,1799.17625
UR,2013-01-01,1863.60522
UR,2014-01-01,1873.05108
UR,2015-01-01,1884.67324
UR,2016-01-01,1895.97625
UR,2017-01-01,1932.22382
UR,2018-01-01,1962.56
UR,2019-01-01,2000.81065
UR,2020-01-01,1981.76975
UR,2021-01-01,2088.9141
UR,2022-01-01,2171.1163
VD,2008-01-01,46921.93405
VD,2009-01-01,46869.2371
VD,2010-01-01,49602.4847
VD,2011-01-01,50403.79983
VD,2012-01-01,53559.13444
VD,2013-01-01,52299.55179
VD,2014-01-01,53909.83693
VD,2015-01-01,53575.37049
VD,2016-01-01,57009.94537
VD,2017-01-01,55195.67504
VD,2018-01-01,58384.07719
VD,2019-01-01,58635.43105
VD,2020-01-01,56442.69189
VD,2021-01-01,63038.71103
VD,2022-01-01,64500.13022
VS,2008-01-01,16182.95212
VS,2009-01-01,16550.88999
VS,2010-01-01,17016.69534
VS,2011-01-01,17246.41349
VS,2012-01-01,17347.57641
VS,2013-01-01,17516.49364
VS,2014-01-01,17655.22555
VS,2015-01-01,18196.04959
VS,2016-01-01,18301.80897
VS,2017-01-01,18535.8271
VS,2018-01-01,19308.02935
VS,2019-01-01,19819.03323
VS,2020-01-01,19025.75615
VS,2021-01-01,20320.97098
VS,2022-01-01,21807.30423
ZG,2008-01-01,16066.73601
ZG,2009-01-01,15923.82143
ZG,2010-01-01,17514.79019
ZG,2011-01-01,17655.73212
ZG,2012-01-01,18001.00129
ZG,2013-01-01,18924.06281
ZG,2014-01-01,18298.46872
ZG,2015-01-01,19243.19179
ZG,2016-01-01,19574.98598
ZG,2017-01-01,19100.19345
ZG,2018-01-01,19674.41877
ZG,2019-01-01,20308.51413
ZG,2020-01-01,20319.26064
ZG,2021-01-01,22641.04627
ZG,2022-01-01,25176.26291
ZH,2008-01-01,135763.68806
ZH,2009-01-01,133234.5389
ZH,2010-01-01,136404.31548
ZH,2011-01-01,138271.16326
ZH,2012-01-01,140136.37331
ZH,2013-01-01,141721.61363
ZH,2014-01-01,144486.87809
ZH,2015-01-01,144642.66345
ZH,2016-01-01,146281.06094
ZH,2017-01-01,148710.70989
ZH,2018-01-01,156883.07738
ZH,2019-01-01,155290.74181
ZH,2020-01-01,149208.52863
ZH,2021-01-01,152930.93253
ZH,2022-01-01,164494.80813
central,2008-01-01,53819.74835
central,2009-01-01,53233.11976
central,2010-01-01,56831.0703
central,2011-01-01,57515.81739
central,2012-01-01,58345.23893
central,2013-01-01,60421.83368
central,2014-01-01,60542.15177
central,2015-01-01,62306.03866
central,2016-01-01,63119.22304
central,2017-01-01,63312.50047
central,2018-01-01,64735.07609
central,2019-01-01,66223.99251
central,2020-01-01,65807.77057
central,2021-01-01,71622.33979
central,2022-01-01,77092.7362
ch,2008-01-01,614407.71934
ch,2009-01-01,603039.07363
ch,2010-01-01,624545.11855
ch,2011-01-01,635738.74424
ch,2012-01-01,643645.58907
ch,2013-01-01,654611.66897
ch,2014-01-01,665618.37447
ch,2015-01-01,668006.3817
ch,2016-01-01,677848.33056
ch,2017-01-01,684558.46748
ch,2018-01-01,709521.5565
ch,2019-01-01,716878.58983
ch,2020-01-01,696619.95867
ch,2021-01-01,745067.03467
ch,2022-01-01,791087.24965
east,2008-01-01,74472.78189
east,2009-01-01,72680.23051
east,2010-01-01,75957.68432
east,2011-01-01,77757.17873
east,2012-01-01,77723.92036
east,2013-01-01,79811.97423
east,2014-01-01,80802.34273
east,2015-01-01,80360.6904
east,2016-01-01,81314.7168
east,2017-01-01,81968.94649
east,2018-01-01,83762.29995
east,2019-01-01,85743.25087
east,2020-01-01,85261.00684
east,2021-01-01,93056.14241
east,2022-01-01,98251.75563
leman,2008-01-01,110702.17757
leman,2009-01-01,109900.33771
leman,2010-01-01,115007.22698
leman,2011-01-01,116185.80476
leman,2012-01-01,120303.55404
leman,2013-01-01,120012.66026
leman,2014-01-01,121876.54116
leman,2015-01-01,121813.67806
leman,2016-01-01,125676.59037
leman,2017-01-01,125174.99886
leman,2018-01-01,131592.10109
leman,2019-01-01,133045.6855
leman,2020-01-01,127484.33467
leman,2021-01-01,139588.54179
leman,2022-01-01,147538.76862
mittelland,2008-01-01,124105.65375
mittelland,2009-01-01,120779.69566
mittelland,2010-01-01,124689.84797
mittelland,2011-01-01,127791.5182
mittelland,2012-01-01,128858.56925
mittelland,2013-01-01,131785.19929
mittelland,2014-01-01,134355.93944
mittelland,2015-01-01,134576.00829
mittelland,2016-01-01,134121.35325
mittelland,2017-01-01,135742.70787
mittelland,2018-01-01,139411.13248
mittelland,2019-01-01,141942.7117
mittelland,2020-01-01,137562.29224
mittelland,2021-01-01,147923.96358
mittelland,2022-01-01,156071.93347
nw,2008-01-01,88564.1222
nw,2009-01-01,86806.3757
nw,2010-01-01,88476.87018
nw,2011-01-01,90486.4725
nw,2012-01-01,90232.37095
nw,2013-01-01,91795.05271
nw,2014-01-01,93901.84257
nw,2015-01-01,94684.33401
nw,2016-01-01,97771.48251
nw,2017-01-01,100363.65717
nw,2018-01-01,102616.77764
nw,2019-01-01,103642.15373
nw,2020-01-01,102277.86593
nw,2021-01-01,106579.78361
nw,2022-01-01,111553.63085
ticino_r,2008-01-01,26979.54752
ticino_r,2009-01-01,26404.7754
ticino_r,2010-01-01,27178.10331
ticino_r,2011-01-01,27730.78939
ticino_r,2012-01-01,28045.56223
ticino_r,2013-01-01,29063.33517
ticino_r,2014-01-01,29652.67872
ticino_r,2015-01-01,29622.96882
ticino_r,2016-01-01,29563.90365
ticino_r,2017-01-01,29284.94673
ticino_r,2018-01-01,30521.09186
ticino_r,2019-01-01,30990.05371
ticino_r,2020-01-01,29018.15979
ticino_r,2021-01-01,33365.33097
ticino_r,2022-01-01,36083.61675
zurich,2008-01-01,135763.68806
zurich,2009-01-01,133234.5389
zurich,2010-01-01,136404.31548
zurich,2011-01-01,138271.16326
zurich,2012-01-01,140136.37331
zurich,2013-01-01,141721.61363
zurich,2014-01-01,144486.87809
zurich,2015-01-01,144642.66345
zurich,2016-01-01,146281.06094
zurich,2017-01-01,148710.70989
zurich,2018-01-01,156883.07738
zurich,2019-01-01,155290.74181
zurich,2020-01-01,149208.52863
zurich,2021-01-01,152930.93253
zurich,2022-01-01,164494.80813
