Tourismusregion,date,value
1,2005-01-01,769258
1,2005-02-01,833786
1,2005-03-01,833861
1,2005-04-01,178306
1,2005-05-01,122382
1,2005-06-01,315895
1,2005-07-01,627198
1,2005-08-01,660301
1,2005-09-01,426415
1,2005-10-01,268170
1,2005-11-01,70513
1,2005-12-01,463449
1,2006-01-01,753602
1,2006-02-01,824486
1,2006-03-01,765878
1,2006-04-01,291041
1,2006-05-01,121990
1,2006-06-01,351254
1,2006-07-01,652850
1,2006-08-01,638024
1,2006-09-01,466754
1,2006-10-01,289997
1,2006-11-01,80643
1,2006-12-01,470016
1,2007-01-01,741982
1,2007-02-01,849378
1,2007-03-01,751843
1,2007-04-01,295415
1,2007-05-01,135539
1,2007-06-01,373245
1,2007-07-01,654110
1,2007-08-01,648582
1,2007-09-01,474208
1,2007-10-01,313372
1,2007-11-01,95644
1,2007-12-01,534457
1,2008-01-01,799868
1,2008-02-01,930161
1,2008-03-01,865067
1,2008-04-01,188050
1,2008-05-01,166150
1,2008-06-01,393466
1,2008-07-01,700996
1,2008-08-01,711367
1,2008-09-01,505532
1,2008-10-01,319836
1,2008-11-01,91286
1,2008-12-01,568069
1,2009-01-01,752558
1,2009-02-01,835145
1,2009-03-01,674679
1,2009-04-01,297427
1,2009-05-01,140470
1,2009-06-01,376757
1,2009-07-01,664744
1,2009-08-01,696399
1,2009-09-01,497692
1,2009-10-01,301133
1,2009-11-01,86770
1,2009-12-01,561662
1,2010-01-01,725818
1,2010-02-01,848204
1,2010-03-01,725084
1,2010-04-01,262600
1,2010-05-01,154644
1,2010-06-01,361006
1,2010-07-01,681760
1,2010-08-01,674556
1,2010-09-01,469650
1,2010-10-01,297118
1,2010-11-01,91696
1,2010-12-01,515319
1,2011-01-01,735501
1,2011-02-01,741403
1,2011-03-01,727250
1,2011-04-01,201500
1,2011-05-01,118869
1,2011-06-01,367241
1,2011-07-01,611426
1,2011-08-01,622887
1,2011-09-01,428509
1,2011-10-01,276320
1,2011-11-01,86596
1,2011-12-01,448120
1,2012-01-01,659415
1,2012-02-01,757634
1,2012-03-01,605805
1,2012-04-01,205943
1,2012-05-01,126073
1,2012-06-01,321642
1,2012-07-01,561577
1,2012-08-01,578222
1,2012-09-01,412569
1,2012-10-01,259701
1,2012-11-01,95258
1,2012-12-01,480356
1,2013-01-01,653991
1,2013-02-01,755369
1,2013-03-01,675898
1,2013-04-01,144601
1,2013-05-01,121291
1,2013-06-01,315460
1,2013-07-01,610900
1,2013-08-01,620260
1,2013-09-01,412067
1,2013-10-01,243091
1,2013-11-01,103228
1,2013-12-01,504819
1,2014-01-01,664165
1,2014-02-01,695793
1,2014-03-01,674577
1,2014-04-01,168161
1,2014-05-01,123722
1,2014-06-01,314578
1,2014-07-01,571050
1,2014-08-01,579022
1,2014-09-01,399574
1,2014-10-01,255493
1,2014-11-01,88846
1,2014-12-01,517244
1,2015-01-01,650546
1,2015-02-01,741060
1,2015-03-01,558640
1,2015-04-01,178813
1,2015-05-01,114405
1,2015-06-01,277134
1,2015-07-01,547336
1,2015-08-01,529269
1,2015-09-01,368155
1,2015-10-01,230763
1,2015-11-01,79952
1,2015-12-01,441228
1,2016-01-01,545363
1,2016-02-01,725448
1,2016-03-01,634209
1,2016-04-01,129802
1,2016-05-01,117993
1,2016-06-01,258105
1,2016-07-01,545586
1,2016-08-01,537299
1,2016-09-01,368887
1,2016-10-01,254137
1,2016-11-01,86352
1,2016-12-01,424266
1,2017-01-01,593615
1,2017-02-01,736328
1,2017-03-01,593792
1,2017-04-01,174053
1,2017-05-01,122298
1,2017-06-01,301563
1,2017-07-01,559521
1,2017-08-01,553927
1,2017-09-01,380421
1,2017-10-01,286081
1,2017-11-01,94225
1,2017-12-01,457535
1,2018-01-01,634844
1,2018-02-01,761280
1,2018-03-01,639483
1,2018-04-01,172397
1,2018-05-01,126838
1,2018-06-01,328962
1,2018-07-01,594646
1,2018-08-01,581173
1,2018-09-01,419246
1,2018-10-01,289917
1,2018-11-01,105172
1,2018-12-01,478254
1,2019-01-01,637742
1,2019-02-01,741960
1,2019-03-01,663645
1,2019-04-01,185907
1,2019-05-01,123351
1,2019-06-01,350836
1,2019-07-01,621993
1,2019-08-01,605885
1,2019-09-01,419769
1,2019-10-01,293094
1,2019-11-01,103977
1,2019-12-01,507857
1,2020-01-01,688449
1,2020-02-01,823347
1,2020-03-01,275259
1,2020-04-01,9589
1,2020-05-01,68155
1,2020-06-01,227065
1,2020-07-01,730394
1,2020-08-01,625876
1,2020-09-01,482859
1,2020-10-01,343231
1,2020-11-01,116343
1,2020-12-01,379403
1,2021-01-01,371760
1,2021-02-01,665292
1,2021-03-01,513004
1,2021-04-01,215858
1,2021-05-01,144510
1,2021-06-01,307858
1,2021-07-01,703103
1,2021-08-01,716094
1,2021-09-01,482404
1,2021-10-01,374609
1,2021-11-01,118339
1,2021-12-01,540324
1,2022-01-01,590829
1,2022-02-01,820170
1,2022-03-01,677586
1,2022-04-01,221961
1,2022-05-01,170660
1,2022-06-01,366257
1,2022-07-01,646572
1,2022-08-01,654276
1,2022-09-01,442084
1,2022-10-01,357749
1,2022-11-01,107440
1,2022-12-01,510996
1,2023-01-01,697429
1,2023-02-01,808284
1,2023-03-01,558909
1,2023-04-01,204174
1,2023-05-01,161117
1,2023-06-01,354283
1,2023-07-01,617510
1,2023-08-01,601758
1,2023-09-01,460556
1,2023-10-01,329680
1,2023-11-01,107755
1,2023-12-01,524587
1,2024-01-01,720367
1,2024-02-01,840340
1,2024-03-01,622111
1,2024-04-01,162288
1,2024-05-01,172322
1,2024-06-01,346319
1,2024-07-01,586562
1,2024-08-01,631809
1,2024-09-01,421150
1,2024-10-01,330025
1,2024-11-01,132394
1,2024-12-01,561351
1,2025-01-01,722789
1,2025-02-01,788445
1,2025-03-01,636632
1,2025-04-01,189083
1,2025-05-01,179998
1,2025-06-01,389260
1,2025-07-01,602179
1,2025-08-01,638928
1,2025-09-01,448052
1,2025-10-01,355502
1,2025-11-01,123854
1,2025-12-01,605217
1,2026-01-01,731023
1,2026-02-01,824749
1,2026-03-01,549594
1,2026-04-01,199084
1,2026-05-01,191238
10,2005-01-01,137974
10,2005-02-01,173680
10,2005-03-01,197116
10,2005-04-01,199075
10,2005-05-01,199888
10,2005-06-01,220343
10,2005-07-01,225025
10,2005-08-01,231790
10,2005-09-01,227535
10,2005-10-01,214427
10,2005-11-01,195509
10,2005-12-01,157433
10,2006-01-01,160955
10,2006-02-01,196118
10,2006-03-01,239806
10,2006-04-01,199780
10,2006-05-01,239505
10,2006-06-01,244542
10,2006-07-01,254327
10,2006-08-01,264682
10,2006-09-01,251410
10,2006-10-01,223223
10,2006-11-01,201539
10,2006-12-01,177280
10,2007-01-01,174598
10,2007-02-01,197392
10,2007-03-01,268076
10,2007-04-01,205464
10,2007-05-01,241557
10,2007-06-01,270601
10,2007-07-01,288613
10,2007-08-01,287573
10,2007-09-01,249659
10,2007-10-01,249577
10,2007-11-01,245321
10,2007-12-01,199181
10,2008-01-01,189529
10,2008-02-01,214556
10,2008-03-01,245235
10,2008-04-01,246068
10,2008-05-01,266960
10,2008-06-01,256869
10,2008-07-01,289660
10,2008-08-01,290566
10,2008-09-01,240892
10,2008-10-01,247041
10,2008-11-01,217570
10,2008-12-01,179164
10,2009-01-01,177493
10,2009-02-01,180524
10,2009-03-01,232866
10,2009-04-01,189973
10,2009-05-01,230497
10,2009-06-01,250886
10,2009-07-01,262870
10,2009-08-01,245818
10,2009-09-01,242711
10,2009-10-01,241123
10,2009-11-01,221181
10,2009-12-01,184649
10,2010-01-01,193776
10,2010-02-01,192992
10,2010-03-01,257171
10,2010-04-01,203383
10,2010-05-01,242547
10,2010-06-01,277285
10,2010-07-01,298366
10,2010-08-01,230693
10,2010-09-01,262952
10,2010-10-01,232350
10,2010-11-01,223966
10,2010-12-01,185041
10,2011-01-01,196310
10,2011-02-01,208655
10,2011-03-01,262417
10,2011-04-01,216322
10,2011-05-01,258590
10,2011-06-01,275760
10,2011-07-01,294794
10,2011-08-01,213916
10,2011-09-01,259516
10,2011-10-01,227584
10,2011-11-01,226976
10,2011-12-01,197389
10,2012-01-01,202584
10,2012-02-01,212830
10,2012-03-01,263111
10,2012-04-01,206977
10,2012-05-01,253235
10,2012-06-01,286237
10,2012-07-01,264374
10,2012-08-01,237749
10,2012-09-01,245917
10,2012-10-01,235909
10,2012-11-01,211795
10,2012-12-01,191362
10,2013-01-01,206963
10,2013-02-01,182895
10,2013-03-01,259723
10,2013-04-01,226275
10,2013-05-01,264301
10,2013-06-01,291605
10,2013-07-01,256285
10,2013-08-01,267473
10,2013-09-01,254279
10,2013-10-01,249929
10,2013-11-01,223148
10,2013-12-01,200369
10,2014-01-01,208497
10,2014-02-01,199306
10,2014-03-01,270007
10,2014-04-01,224612
10,2014-05-01,258183
10,2014-06-01,273126
10,2014-07-01,253680
10,2014-08-01,296569
10,2014-09-01,272302
10,2014-10-01,251950
10,2014-11-01,223134
10,2014-12-01,207802
10,2015-01-01,204696
10,2015-02-01,198419
10,2015-03-01,270591
10,2015-04-01,209786
10,2015-05-01,259141
10,2015-06-01,280234
10,2015-07-01,287434
10,2015-08-01,293416
10,2015-09-01,265078
10,2015-10-01,238786
10,2015-11-01,243460
10,2015-12-01,201618
10,2016-01-01,200319
10,2016-02-01,202286
10,2016-03-01,259447
10,2016-04-01,225194
10,2016-05-01,259214
10,2016-06-01,284086
10,2016-07-01,268962
10,2016-08-01,285367
10,2016-09-01,270641
10,2016-10-01,247892
10,2016-11-01,218459
10,2016-12-01,206328
10,2017-01-01,206590
10,2017-02-01,192913
10,2017-03-01,285092
10,2017-04-01,223637
10,2017-05-01,272273
10,2017-06-01,286363
10,2017-07-01,293263
10,2017-08-01,296714
10,2017-09-01,282314
10,2017-10-01,256576
10,2017-11-01,232274
10,2017-12-01,226426
10,2018-01-01,219640
10,2018-02-01,206775
10,2018-03-01,300018
10,2018-04-01,238966
10,2018-05-01,290610
10,2018-06-01,302448
10,2018-07-01,313535
10,2018-08-01,324083
10,2018-09-01,291876
10,2018-10-01,269290
10,2018-11-01,248210
10,2018-12-01,227420
10,2019-01-01,218317
10,2019-02-01,206931
10,2019-03-01,282563
10,2019-04-01,236979
10,2019-05-01,287102
10,2019-06-01,310096
10,2019-07-01,314805
10,2019-08-01,316455
10,2019-09-01,294411
10,2019-10-01,262844
10,2019-11-01,235105
10,2019-12-01,237366
10,2020-01-01,219047
10,2020-02-01,224536
10,2020-03-01,87453
10,2020-04-01,25603
10,2020-05-01,25927
10,2020-06-01,44197
10,2020-07-01,77685
10,2020-08-01,100236
10,2020-09-01,75902
10,2020-10-01,64634
10,2020-11-01,43519
10,2020-12-01,53149
10,2021-01-01,48900
10,2021-02-01,50201
10,2021-03-01,61662
10,2021-04-01,75847
10,2021-05-01,89585
10,2021-06-01,107854
10,2021-07-01,155236
10,2021-08-01,213925
10,2021-09-01,192723
10,2021-10-01,200795
10,2021-11-01,178424
10,2021-12-01,149597
10,2022-01-01,123136
10,2022-02-01,148328
10,2022-03-01,232137
10,2022-04-01,198703
10,2022-05-01,282772
10,2022-06-01,298523
10,2022-07-01,309991
10,2022-08-01,301030
10,2022-09-01,290795
10,2022-10-01,268808
10,2022-11-01,246894
10,2022-12-01,264307
10,2023-01-01,220557
10,2023-02-01,220323
10,2023-03-01,296547
10,2023-04-01,252371
10,2023-05-01,319390
10,2023-06-01,350149
10,2023-07-01,366360
10,2023-08-01,352265
10,2023-09-01,318024
10,2023-10-01,293247
10,2023-11-01,278208
10,2023-12-01,285862
10,2024-01-01,245054
10,2024-02-01,248121
10,2024-03-01,282729
10,2024-04-01,291380
10,2024-05-01,350330
10,2024-06-01,379296
10,2024-07-01,378234
10,2024-08-01,363591
10,2024-09-01,338218
10,2024-10-01,310355
10,2024-11-01,282807
10,2024-12-01,317656
10,2025-01-01,268402
10,2025-02-01,262364
10,2025-03-01,290893
10,2025-04-01,287255
10,2025-05-01,331389
10,2025-06-01,362602
10,2025-07-01,393868
10,2025-08-01,377591
10,2025-09-01,334567
10,2025-10-01,315999
10,2025-11-01,294351
10,2025-12-01,332196
10,2026-01-01,285602
10,2026-02-01,259624
10,2026-03-01,292137
10,2026-04-01,287955
10,2026-05-01,332194
11,2005-01-01,479899
11,2005-02-01,576546
11,2005-03-01,592710
11,2005-04-01,228385
11,2005-05-01,124162
11,2005-06-01,250397
11,2005-07-01,491445
11,2005-08-01,513409
11,2005-09-01,333551
11,2005-10-01,206488
11,2005-11-01,97551
11,2005-12-01,307216
11,2006-01-01,466157
11,2006-02-01,566436
11,2006-03-01,526125
11,2006-04-01,329288
11,2006-05-01,128653
11,2006-06-01,267071
11,2006-07-01,505216
11,2006-08-01,478754
11,2006-09-01,341330
11,2006-10-01,208788
11,2006-11-01,106181
11,2006-12-01,326647
11,2007-01-01,470125
11,2007-02-01,585596
11,2007-03-01,547601
11,2007-04-01,327235
11,2007-05-01,135264
11,2007-06-01,287048
11,2007-07-01,511326
11,2007-08-01,505675
11,2007-09-01,360204
11,2007-10-01,231145
11,2007-11-01,112289
11,2007-12-01,351221
11,2008-01-01,509973
11,2008-02-01,635272
11,2008-03-01,626356
11,2008-04-01,254999
11,2008-05-01,159994
11,2008-06-01,269388
11,2008-07-01,529882
11,2008-08-01,530502
11,2008-09-01,354776
11,2008-10-01,223647
11,2008-11-01,113009
11,2008-12-01,382230
11,2009-01-01,496330
11,2009-02-01,592903
11,2009-03-01,495419
11,2009-04-01,326806
11,2009-05-01,133113
11,2009-06-01,258421
11,2009-07-01,511434
11,2009-08-01,525847
11,2009-09-01,359713
11,2009-10-01,217147
11,2009-11-01,104449
11,2009-12-01,370745
11,2010-01-01,459197
11,2010-02-01,580468
11,2010-03-01,516241
11,2010-04-01,298368
11,2010-05-01,130569
11,2010-06-01,260484
11,2010-07-01,517349
11,2010-08-01,501963
11,2010-09-01,345196
11,2010-10-01,217064
11,2010-11-01,106813
11,2010-12-01,330897
11,2011-01-01,470329
11,2011-02-01,506472
11,2011-03-01,510571
11,2011-04-01,298939
11,2011-05-01,118673
11,2011-06-01,266072
11,2011-07-01,480564
11,2011-08-01,471506
11,2011-09-01,335596
11,2011-10-01,202268
11,2011-11-01,100568
11,2011-12-01,316256
11,2012-01-01,436776
11,2012-02-01,518419
11,2012-03-01,445862
11,2012-04-01,256725
11,2012-05-01,124244
11,2012-06-01,241720
11,2012-07-01,476817
11,2012-08-01,493738
11,2012-09-01,340946
11,2012-10-01,214705
11,2012-11-01,108983
11,2012-12-01,327234
11,2013-01-01,428925
11,2013-02-01,507684
11,2013-03-01,496637
11,2013-04-01,209120
11,2013-05-01,115797
11,2013-06-01,239000
11,2013-07-01,458822
11,2013-08-01,478791
11,2013-09-01,317733
11,2013-10-01,184918
11,2013-11-01,108261
11,2013-12-01,342024
11,2014-01-01,419855
11,2014-02-01,478012
11,2014-03-01,473006
11,2014-04-01,262167
11,2014-05-01,125049
11,2014-06-01,236476
11,2014-07-01,436198
11,2014-08-01,463815
11,2014-09-01,325322
11,2014-10-01,201723
11,2014-11-01,108874
11,2014-12-01,356848
11,2015-01-01,412802
11,2015-02-01,513483
11,2015-03-01,399577
11,2015-04-01,238724
11,2015-05-01,122890
11,2015-06-01,234191
11,2015-07-01,449249
11,2015-08-01,440194
11,2015-09-01,304908
11,2015-10-01,193482
11,2015-11-01,98503
11,2015-12-01,330423
11,2016-01-01,373871
11,2016-02-01,489234
11,2016-03-01,453181
11,2016-04-01,195246
11,2016-05-01,121818
11,2016-06-01,210277
11,2016-07-01,439768
11,2016-08-01,444281
11,2016-09-01,312983
11,2016-10-01,210378
11,2016-11-01,99694
11,2016-12-01,317641
11,2017-01-01,402247
11,2017-02-01,496823
11,2017-03-01,433742
11,2017-04-01,262414
11,2017-05-01,131086
11,2017-06-01,262674
11,2017-07-01,472994
11,2017-08-01,467822
11,2017-09-01,333009
11,2017-10-01,225049
11,2017-11-01,103551
11,2017-12-01,331849
11,2018-01-01,423531
11,2018-02-01,541475
11,2018-03-01,481197
11,2018-04-01,257805
11,2018-05-01,141720
11,2018-06-01,269562
11,2018-07-01,481174
11,2018-08-01,496629
11,2018-09-01,360029
11,2018-10-01,216744
11,2018-11-01,106453
11,2018-12-01,353025
11,2019-01-01,419289
11,2019-02-01,512496
11,2019-03-01,490177
11,2019-04-01,281514
11,2019-05-01,151860
11,2019-06-01,298656
11,2019-07-01,515949
11,2019-08-01,501645
11,2019-09-01,370880
11,2019-10-01,224699
11,2019-11-01,119415
11,2019-12-01,373370
11,2020-01-01,453184
11,2020-02-01,573118
11,2020-03-01,195990
11,2020-04-01,9623
11,2020-05-01,40338
11,2020-06-01,139579
11,2020-07-01,459383
11,2020-08-01,455440
11,2020-09-01,337844
11,2020-10-01,226415
11,2020-11-01,74847
11,2020-12-01,261308
11,2021-01-01,228946
11,2021-02-01,394709
11,2021-03-01,324712
11,2021-04-01,230803
11,2021-05-01,120260
11,2021-06-01,182826
11,2021-07-01,430184
11,2021-08-01,524635
11,2021-09-01,349355
11,2021-10-01,263091
11,2021-11-01,110659
11,2021-12-01,343911
11,2022-01-01,405491
11,2022-02-01,528087
11,2022-03-01,482350
11,2022-04-01,288714
11,2022-05-01,143250
11,2022-06-01,265183
11,2022-07-01,482513
11,2022-08-01,490949
11,2022-09-01,345118
11,2022-10-01,252872
11,2022-11-01,123964
11,2022-12-01,380589
11,2023-01-01,468456
11,2023-02-01,555728
11,2023-03-01,441877
11,2023-04-01,299530
11,2023-05-01,183180
11,2023-06-01,319593
11,2023-07-01,516801
11,2023-08-01,501435
11,2023-09-01,407356
11,2023-10-01,269227
11,2023-11-01,132245
11,2023-12-01,383668
11,2024-01-01,471006
11,2024-02-01,570741
11,2024-03-01,475165
11,2024-04-01,244883
11,2024-05-01,191496
11,2024-06-01,316370
11,2024-07-01,476336
11,2024-08-01,512200
11,2024-09-01,384379
11,2024-10-01,247549
11,2024-11-01,143828
11,2024-12-01,401171
11,2025-01-01,474701
11,2025-02-01,540321
11,2025-03-01,471082
11,2025-04-01,259845
11,2025-05-01,189040
11,2025-06-01,331414
11,2025-07-01,508047
11,2025-08-01,532205
11,2025-09-01,394569
11,2025-10-01,261317
11,2025-11-01,138397
11,2025-12-01,431904
11,2026-01-01,477637
11,2026-02-01,545321
11,2026-03-01,449305
11,2026-04-01,263629
11,2026-05-01,190921
12,2005-01-01,51102
12,2005-02-01,58849
12,2005-03-01,145793
12,2005-04-01,204035
12,2005-05-01,291886
12,2005-06-01,291512
12,2005-07-01,389885
12,2005-08-01,388323
12,2005-09-01,310031
12,2005-10-01,261721
12,2005-11-01,81746
12,2005-12-01,64113
12,2006-01-01,51987
12,2006-02-01,63707
12,2006-03-01,122747
12,2006-04-01,279593
12,2006-05-01,294939
12,2006-06-01,306971
12,2006-07-01,386483
12,2006-08-01,412254
12,2006-09-01,335124
12,2006-10-01,281290
12,2006-11-01,96012
12,2006-12-01,75542
12,2007-01-01,60734
12,2007-02-01,73204
12,2007-03-01,152742
12,2007-04-01,258454
12,2007-05-01,281880
12,2007-06-01,303484
12,2007-07-01,412480
12,2007-08-01,396367
12,2007-09-01,343272
12,2007-10-01,280272
12,2007-11-01,110892
12,2007-12-01,81870
12,2008-01-01,63006
12,2008-02-01,76793
12,2008-03-01,171873
12,2008-04-01,230045
12,2008-05-01,295309
12,2008-06-01,278835
12,2008-07-01,424227
12,2008-08-01,392897
12,2008-09-01,313921
12,2008-10-01,259136
12,2008-11-01,87937
12,2008-12-01,73114
12,2009-01-01,57896
12,2009-02-01,67588
12,2009-03-01,134766
12,2009-04-01,230935
12,2009-05-01,279376
12,2009-06-01,279123
12,2009-07-01,413547
12,2009-08-01,380190
12,2009-09-01,319589
12,2009-10-01,283419
12,2009-11-01,89135
12,2009-12-01,72028
12,2010-01-01,59744
12,2010-02-01,65868
12,2010-03-01,126367
12,2010-04-01,235685
12,2010-05-01,265073
12,2010-06-01,272619
12,2010-07-01,402542
12,2010-08-01,371755
12,2010-09-01,294443
12,2010-10-01,244097
12,2010-11-01,83236
12,2010-12-01,65735
12,2011-01-01,62917
12,2011-02-01,70266
12,2011-03-01,128413
12,2011-04-01,237464
12,2011-05-01,231620
12,2011-06-01,277777
12,2011-07-01,388185
12,2011-08-01,322622
12,2011-09-01,267693
12,2011-10-01,236204
12,2011-11-01,80626
12,2011-12-01,68316
12,2012-01-01,62017
12,2012-02-01,67821
12,2012-03-01,136212
12,2012-04-01,206134
12,2012-05-01,230802
12,2012-06-01,247858
12,2012-07-01,352781
12,2012-08-01,328827
12,2012-09-01,275650
12,2012-10-01,226233
12,2012-11-01,89521
12,2012-12-01,76167
12,2013-01-01,68670
12,2013-02-01,65056
12,2013-03-01,141054
12,2013-04-01,192557
12,2013-05-01,249713
12,2013-06-01,281751
12,2013-07-01,367374
12,2013-08-01,356490
12,2013-09-01,291228
12,2013-10-01,224221
12,2013-11-01,92995
12,2013-12-01,74325
12,2014-01-01,64431
12,2014-02-01,66264
12,2014-03-01,121869
12,2014-04-01,214531
12,2014-05-01,243957
12,2014-06-01,256053
12,2014-07-01,338658
12,2014-08-01,355150
12,2014-09-01,278325
12,2014-10-01,212159
12,2014-11-01,81508
12,2014-12-01,80134
12,2015-01-01,63411
12,2015-02-01,63843
12,2015-03-01,113527
12,2015-04-01,206467
12,2015-05-01,230327
12,2015-06-01,239293
12,2015-07-01,322748
12,2015-08-01,310163
12,2015-09-01,258336
12,2015-10-01,209934
12,2015-11-01,86698
12,2015-12-01,75598
12,2016-01-01,59668
12,2016-02-01,65595
12,2016-03-01,134830
12,2016-04-01,183742
12,2016-05-01,244764
12,2016-06-01,237115
12,2016-07-01,352725
12,2016-08-01,340162
12,2016-09-01,271322
12,2016-10-01,230325
12,2016-11-01,83575
12,2016-12-01,76516
12,2017-01-01,61162
12,2017-02-01,64817
12,2017-03-01,124884
12,2017-04-01,251233
12,2017-05-01,233773
12,2017-06-01,271863
12,2017-07-01,375617
12,2017-08-01,346450
12,2017-09-01,294384
12,2017-10-01,267758
12,2017-11-01,88832
12,2017-12-01,74326
12,2018-01-01,59195
12,2018-02-01,60548
12,2018-03-01,119128
12,2018-04-01,198851
12,2018-05-01,234259
12,2018-06-01,266456
12,2018-07-01,349549
12,2018-08-01,328736
12,2018-09-01,274066
12,2018-10-01,221916
12,2018-11-01,81174
12,2018-12-01,76923
12,2019-01-01,59815
12,2019-02-01,62231
12,2019-03-01,125255
12,2019-04-01,216468
12,2019-05-01,230301
12,2019-06-01,267747
12,2019-07-01,344010
12,2019-08-01,323909
12,2019-09-01,278885
12,2019-10-01,237825
12,2019-11-01,81176
12,2019-12-01,81896
12,2020-01-01,63239
12,2020-02-01,71437
12,2020-03-01,51628
12,2020-04-01,15620
12,2020-05-01,64784
12,2020-06-01,182757
12,2020-07-01,395764
12,2020-08-01,345742
12,2020-09-01,330213
12,2020-10-01,288112
12,2020-11-01,80321
12,2020-12-01,44056
12,2021-01-01,33159
12,2021-02-01,61423
12,2021-03-01,153572
12,2021-04-01,337479
12,2021-05-01,364957
12,2021-06-01,327221
12,2021-07-01,429809
12,2021-08-01,427372
12,2021-09-01,325513
12,2021-10-01,305699
12,2021-11-01,91470
12,2021-12-01,76771
12,2022-01-01,58347
12,2022-02-01,90852
12,2022-03-01,138580
12,2022-04-01,257273
12,2022-05-01,260259
12,2022-06-01,295578
12,2022-07-01,377533
12,2022-08-01,358490
12,2022-09-01,297658
12,2022-10-01,258163
12,2022-11-01,85640
12,2022-12-01,76870
12,2023-01-01,61606
12,2023-02-01,81603
12,2023-03-01,143176
12,2023-04-01,254964
12,2023-05-01,248204
12,2023-06-01,279723
12,2023-07-01,359185
12,2023-08-01,341846
12,2023-09-01,280992
12,2023-10-01,226312
12,2023-11-01,94515
12,2023-12-01,85710
12,2024-01-01,60763
12,2024-02-01,76553
12,2024-03-01,135089
12,2024-04-01,218002
12,2024-05-01,251516
12,2024-06-01,273097
12,2024-07-01,347880
12,2024-08-01,339868
12,2024-09-01,291455
12,2024-10-01,228846
12,2024-11-01,105376
12,2024-12-01,92356
12,2025-01-01,62270
12,2025-02-01,74016
12,2025-03-01,128873
12,2025-04-01,214064
12,2025-05-01,260064
12,2025-06-01,286139
12,2025-07-01,394389
12,2025-08-01,349646
12,2025-09-01,288545
12,2025-10-01,252495
12,2025-11-01,97155
12,2025-12-01,102423
12,2026-01-01,65907
12,2026-02-01,83998
12,2026-03-01,133788
12,2026-04-01,242649
12,2026-05-01,267794
13,2005-01-01,15871
13,2005-02-01,18601
13,2005-03-01,27481
13,2005-04-01,26152
13,2005-05-01,30805
13,2005-06-01,35460
13,2005-07-01,42023
13,2005-08-01,41100
13,2005-09-01,34487
13,2005-10-01,29993
13,2005-11-01,24079
13,2005-12-01,23444
13,2006-01-01,16305
13,2006-02-01,20030
13,2006-03-01,24007
13,2006-04-01,25481
13,2006-05-01,33793
13,2006-06-01,38704
13,2006-07-01,46170
13,2006-08-01,43082
13,2006-09-01,38366
13,2006-10-01,31408
13,2006-11-01,23093
13,2006-12-01,19510
13,2007-01-01,18701
13,2007-02-01,20087
13,2007-03-01,25439
13,2007-04-01,26876
13,2007-05-01,34581
13,2007-06-01,39007
13,2007-07-01,48732
13,2007-08-01,48138
13,2007-09-01,40854
13,2007-10-01,33305
13,2007-11-01,27152
13,2007-12-01,23238
13,2008-01-01,20717
13,2008-02-01,24160
13,2008-03-01,28582
13,2008-04-01,28908
13,2008-05-01,37516
13,2008-06-01,40436
13,2008-07-01,50499
13,2008-08-01,49941
13,2008-09-01,42395
13,2008-10-01,33582
13,2008-11-01,24457
13,2008-12-01,22568
13,2009-01-01,19771
13,2009-02-01,24611
13,2009-03-01,25373
13,2009-04-01,28577
13,2009-05-01,37305
13,2009-06-01,36187
13,2009-07-01,48165
13,2009-08-01,49152
13,2009-09-01,41704
13,2009-10-01,34946
13,2009-11-01,24400
13,2009-12-01,22706
13,2010-01-01,20088
13,2010-02-01,23916
13,2010-03-01,26110
13,2010-04-01,28638
13,2010-05-01,37201
13,2010-06-01,38844
13,2010-07-01,48381
13,2010-08-01,48180
13,2010-09-01,43789
13,2010-10-01,37638
13,2010-11-01,26981
13,2010-12-01,23330
13,2011-01-01,23964
13,2011-02-01,25344
13,2011-03-01,30162
13,2011-04-01,31069
13,2011-05-01,36833
13,2011-06-01,43995
13,2011-07-01,51021
13,2011-08-01,49169
13,2011-09-01,45344
13,2011-10-01,39184
13,2011-11-01,30162
13,2011-12-01,24297
13,2012-01-01,26333
13,2012-02-01,30955
13,2012-03-01,32229
13,2012-04-01,34341
13,2012-05-01,43146
13,2012-06-01,44771
13,2012-07-01,49350
13,2012-08-01,52544
13,2012-09-01,47145
13,2012-10-01,39036
13,2012-11-01,31164
13,2012-12-01,25820
13,2013-01-01,25696
13,2013-02-01,31220
13,2013-03-01,35234
13,2013-04-01,36607
13,2013-05-01,41942
13,2013-06-01,48601
13,2013-07-01,50019
13,2013-08-01,54998
13,2013-09-01,47676
13,2013-10-01,42220
13,2013-11-01,32219
13,2013-12-01,26965
13,2014-01-01,25470
13,2014-02-01,29150
13,2014-03-01,31875
13,2014-04-01,34711
13,2014-05-01,44968
13,2014-06-01,43497
13,2014-07-01,50045
13,2014-08-01,56416
13,2014-09-01,49489
13,2014-10-01,41416
13,2014-11-01,33648
13,2014-12-01,29121
13,2015-01-01,25733
13,2015-02-01,29982
13,2015-03-01,33178
13,2015-04-01,31792
13,2015-05-01,42901
13,2015-06-01,42228
13,2015-07-01,49345
13,2015-08-01,50866
13,2015-09-01,46881
13,2015-10-01,41912
13,2015-11-01,31083
13,2015-12-01,25967
13,2016-01-01,25055
13,2016-02-01,28847
13,2016-03-01,32148
13,2016-04-01,32696
13,2016-05-01,40095
13,2016-06-01,42757
13,2016-07-01,50128
13,2016-08-01,51466
13,2016-09-01,45399
13,2016-10-01,41580
13,2016-11-01,29963
13,2016-12-01,25000
13,2017-01-01,24691
13,2017-02-01,25226
13,2017-03-01,29983
13,2017-04-01,33684
13,2017-05-01,40549
13,2017-06-01,44371
13,2017-07-01,51209
13,2017-08-01,52296
13,2017-09-01,47325
13,2017-10-01,40108
13,2017-11-01,30376
13,2017-12-01,26639
13,2018-01-01,24948
13,2018-02-01,26323
13,2018-03-01,31476
13,2018-04-01,32622
13,2018-05-01,39571
13,2018-06-01,44456
13,2018-07-01,48474
13,2018-08-01,50147
13,2018-09-01,46003
13,2018-10-01,40854
13,2018-11-01,32480
13,2018-12-01,26988
13,2019-01-01,29366
13,2019-02-01,27875
13,2019-03-01,32402
13,2019-04-01,35684
13,2019-05-01,45202
13,2019-06-01,51491
13,2019-07-01,55546
13,2019-08-01,56730
13,2019-09-01,51146
13,2019-10-01,39495
13,2019-11-01,30466
13,2019-12-01,26496
13,2020-01-01,25107
13,2020-02-01,26831
13,2020-03-01,11174
13,2020-04-01,4517
13,2020-05-01,15610
13,2020-06-01,28327
13,2020-07-01,52092
13,2020-08-01,45887
13,2020-09-01,37927
13,2020-10-01,33393
13,2020-11-01,9215
13,2020-12-01,11244
13,2021-01-01,10315
13,2021-02-01,14828
13,2021-03-01,16826
13,2021-04-01,28963
13,2021-05-01,38726
13,2021-06-01,40628
13,2021-07-01,51802
13,2021-08-01,53748
13,2021-09-01,46410
13,2021-10-01,43896
13,2021-11-01,28150
13,2021-12-01,22237
13,2022-01-01,20785
13,2022-02-01,26993
13,2022-03-01,29089
13,2022-04-01,37407
13,2022-05-01,43518
13,2022-06-01,48017
13,2022-07-01,55479
13,2022-08-01,57443
13,2022-09-01,48765
13,2022-10-01,43355
13,2022-11-01,31373
13,2022-12-01,31415
13,2023-01-01,28126
13,2023-02-01,30621
13,2023-03-01,29792
13,2023-04-01,36837
13,2023-05-01,44943
13,2023-06-01,47143
13,2023-07-01,57721
13,2023-08-01,59415
13,2023-09-01,52624
13,2023-10-01,45097
13,2023-11-01,34448
13,2023-12-01,30063
13,2024-01-01,30059
13,2024-02-01,29759
13,2024-03-01,33925
13,2024-04-01,39012
13,2024-05-01,42546
13,2024-06-01,46997
13,2024-07-01,52961
13,2024-08-01,54509
13,2024-09-01,47102
13,2024-10-01,43040
13,2024-11-01,33998
13,2024-12-01,30608
13,2025-01-01,27685
13,2025-02-01,30446
13,2025-03-01,31580
13,2025-04-01,36688
13,2025-05-01,48873
13,2025-06-01,51750
13,2025-07-01,59738
13,2025-08-01,59874
13,2025-09-01,51641
13,2025-10-01,46650
13,2025-11-01,36002
13,2025-12-01,32868
13,2026-01-01,33357
13,2026-02-01,32032
13,2026-03-01,34770
13,2026-04-01,38700
13,2026-05-01,55444
14,2005-01-01,55121
14,2005-02-01,53701
14,2005-03-01,64056
14,2005-04-01,75321
14,2005-05-01,74586
14,2005-06-01,81730
14,2005-07-01,73746
14,2005-08-01,81732
14,2005-09-01,81002
14,2005-10-01,77161
14,2005-11-01,71132
14,2005-12-01,50570
14,2006-01-01,54925
14,2006-02-01,56013
14,2006-03-01,73646
14,2006-04-01,71070
14,2006-05-01,81237
14,2006-06-01,84528
14,2006-07-01,79816
14,2006-08-01,86584
14,2006-09-01,90953
14,2006-10-01,84235
14,2006-11-01,80571
14,2006-12-01,60646
14,2007-01-01,66853
14,2007-02-01,62923
14,2007-03-01,78851
14,2007-04-01,86385
14,2007-05-01,86951
14,2007-06-01,98443
14,2007-07-01,93887
14,2007-08-01,97113
14,2007-09-01,98664
14,2007-10-01,93579
14,2007-11-01,88932
14,2007-12-01,61979
14,2008-01-01,67059
14,2008-02-01,68998
14,2008-03-01,73934
14,2008-04-01,92405
14,2008-05-01,96305
14,2008-06-01,104971
14,2008-07-01,94692
14,2008-08-01,91548
14,2008-09-01,95279
14,2008-10-01,92041
14,2008-11-01,84975
14,2008-12-01,61717
14,2009-01-01,63242
14,2009-02-01,62718
14,2009-03-01,82253
14,2009-04-01,77713
14,2009-05-01,85892
14,2009-06-01,90407
14,2009-07-01,85014
14,2009-08-01,94249
14,2009-09-01,93760
14,2009-10-01,83400
14,2009-11-01,81595
14,2009-12-01,59983
14,2010-01-01,60931
14,2010-02-01,62916
14,2010-03-01,81452
14,2010-04-01,75491
14,2010-05-01,86826
14,2010-06-01,95103
14,2010-07-01,95439
14,2010-08-01,91910
14,2010-09-01,96742
14,2010-10-01,88431
14,2010-11-01,83767
14,2010-12-01,65745
14,2011-01-01,62916
14,2011-02-01,66380
14,2011-03-01,86840
14,2011-04-01,75796
14,2011-05-01,91387
14,2011-06-01,94814
14,2011-07-01,87376
14,2011-08-01,94934
14,2011-09-01,97606
14,2011-10-01,83510
14,2011-11-01,80631
14,2011-12-01,61542
14,2012-01-01,60924
14,2012-02-01,61593
14,2012-03-01,82484
14,2012-04-01,73560
14,2012-05-01,92555
14,2012-06-01,99070
14,2012-07-01,89081
14,2012-08-01,92984
14,2012-09-01,94325
14,2012-10-01,89031
14,2012-11-01,83124
14,2012-12-01,61155
14,2013-01-01,63164
14,2013-02-01,67868
14,2013-03-01,76129
14,2013-04-01,86430
14,2013-05-01,93261
14,2013-06-01,104190
14,2013-07-01,91335
14,2013-08-01,95377
14,2013-09-01,97135
14,2013-10-01,89498
14,2013-11-01,84624
14,2013-12-01,63179
14,2014-01-01,64711
14,2014-02-01,63944
14,2014-03-01,81203
14,2014-04-01,74486
14,2014-05-01,91492
14,2014-06-01,94715
14,2014-07-01,89055
14,2014-08-01,98583
14,2014-09-01,99150
14,2014-10-01,89398
14,2014-11-01,84263
14,2014-12-01,65649
14,2015-01-01,64961
14,2015-02-01,63201
14,2015-03-01,82852
14,2015-04-01,77872
14,2015-05-01,93475
14,2015-06-01,100202
14,2015-07-01,92328
14,2015-08-01,99508
14,2015-09-01,103034
14,2015-10-01,89445
14,2015-11-01,81654
14,2015-12-01,62067
14,2016-01-01,65798
14,2016-02-01,71114
14,2016-03-01,78355
14,2016-04-01,83013
14,2016-05-01,92351
14,2016-06-01,96496
14,2016-07-01,86199
14,2016-08-01,97343
14,2016-09-01,93044
14,2016-10-01,88513
14,2016-11-01,84274
14,2016-12-01,63340
14,2017-01-01,67349
14,2017-02-01,66978
14,2017-03-01,80829
14,2017-04-01,73468
14,2017-05-01,97905
14,2017-06-01,102562
14,2017-07-01,93757
14,2017-08-01,97750
14,2017-09-01,102695
14,2017-10-01,93818
14,2017-11-01,86458
14,2017-12-01,66342
14,2018-01-01,67421
14,2018-02-01,66273
14,2018-03-01,83167
14,2018-04-01,83588
14,2018-05-01,96392
14,2018-06-01,107830
14,2018-07-01,96980
14,2018-08-01,101800
14,2018-09-01,103840
14,2018-10-01,91269
14,2018-11-01,83350
14,2018-12-01,64417
14,2019-01-01,66439
14,2019-02-01,64596
14,2019-03-01,81451
14,2019-04-01,83024
14,2019-05-01,107640
14,2019-06-01,115048
14,2019-07-01,97084
14,2019-08-01,105794
14,2019-09-01,99990
14,2019-10-01,93503
14,2019-11-01,87519
14,2019-12-01,68955
14,2020-01-01,68340
14,2020-02-01,68085
14,2020-03-01,36725
14,2020-04-01,16399
14,2020-05-01,28998
14,2020-06-01,50949
14,2020-07-01,78064
14,2020-08-01,76710
14,2020-09-01,77605
14,2020-10-01,69517
14,2020-11-01,43867
14,2020-12-01,34346
14,2021-01-01,29315
14,2021-02-01,33935
14,2021-03-01,45791
14,2021-04-01,62637
14,2021-05-01,72694
14,2021-06-01,75634
14,2021-07-01,90837
14,2021-08-01,99474
14,2021-09-01,95908
14,2021-10-01,85906
14,2021-11-01,75701
14,2021-12-01,52066
14,2022-01-01,44536
14,2022-02-01,51485
14,2022-03-01,70505
14,2022-04-01,79961
14,2022-05-01,97945
14,2022-06-01,108522
14,2022-07-01,98525
14,2022-08-01,109775
14,2022-09-01,102912
14,2022-10-01,97862
14,2022-11-01,88425
14,2022-12-01,73397
14,2023-01-01,69417
14,2023-02-01,66315
14,2023-03-01,83435
14,2023-04-01,89765
14,2023-05-01,110676
14,2023-06-01,117916
14,2023-07-01,110940
14,2023-08-01,122751
14,2023-09-01,110422
14,2023-10-01,99381
14,2023-11-01,90609
14,2023-12-01,74300
14,2024-01-01,71052
14,2024-02-01,73108
14,2024-03-01,86378
14,2024-04-01,94389
14,2024-05-01,121230
14,2024-06-01,129853
14,2024-07-01,117647
14,2024-08-01,119794
14,2024-09-01,119584
14,2024-10-01,104934
14,2024-11-01,96548
14,2024-12-01,81105
14,2025-01-01,73301
14,2025-02-01,75992
14,2025-03-01,92047
14,2025-04-01,102155
14,2025-05-01,127588
14,2025-06-01,130260
14,2025-07-01,125964
14,2025-08-01,126797
14,2025-09-01,116720
14,2025-10-01,101687
14,2025-11-01,89154
14,2025-12-01,79549
14,2026-01-01,69002
14,2026-02-01,71469
14,2026-03-01,87533
14,2026-04-01,96745
14,2026-05-01,122613
2,2005-01-01,131880
2,2005-02-01,144389
2,2005-03-01,144157
2,2005-04-01,129001
2,2005-05-01,158981
2,2005-06-01,180403
2,2005-07-01,192848
2,2005-08-01,207510
2,2005-09-01,195372
2,2005-10-01,169819
2,2005-11-01,115446
2,2005-12-01,105095
2,2006-01-01,132724
2,2006-02-01,143544
2,2006-03-01,141136
2,2006-04-01,130029
2,2006-05-01,161039
2,2006-06-01,180021
2,2006-07-01,200128
2,2006-08-01,211109
2,2006-09-01,212254
2,2006-10-01,177972
2,2006-11-01,119749
2,2006-12-01,114021
2,2007-01-01,129113
2,2007-02-01,150721
2,2007-03-01,150238
2,2007-04-01,144064
2,2007-05-01,163966
2,2007-06-01,194435
2,2007-07-01,206757
2,2007-08-01,217425
2,2007-09-01,205264
2,2007-10-01,181622
2,2007-11-01,124975
2,2007-12-01,120525
2,2008-01-01,140819
2,2008-02-01,166669
2,2008-03-01,153341
2,2008-04-01,137569
2,2008-05-01,183118
2,2008-06-01,190748
2,2008-07-01,211704
2,2008-08-01,228506
2,2008-09-01,205261
2,2008-10-01,175123
2,2008-11-01,117118
2,2008-12-01,125057
2,2009-01-01,135430
2,2009-02-01,150311
2,2009-03-01,140014
2,2009-04-01,133837
2,2009-05-01,166499
2,2009-06-01,186269
2,2009-07-01,211478
2,2009-08-01,234746
2,2009-09-01,203587
2,2009-10-01,176600
2,2009-11-01,114599
2,2009-12-01,119644
2,2010-01-01,125544
2,2010-02-01,153817
2,2010-03-01,144493
2,2010-04-01,138256
2,2010-05-01,176166
2,2010-06-01,194180
2,2010-07-01,221905
2,2010-08-01,241194
2,2010-09-01,209247
2,2010-10-01,176269
2,2010-11-01,121452
2,2010-12-01,124213
2,2011-01-01,132981
2,2011-02-01,141022
2,2011-03-01,156754
2,2011-04-01,138686
2,2011-05-01,169724
2,2011-06-01,200794
2,2011-07-01,205568
2,2011-08-01,216218
2,2011-09-01,195577
2,2011-10-01,173073
2,2011-11-01,123712
2,2011-12-01,117868
2,2012-01-01,131054
2,2012-02-01,159579
2,2012-03-01,142816
2,2012-04-01,132660
2,2012-05-01,169195
2,2012-06-01,181608
2,2012-07-01,199820
2,2012-08-01,218703
2,2012-09-01,193558
2,2012-10-01,169701
2,2012-11-01,120343
2,2012-12-01,119209
2,2013-01-01,126266
2,2013-02-01,144787
2,2013-03-01,144828
2,2013-04-01,131833
2,2013-05-01,162714
2,2013-06-01,181440
2,2013-07-01,207703
2,2013-08-01,230197
2,2013-09-01,192415
2,2013-10-01,165495
2,2013-11-01,122426
2,2013-12-01,122952
2,2014-01-01,130875
2,2014-02-01,137083
2,2014-03-01,144727
2,2014-04-01,135050
2,2014-05-01,170105
2,2014-06-01,192457
2,2014-07-01,205461
2,2014-08-01,236321
2,2014-09-01,199343
2,2014-10-01,187421
2,2014-11-01,125783
2,2014-12-01,113897
2,2015-01-01,124312
2,2015-02-01,142680
2,2015-03-01,133597
2,2015-04-01,129464
2,2015-05-01,156205
2,2015-06-01,180965
2,2015-07-01,197917
2,2015-08-01,221905
2,2015-09-01,190106
2,2015-10-01,171812
2,2015-11-01,120880
2,2015-12-01,115237
2,2016-01-01,117617
2,2016-02-01,141787
2,2016-03-01,139839
2,2016-04-01,135886
2,2016-05-01,163372
2,2016-06-01,174144
2,2016-07-01,199707
2,2016-08-01,219910
2,2016-09-01,196560
2,2016-10-01,171416
2,2016-11-01,124646
2,2016-12-01,111031
2,2017-01-01,120299
2,2017-02-01,133466
2,2017-03-01,139862
2,2017-04-01,132409
2,2017-05-01,163981
2,2017-06-01,187919
2,2017-07-01,205656
2,2017-08-01,217982
2,2017-09-01,194891
2,2017-10-01,165746
2,2017-11-01,121766
2,2017-12-01,116882
2,2018-01-01,116554
2,2018-02-01,130282
2,2018-03-01,138062
2,2018-04-01,135950
2,2018-05-01,167431
2,2018-06-01,194189
2,2018-07-01,216906
2,2018-08-01,222504
2,2018-09-01,205950
2,2018-10-01,173643
2,2018-11-01,122495
2,2018-12-01,115076
2,2019-01-01,116332
2,2019-02-01,128271
2,2019-03-01,133656
2,2019-04-01,130051
2,2019-05-01,165751
2,2019-06-01,190256
2,2019-07-01,206224
2,2019-08-01,222573
2,2019-09-01,191946
2,2019-10-01,167900
2,2019-11-01,130034
2,2019-12-01,114143
2,2020-01-01,122669
2,2020-02-01,135636
2,2020-03-01,63078
2,2020-04-01,22912
2,2020-05-01,71693
2,2020-06-01,122029
2,2020-07-01,215724
2,2020-08-01,213578
2,2020-09-01,201881
2,2020-10-01,153704
2,2020-11-01,79294
2,2020-12-01,68545
2,2021-01-01,60236
2,2021-02-01,95108
2,2021-03-01,98591
2,2021-04-01,137645
2,2021-05-01,166618
2,2021-06-01,186565
2,2021-07-01,226678
2,2021-08-01,246701
2,2021-09-01,208350
2,2021-10-01,183774
2,2021-11-01,119666
2,2021-12-01,102447
2,2022-01-01,89777
2,2022-02-01,119216
2,2022-03-01,135988
2,2022-04-01,150168
2,2022-05-01,177577
2,2022-06-01,208198
2,2022-07-01,229415
2,2022-08-01,230863
2,2022-09-01,202713
2,2022-10-01,183357
2,2022-11-01,130287
2,2022-12-01,119687
2,2023-01-01,120789
2,2023-02-01,136425
2,2023-03-01,137738
2,2023-04-01,141086
2,2023-05-01,184136
2,2023-06-01,212792
2,2023-07-01,219703
2,2023-08-01,232830
2,2023-09-01,223457
2,2023-10-01,183092
2,2023-11-01,124193
2,2023-12-01,123019
2,2024-01-01,123413
2,2024-02-01,137487
2,2024-03-01,138392
2,2024-04-01,142650
2,2024-05-01,181592
2,2024-06-01,199331
2,2024-07-01,223565
2,2024-08-01,247871
2,2024-09-01,208315
2,2024-10-01,180226
2,2024-11-01,130131
2,2024-12-01,121925
2,2025-01-01,121964
2,2025-02-01,135421
2,2025-03-01,136379
2,2025-04-01,140961
2,2025-05-01,189024
2,2025-06-01,206008
2,2025-07-01,221863
2,2025-08-01,243233
2,2025-09-01,209957
2,2025-10-01,176808
2,2025-11-01,126859
2,2025-12-01,124286
2,2026-01-01,129696
2,2026-02-01,136413
2,2026-03-01,132868
2,2026-04-01,141360
2,2026-05-01,185672
3,2005-01-01,270034
3,2005-02-01,256004
3,2005-03-01,305293
3,2005-04-01,332441
3,2005-05-01,329351
3,2005-06-01,374366
3,2005-07-01,380059
3,2005-08-01,404500
3,2005-09-01,396448
3,2005-10-01,354040
3,2005-11-01,331676
3,2005-12-01,287039
3,2006-01-01,281854
3,2006-02-01,272245
3,2006-03-01,337456
3,2006-04-01,325467
3,2006-05-01,385237
3,2006-06-01,404187
3,2006-07-01,405806
3,2006-08-01,437155
3,2006-09-01,413621
3,2006-10-01,392586
3,2006-11-01,351260
3,2006-12-01,323657
3,2007-01-01,311483
3,2007-02-01,301331
3,2007-03-01,372342
3,2007-04-01,362341
3,2007-05-01,399651
3,2007-06-01,436320
3,2007-07-01,442221
3,2007-08-01,464046
3,2007-09-01,434613
3,2007-10-01,415333
3,2007-11-01,375354
3,2007-12-01,337911
3,2008-01-01,328901
3,2008-02-01,332842
3,2008-03-01,362903
3,2008-04-01,385398
3,2008-05-01,421996
3,2008-06-01,420592
3,2008-07-01,456731
3,2008-08-01,473888
3,2008-09-01,441070
3,2008-10-01,406780
3,2008-11-01,342074
3,2008-12-01,320753
3,2009-01-01,301305
3,2009-02-01,286930
3,2009-03-01,356029
3,2009-04-01,345066
3,2009-05-01,394445
3,2009-06-01,416692
3,2009-07-01,429628
3,2009-08-01,442659
3,2009-09-01,434589
3,2009-10-01,401267
3,2009-11-01,356328
3,2009-12-01,338045
3,2010-01-01,321361
3,2010-02-01,307693
3,2010-03-01,388719
3,2010-04-01,359058
3,2010-05-01,423179
3,2010-06-01,467472
3,2010-07-01,485982
3,2010-08-01,479224
3,2010-09-01,478562
3,2010-10-01,426831
3,2010-11-01,389511
3,2010-12-01,356421
3,2011-01-01,330732
3,2011-02-01,326401
3,2011-03-01,402375
3,2011-04-01,378116
3,2011-05-01,474375
3,2011-06-01,486157
3,2011-07-01,508626
3,2011-08-01,468155
3,2011-09-01,484991
3,2011-10-01,420629
3,2011-11-01,387436
3,2011-12-01,349183
3,2012-01-01,329888
3,2012-02-01,320027
3,2012-03-01,406058
3,2012-04-01,376047
3,2012-05-01,461925
3,2012-06-01,499505
3,2012-07-01,495638
3,2012-08-01,507972
3,2012-09-01,493056
3,2012-10-01,456105
3,2012-11-01,395578
3,2012-12-01,373567
3,2013-01-01,337851
3,2013-02-01,331089
3,2013-03-01,394172
3,2013-04-01,414212
3,2013-05-01,480393
3,2013-06-01,529096
3,2013-07-01,525815
3,2013-08-01,541972
3,2013-09-01,494102
3,2013-10-01,455985
3,2013-11-01,392421
3,2013-12-01,373724
3,2014-01-01,343329
3,2014-02-01,334418
3,2014-03-01,400883
3,2014-04-01,391668
3,2014-05-01,495967
3,2014-06-01,514436
3,2014-07-01,528016
3,2014-08-01,589173
3,2014-09-01,504037
3,2014-10-01,488219
3,2014-11-01,411069
3,2014-12-01,402016
3,2015-01-01,359569
3,2015-02-01,345831
3,2015-03-01,415933
3,2015-04-01,403991
3,2015-05-01,514628
3,2015-06-01,553547
3,2015-07-01,577051
3,2015-08-01,607287
3,2015-09-01,540324
3,2015-10-01,473572
3,2015-11-01,411706
3,2015-12-01,408080
3,2016-01-01,359612
3,2016-02-01,357515
3,2016-03-01,415126
3,2016-04-01,426089
3,2016-05-01,505394
3,2016-06-01,549820
3,2016-07-01,585326
3,2016-08-01,569312
3,2016-09-01,538872
3,2016-10-01,479521
3,2016-11-01,415056
3,2016-12-01,420370
3,2017-01-01,369299
3,2017-02-01,354253
3,2017-03-01,429727
3,2017-04-01,445316
3,2017-05-01,556711
3,2017-06-01,592332
3,2017-07-01,610292
3,2017-08-01,614375
3,2017-09-01,573953
3,2017-10-01,517981
3,2017-11-01,438658
3,2017-12-01,459223
3,2018-01-01,404773
3,2018-02-01,365188
3,2018-03-01,465269
3,2018-04-01,488575
3,2018-05-01,574699
3,2018-06-01,642557
3,2018-07-01,630535
3,2018-08-01,664040
3,2018-09-01,589243
3,2018-10-01,535889
3,2018-11-01,457497
3,2018-12-01,468645
3,2019-01-01,402577
3,2019-02-01,380862
3,2019-03-01,472585
3,2019-04-01,498518
3,2019-05-01,648795
3,2019-06-01,675802
3,2019-07-01,664547
3,2019-08-01,654508
3,2019-09-01,602516
3,2019-10-01,560698
3,2019-11-01,480295
3,2019-12-01,492532
3,2020-01-01,427009
3,2020-02-01,389795
3,2020-03-01,166319
3,2020-04-01,36356
3,2020-05-01,59353
3,2020-06-01,118821
3,2020-07-01,197025
3,2020-08-01,227730
3,2020-09-01,216347
3,2020-10-01,179729
3,2020-11-01,121740
3,2020-12-01,117816
3,2021-01-01,95081
3,2021-02-01,100560
3,2021-03-01,129478
3,2021-04-01,177632
3,2021-05-01,204273
3,2021-06-01,216562
3,2021-07-01,326351
3,2021-08-01,422460
3,2021-09-01,412772
3,2021-10-01,398650
3,2021-11-01,358115
3,2021-12-01,298001
3,2022-01-01,221033
3,2022-02-01,244822
3,2022-03-01,372196
3,2022-04-01,398440
3,2022-05-01,541732
3,2022-06-01,623860
3,2022-07-01,627640
3,2022-08-01,638000
3,2022-09-01,651091
3,2022-10-01,581155
3,2022-11-01,501697
3,2022-12-01,534065
3,2023-01-01,424322
3,2023-02-01,387111
3,2023-03-01,506243
3,2023-04-01,550161
3,2023-05-01,634110
3,2023-06-01,702873
3,2023-07-01,701042
3,2023-08-01,687194
3,2023-09-01,665227
3,2023-10-01,608734
3,2023-11-01,531663
3,2023-12-01,560587
3,2024-01-01,434187
3,2024-02-01,418400
3,2024-03-01,515799
3,2024-04-01,560235
3,2024-05-01,669530
3,2024-06-01,745602
3,2024-07-01,752146
3,2024-08-01,725282
3,2024-09-01,697531
3,2024-10-01,621929
3,2024-11-01,545911
3,2024-12-01,617062
3,2025-01-01,484097
3,2025-02-01,425120
3,2025-03-01,537393
3,2025-04-01,581460
3,2025-05-01,703604
3,2025-06-01,727084
3,2025-07-01,743703
3,2025-08-01,770568
3,2025-09-01,704965
3,2025-10-01,657356
3,2025-11-01,568743
3,2025-12-01,652753
3,2026-01-01,500856
3,2026-02-01,441763
3,2026-03-01,522702
3,2026-04-01,554959
3,2026-05-01,686124
4,2005-01-01,154971
4,2005-02-01,182192
4,2005-03-01,205231
4,2005-04-01,189629
4,2005-05-01,272867
4,2005-06-01,319646
4,2005-07-01,389999
4,2005-08-01,368730
4,2005-09-01,306506
4,2005-10-01,223276
4,2005-11-01,140584
4,2005-12-01,158965
4,2006-01-01,180868
4,2006-02-01,207518
4,2006-03-01,216659
4,2006-04-01,228266
4,2006-05-01,284272
4,2006-06-01,338353
4,2006-07-01,408111
4,2006-08-01,397151
4,2006-09-01,349425
4,2006-10-01,254460
4,2006-11-01,146465
4,2006-12-01,178819
4,2007-01-01,181865
4,2007-02-01,214151
4,2007-03-01,228835
4,2007-04-01,244415
4,2007-05-01,299654
4,2007-06-01,366959
4,2007-07-01,431314
4,2007-08-01,422499
4,2007-09-01,355933
4,2007-10-01,279514
4,2007-11-01,159792
4,2007-12-01,205742
4,2008-01-01,199233
4,2008-02-01,237787
4,2008-03-01,250964
4,2008-04-01,229751
4,2008-05-01,340330
4,2008-06-01,353543
4,2008-07-01,432996
4,2008-08-01,435687
4,2008-09-01,350785
4,2008-10-01,260910
4,2008-11-01,157513
4,2008-12-01,197569
4,2009-01-01,206687
4,2009-02-01,221713
4,2009-03-01,214847
4,2009-04-01,223614
4,2009-05-01,290830
4,2009-06-01,313252
4,2009-07-01,403398
4,2009-08-01,414097
4,2009-09-01,340683
4,2009-10-01,243873
4,2009-11-01,145640
4,2009-12-01,200670
4,2010-01-01,191760
4,2010-02-01,233198
4,2010-03-01,230080
4,2010-04-01,223628
4,2010-05-01,305070
4,2010-06-01,363709
4,2010-07-01,432472
4,2010-08-01,417549
4,2010-09-01,359843
4,2010-10-01,258053
4,2010-11-01,154519
4,2010-12-01,185959
4,2011-01-01,187525
4,2011-02-01,210183
4,2011-03-01,242323
4,2011-04-01,243211
4,2011-05-01,300600
4,2011-06-01,372042
4,2011-07-01,412315
4,2011-08-01,394855
4,2011-09-01,334895
4,2011-10-01,256813
4,2011-11-01,160401
4,2011-12-01,182414
4,2012-01-01,193485
4,2012-02-01,205339
4,2012-03-01,221045
4,2012-04-01,232481
4,2012-05-01,314465
4,2012-06-01,342578
4,2012-07-01,379440
4,2012-08-01,387691
4,2012-09-01,334152
4,2012-10-01,269278
4,2012-11-01,166612
4,2012-12-01,199652
4,2013-01-01,184942
4,2013-02-01,217451
4,2013-03-01,235193
4,2013-04-01,229731
4,2013-05-01,304400
4,2013-06-01,351720
4,2013-07-01,411255
4,2013-08-01,425606
4,2013-09-01,337614
4,2013-10-01,263705
4,2013-11-01,171409
4,2013-12-01,204519
4,2014-01-01,192054
4,2014-02-01,203671
4,2014-03-01,234330
4,2014-04-01,245525
4,2014-05-01,314739
4,2014-06-01,366641
4,2014-07-01,415275
4,2014-08-01,446492
4,2014-09-01,342533
4,2014-10-01,293621
4,2014-11-01,179675
4,2014-12-01,220590
4,2015-01-01,204972
4,2015-02-01,243885
4,2015-03-01,234843
4,2015-04-01,255852
4,2015-05-01,335019
4,2015-06-01,383270
4,2015-07-01,451820
4,2015-08-01,451227
4,2015-09-01,358733
4,2015-10-01,297273
4,2015-11-01,177984
4,2015-12-01,211769
4,2016-01-01,189695
4,2016-02-01,241309
4,2016-03-01,257233
4,2016-04-01,245221
4,2016-05-01,336908
4,2016-06-01,362113
4,2016-07-01,428472
4,2016-08-01,431788
4,2016-09-01,347884
4,2016-10-01,289325
4,2016-11-01,187753
4,2016-12-01,204183
4,2017-01-01,205823
4,2017-02-01,235000
4,2017-03-01,241621
4,2017-04-01,267052
4,2017-05-01,334960
4,2017-06-01,386750
4,2017-07-01,443788
4,2017-08-01,445324
4,2017-09-01,363443
4,2017-10-01,304337
4,2017-11-01,190822
4,2017-12-01,229586
4,2018-01-01,214846
4,2018-02-01,252843
4,2018-03-01,265802
4,2018-04-01,275816
4,2018-05-01,362138
4,2018-06-01,416081
4,2018-07-01,468117
4,2018-08-01,470173
4,2018-09-01,382397
4,2018-10-01,317465
4,2018-11-01,199518
4,2018-12-01,237178
4,2019-01-01,213042
4,2019-02-01,248281
4,2019-03-01,268367
4,2019-04-01,287852
4,2019-05-01,359765
4,2019-06-01,422760
4,2019-07-01,470767
4,2019-08-01,471767
4,2019-09-01,375804
4,2019-10-01,328967
4,2019-11-01,216457
4,2019-12-01,248548
4,2020-01-01,240532
4,2020-02-01,238517
4,2020-03-01,92524
4,2020-04-01,19868
4,2020-05-01,72586
4,2020-06-01,146595
4,2020-07-01,321668
4,2020-08-01,316185
4,2020-09-01,259621
4,2020-10-01,207781
4,2020-11-01,106813
4,2020-12-01,116890
4,2021-01-01,104273
4,2021-02-01,166031
4,2021-03-01,154178
4,2021-04-01,216711
4,2021-05-01,232338
4,2021-06-01,217827
4,2021-07-01,316415
4,2021-08-01,382358
4,2021-09-01,304436
4,2021-10-01,260719
4,2021-11-01,168849
4,2021-12-01,185620
4,2022-01-01,157347
4,2022-02-01,207312
4,2022-03-01,230446
4,2022-04-01,246895
4,2022-05-01,285004
4,2022-06-01,359471
4,2022-07-01,442090
4,2022-08-01,437216
4,2022-09-01,367612
4,2022-10-01,319640
4,2022-11-01,200876
4,2022-12-01,246337
4,2023-01-01,224801
4,2023-02-01,258393
4,2023-03-01,255787
4,2023-04-01,283078
4,2023-05-01,352731
4,2023-06-01,421888
4,2023-07-01,469418
4,2023-08-01,458004
4,2023-09-01,406687
4,2023-10-01,338736
4,2023-11-01,215202
4,2023-12-01,259626
4,2024-01-01,226191
4,2024-02-01,261555
4,2024-03-01,274295
4,2024-04-01,281891
4,2024-05-01,381421
4,2024-06-01,437134
4,2024-07-01,477071
4,2024-08-01,480361
4,2024-09-01,401297
4,2024-10-01,339893
4,2024-11-01,231931
4,2024-12-01,275488
4,2025-01-01,243333
4,2025-02-01,251308
4,2025-03-01,271355
4,2025-04-01,305505
4,2025-05-01,392346
4,2025-06-01,445708
4,2025-07-01,495752
4,2025-08-01,498256
4,2025-09-01,419112
4,2025-10-01,349568
4,2025-11-01,227614
4,2025-12-01,302767
4,2026-01-01,246601
4,2026-02-01,273868
4,2026-03-01,257497
4,2026-04-01,297293
4,2026-05-01,377254
5,2005-01-01,66105
5,2005-02-01,69836
5,2005-03-01,82456
5,2005-04-01,87362
5,2005-05-01,73569
5,2005-06-01,93548
5,2005-07-01,61580
5,2005-08-01,80082
5,2005-09-01,88163
5,2005-10-01,84628
5,2005-11-01,91670
5,2005-12-01,61420
5,2006-01-01,73501
5,2006-02-01,75921
5,2006-03-01,103132
5,2006-04-01,91424
5,2006-05-01,94187
5,2006-06-01,109128
5,2006-07-01,84443
5,2006-08-01,94537
5,2006-09-01,101159
5,2006-10-01,102744
5,2006-11-01,96610
5,2006-12-01,79221
5,2007-01-01,85620
5,2007-02-01,78551
5,2007-03-01,98368
5,2007-04-01,105439
5,2007-05-01,92028
5,2007-06-01,108331
5,2007-07-01,92541
5,2007-08-01,98404
5,2007-09-01,104645
5,2007-10-01,108744
5,2007-11-01,105119
5,2007-12-01,81830
5,2008-01-01,82468
5,2008-02-01,93700
5,2008-03-01,105377
5,2008-04-01,116493
5,2008-05-01,105443
5,2008-06-01,118064
5,2008-07-01,104523
5,2008-08-01,111558
5,2008-09-01,109877
5,2008-10-01,112632
5,2008-11-01,105295
5,2008-12-01,86131
5,2009-01-01,75360
5,2009-02-01,86681
5,2009-03-01,126715
5,2009-04-01,92832
5,2009-05-01,95590
5,2009-06-01,118478
5,2009-07-01,114640
5,2009-08-01,118230
5,2009-09-01,124389
5,2009-10-01,113051
5,2009-11-01,121804
5,2009-12-01,86210
5,2010-01-01,90227
5,2010-02-01,100270
5,2010-03-01,126979
5,2010-04-01,96828
5,2010-05-01,108708
5,2010-06-01,126709
5,2010-07-01,113872
5,2010-08-01,113628
5,2010-09-01,123283
5,2010-10-01,120447
5,2010-11-01,117174
5,2010-12-01,96473
5,2011-01-01,84341
5,2011-02-01,89480
5,2011-03-01,136606
5,2011-04-01,100421
5,2011-05-01,116652
5,2011-06-01,129585
5,2011-07-01,124133
5,2011-08-01,111696
5,2011-09-01,119978
5,2011-10-01,117293
5,2011-11-01,124653
5,2011-12-01,94956
5,2012-01-01,96934
5,2012-02-01,104285
5,2012-03-01,128753
5,2012-04-01,101378
5,2012-05-01,113335
5,2012-06-01,130526
5,2012-07-01,120299
5,2012-08-01,106258
5,2012-09-01,118241
5,2012-10-01,120245
5,2012-11-01,114898
5,2012-12-01,94904
5,2013-01-01,84317
5,2013-02-01,96223
5,2013-03-01,107079
5,2013-04-01,133200
5,2013-05-01,113922
5,2013-06-01,134645
5,2013-07-01,126971
5,2013-08-01,122963
5,2013-09-01,120501
5,2013-10-01,128570
5,2013-11-01,124771
5,2013-12-01,97620
5,2014-01-01,90701
5,2014-02-01,93330
5,2014-03-01,137399
5,2014-04-01,106262
5,2014-05-01,123559
5,2014-06-01,136712
5,2014-07-01,136659
5,2014-08-01,138025
5,2014-09-01,131787
5,2014-10-01,136647
5,2014-11-01,124239
5,2014-12-01,117091
5,2015-01-01,89458
5,2015-02-01,113150
5,2015-03-01,138135
5,2015-04-01,112351
5,2015-05-01,122509
5,2015-06-01,150054
5,2015-07-01,139851
5,2015-08-01,130539
5,2015-09-01,138990
5,2015-10-01,132456
5,2015-11-01,123062
5,2015-12-01,103618
5,2016-01-01,98655
5,2016-02-01,104821
5,2016-03-01,128940
5,2016-04-01,115749
5,2016-05-01,128819
5,2016-06-01,150436
5,2016-07-01,132221
5,2016-08-01,126635
5,2016-09-01,136848
5,2016-10-01,134323
5,2016-11-01,126174
5,2016-12-01,116275
5,2017-01-01,90040
5,2017-02-01,95738
5,2017-03-01,150601
5,2017-04-01,119169
5,2017-05-01,149918
5,2017-06-01,153699
5,2017-07-01,149217
5,2017-08-01,144779
5,2017-09-01,145544
5,2017-10-01,147716
5,2017-11-01,140760
5,2017-12-01,122686
5,2018-01-01,109336
5,2018-02-01,111297
5,2018-03-01,138023
5,2018-04-01,130311
5,2018-05-01,137178
5,2018-06-01,163201
5,2018-07-01,156268
5,2018-08-01,159973
5,2018-09-01,147002
5,2018-10-01,152779
5,2018-11-01,133986
5,2018-12-01,132035
5,2019-01-01,94311
5,2019-02-01,98054
5,2019-03-01,142866
5,2019-04-01,127920
5,2019-05-01,173269
5,2019-06-01,166150
5,2019-07-01,173220
5,2019-08-01,155010
5,2019-09-01,146684
5,2019-10-01,156990
5,2019-11-01,142582
5,2019-12-01,129531
5,2020-01-01,107720
5,2020-02-01,104758
5,2020-03-01,45377
5,2020-04-01,17960
5,2020-05-01,22971
5,2020-06-01,39354
5,2020-07-01,70563
5,2020-08-01,80053
5,2020-09-01,71695
5,2020-10-01,65614
5,2020-11-01,36530
5,2020-12-01,31648
5,2021-01-01,26162
5,2021-02-01,30253
5,2021-03-01,41229
5,2021-04-01,73090
5,2021-05-01,76020
5,2021-06-01,69124
5,2021-07-01,100909
5,2021-08-01,124071
5,2021-09-01,128052
5,2021-10-01,121869
5,2021-11-01,99154
5,2021-12-01,79826
5,2022-01-01,49884
5,2022-02-01,61710
5,2022-03-01,98183
5,2022-04-01,118437
5,2022-05-01,141843
5,2022-06-01,155856
5,2022-07-01,159617
5,2022-08-01,161225
5,2022-09-01,164295
5,2022-10-01,146268
5,2022-11-01,130320
5,2022-12-01,143512
5,2023-01-01,91677
5,2023-02-01,102012
5,2023-03-01,128740
5,2023-04-01,141172
5,2023-05-01,158017
5,2023-06-01,171759
5,2023-07-01,167863
5,2023-08-01,157974
5,2023-09-01,159433
5,2023-10-01,151193
5,2023-11-01,154887
5,2023-12-01,165385
5,2024-01-01,100686
5,2024-02-01,107768
5,2024-03-01,125813
5,2024-04-01,132856
5,2024-05-01,165797
5,2024-06-01,175411
5,2024-07-01,177420
5,2024-08-01,171650
5,2024-09-01,161710
5,2024-10-01,169113
5,2024-11-01,159741
5,2024-12-01,194761
5,2025-01-01,104289
5,2025-02-01,116032
5,2025-03-01,145779
5,2025-04-01,145497
5,2025-05-01,178987
5,2025-06-01,182504
5,2025-07-01,195764
5,2025-08-01,188620
5,2025-09-01,178137
5,2025-10-01,176552
5,2025-11-01,166144
5,2025-12-01,203169
5,2026-01-01,117925
5,2026-02-01,110019
5,2026-03-01,140031
5,2026-04-01,137815
5,2026-05-01,162635
6,2005-01-01,363906
6,2005-02-01,428146
6,2005-03-01,404363
6,2005-04-01,215366
6,2005-05-01,281741
6,2005-06-01,447064
6,2005-07-01,570107
6,2005-08-01,568684
6,2005-09-01,433185
6,2005-10-01,323726
6,2005-11-01,164753
6,2005-12-01,270644
6,2006-01-01,390358
6,2006-02-01,457380
6,2006-03-01,395346
6,2006-04-01,263768
6,2006-05-01,305823
6,2006-06-01,461669
6,2006-07-01,600030
6,2006-08-01,585207
6,2006-09-01,471367
6,2006-10-01,336833
6,2006-11-01,165048
6,2006-12-01,291160
6,2007-01-01,370717
6,2007-02-01,447209
6,2007-03-01,368349
6,2007-04-01,280653
6,2007-05-01,324236
6,2007-06-01,484539
6,2007-07-01,598254
6,2007-08-01,588654
6,2007-09-01,467173
6,2007-10-01,337825
6,2007-11-01,185736
6,2007-12-01,305171
6,2008-01-01,407009
6,2008-02-01,497221
6,2008-03-01,448706
6,2008-04-01,242630
6,2008-05-01,356852
6,2008-06-01,452036
6,2008-07-01,615135
6,2008-08-01,619456
6,2008-09-01,460904
6,2008-10-01,320571
6,2008-11-01,173832
6,2008-12-01,309623
6,2009-01-01,404422
6,2009-02-01,455213
6,2009-03-01,370362
6,2009-04-01,287526
6,2009-05-01,330157
6,2009-06-01,425793
6,2009-07-01,576870
6,2009-08-01,610666
6,2009-09-01,460250
6,2009-10-01,316739
6,2009-11-01,166468
6,2009-12-01,303886
6,2010-01-01,378388
6,2010-02-01,460845
6,2010-03-01,379613
6,2010-04-01,260901
6,2010-05-01,319260
6,2010-06-01,459606
6,2010-07-01,611599
6,2010-08-01,599051
6,2010-09-01,470066
6,2010-10-01,321028
6,2010-11-01,178517
6,2010-12-01,288417
6,2011-01-01,389263
6,2011-02-01,400105
6,2011-03-01,392616
6,2011-04-01,260482
6,2011-05-01,318425
6,2011-06-01,485227
6,2011-07-01,603308
6,2011-08-01,573088
6,2011-09-01,475404
6,2011-10-01,329391
6,2011-11-01,180255
6,2011-12-01,257074
6,2012-01-01,357095
6,2012-02-01,411911
6,2012-03-01,345090
6,2012-04-01,252947
6,2012-05-01,328357
6,2012-06-01,447785
6,2012-07-01,548158
6,2012-08-01,562180
6,2012-09-01,444438
6,2012-10-01,328289
6,2012-11-01,189104
6,2012-12-01,285392
6,2013-01-01,346328
6,2013-02-01,409164
6,2013-03-01,379570
6,2013-04-01,246357
6,2013-05-01,335661
6,2013-06-01,475574
6,2013-07-01,586703
6,2013-08-01,630002
6,2013-09-01,457437
6,2013-10-01,339817
6,2013-11-01,197662
6,2013-12-01,292521
6,2014-01-01,367542
6,2014-02-01,386240
6,2014-03-01,386069
6,2014-04-01,269083
6,2014-05-01,344483
6,2014-06-01,459706
6,2014-07-01,553663
6,2014-08-01,636885
6,2014-09-01,467537
6,2014-10-01,366431
6,2014-11-01,195866
6,2014-12-01,302152
6,2015-01-01,358177
6,2015-02-01,430873
6,2015-03-01,341705
6,2015-04-01,276156
6,2015-05-01,346303
6,2015-06-01,462125
6,2015-07-01,604583
6,2015-08-01,626875
6,2015-09-01,475188
6,2015-10-01,353650
6,2015-11-01,199865
6,2015-12-01,283141
6,2016-01-01,324802
6,2016-02-01,408568
6,2016-03-01,368505
6,2016-04-01,247478
6,2016-05-01,361552
6,2016-06-01,443372
6,2016-07-01,607797
6,2016-08-01,628147
6,2016-09-01,479035
6,2016-10-01,347149
6,2016-11-01,199034
6,2016-12-01,274219
6,2017-01-01,351057
6,2017-02-01,403791
6,2017-03-01,369673
6,2017-04-01,313562
6,2017-05-01,386551
6,2017-06-01,506177
6,2017-07-01,657487
6,2017-08-01,663583
6,2017-09-01,507069
6,2017-10-01,396768
6,2017-11-01,217932
6,2017-12-01,302591
6,2018-01-01,366144
6,2018-02-01,435672
6,2018-03-01,384950
6,2018-04-01,308105
6,2018-05-01,402616
6,2018-06-01,542190
6,2018-07-01,693589
6,2018-08-01,697067
6,2018-09-01,537966
6,2018-10-01,407506
6,2018-11-01,232746
6,2018-12-01,323454
6,2019-01-01,362317
6,2019-02-01,419920
6,2019-03-01,392616
6,2019-04-01,329853
6,2019-05-01,397883
6,2019-06-01,586443
6,2019-07-01,705686
6,2019-08-01,699535
6,2019-09-01,534783
6,2019-10-01,413161
6,2019-11-01,231987
6,2019-12-01,340612
6,2020-01-01,388239
6,2020-02-01,442583
6,2020-03-01,149536
6,2020-04-01,18945
6,2020-05-01,98284
6,2020-06-01,220140
6,2020-07-01,520571
6,2020-08-01,496292
6,2020-09-01,376678
6,2020-10-01,279884
6,2020-11-01,116687
6,2020-12-01,192610
6,2021-01-01,170564
6,2021-02-01,285323
6,2021-03-01,220691
6,2021-04-01,243936
6,2021-05-01,278207
6,2021-06-01,313818
6,2021-07-01,489486
6,2021-08-01,600971
6,2021-09-01,451259
6,2021-10-01,380237
6,2021-11-01,204224
6,2021-12-01,286462
6,2022-01-01,299407
6,2022-02-01,401263
6,2022-03-01,361109
6,2022-04-01,283150
6,2022-05-01,380572
6,2022-06-01,536847
6,2022-07-01,706770
6,2022-08-01,701720
6,2022-09-01,534420
6,2022-10-01,442084
6,2022-11-01,237365
6,2022-12-01,366294
6,2023-01-01,392655
6,2023-02-01,447522
6,2023-03-01,374124
6,2023-04-01,365292
6,2023-05-01,495687
6,2023-06-01,635555
6,2023-07-01,756829
6,2023-08-01,745352
6,2023-09-01,638191
6,2023-10-01,498356
6,2023-11-01,263133
6,2023-12-01,380484
6,2024-01-01,400115
6,2024-02-01,463637
6,2024-03-01,399796
6,2024-04-01,358072
6,2024-05-01,540960
6,2024-06-01,658425
6,2024-07-01,781915
6,2024-08-01,778130
6,2024-09-01,617056
6,2024-10-01,477693
6,2024-11-01,286122
6,2024-12-01,387966
6,2025-01-01,401977
6,2025-02-01,413047
6,2025-03-01,371486
6,2025-04-01,380379
6,2025-05-01,525535
6,2025-06-01,659194
6,2025-07-01,769883
6,2025-08-01,778791
6,2025-09-01,613139
6,2025-10-01,494902
6,2025-11-01,268675
6,2025-12-01,415778
6,2026-01-01,410371
6,2026-02-01,443261
6,2026-03-01,341076
6,2026-04-01,358244
6,2026-05-01,521194
8,2005-01-01,23454
8,2005-02-01,26842
8,2005-03-01,33648
8,2005-04-01,40220
8,2005-05-01,46080
8,2005-06-01,49947
8,2005-07-01,58695
8,2005-08-01,56517
8,2005-09-01,58824
8,2005-10-01,47732
8,2005-11-01,35093
8,2005-12-01,26298
8,2006-01-01,26762
8,2006-02-01,32281
8,2006-03-01,34662
8,2006-04-01,40577
8,2006-05-01,50187
8,2006-06-01,57292
8,2006-07-01,59538
8,2006-08-01,60674
8,2006-09-01,58490
8,2006-10-01,51299
8,2006-11-01,39429
8,2006-12-01,28525
8,2007-01-01,28587
8,2007-02-01,30329
8,2007-03-01,36027
8,2007-04-01,45239
8,2007-05-01,51025
8,2007-06-01,55675
8,2007-07-01,61007
8,2007-08-01,63729
8,2007-09-01,61701
8,2007-10-01,51580
8,2007-11-01,39972
8,2007-12-01,27626
8,2008-01-01,30747
8,2008-02-01,32520
8,2008-03-01,34065
8,2008-04-01,42970
8,2008-05-01,56617
8,2008-06-01,56472
8,2008-07-01,62314
8,2008-08-01,64847
8,2008-09-01,59904
8,2008-10-01,51504
8,2008-11-01,37218
8,2008-12-01,27727
8,2009-01-01,28578
8,2009-02-01,30884
8,2009-03-01,39059
8,2009-04-01,37318
8,2009-05-01,53698
8,2009-06-01,51515
8,2009-07-01,56793
8,2009-08-01,61825
8,2009-09-01,56237
8,2009-10-01,47338
8,2009-11-01,33638
8,2009-12-01,25659
8,2010-01-01,26961
8,2010-02-01,29381
8,2010-03-01,34542
8,2010-04-01,39514
8,2010-05-01,50932
8,2010-06-01,54140
8,2010-07-01,59486
8,2010-08-01,63689
8,2010-09-01,56646
8,2010-10-01,49347
8,2010-11-01,34193
8,2010-12-01,26170
8,2011-01-01,27591
8,2011-02-01,29506
8,2011-03-01,38888
8,2011-04-01,41700
8,2011-05-01,49671
8,2011-06-01,59719
8,2011-07-01,61129
8,2011-08-01,62079
8,2011-09-01,60770
8,2011-10-01,51444
8,2011-11-01,40012
8,2011-12-01,30392
8,2012-01-01,29227
8,2012-02-01,32223
8,2012-03-01,39219
8,2012-04-01,46405
8,2012-05-01,52402
8,2012-06-01,57849
8,2012-07-01,58178
8,2012-08-01,64064
8,2012-09-01,60033
8,2012-10-01,49361
8,2012-11-01,42799
8,2012-12-01,29685
8,2013-01-01,31333
8,2013-02-01,33162
8,2013-03-01,37331
8,2013-04-01,43896
8,2013-05-01,51310
8,2013-06-01,60723
8,2013-07-01,61507
8,2013-08-01,65018
8,2013-09-01,61231
8,2013-10-01,50060
8,2013-11-01,43274
8,2013-12-01,30571
8,2014-01-01,30516
8,2014-02-01,33784
8,2014-03-01,43762
8,2014-04-01,43439
8,2014-05-01,54775
8,2014-06-01,60904
8,2014-07-01,57539
8,2014-08-01,64728
8,2014-09-01,62090
8,2014-10-01,51875
8,2014-11-01,42404
8,2014-12-01,28800
8,2015-01-01,30203
8,2015-02-01,30999
8,2015-03-01,39359
8,2015-04-01,39676
8,2015-05-01,50587
8,2015-06-01,57374
8,2015-07-01,56713
8,2015-08-01,60461
8,2015-09-01,61114
8,2015-10-01,50890
8,2015-11-01,40217
8,2015-12-01,29365
8,2016-01-01,31405
8,2016-02-01,32406
8,2016-03-01,37947
8,2016-04-01,43757
8,2016-05-01,53451
8,2016-06-01,55314
8,2016-07-01,59002
8,2016-08-01,65262
8,2016-09-01,59891
8,2016-10-01,50373
8,2016-11-01,40673
8,2016-12-01,28835
8,2017-01-01,28770
8,2017-02-01,30178
8,2017-03-01,38275
8,2017-04-01,41783
8,2017-05-01,49592
8,2017-06-01,57694
8,2017-07-01,57877
8,2017-08-01,61245
8,2017-09-01,57696
8,2017-10-01,49955
8,2017-11-01,40784
8,2017-12-01,29201
8,2018-01-01,31034
8,2018-02-01,29853
8,2018-03-01,38395
8,2018-04-01,43089
8,2018-05-01,51853
8,2018-06-01,56304
8,2018-07-01,58171
8,2018-08-01,59820
8,2018-09-01,58656
8,2018-10-01,50623
8,2018-11-01,41763
8,2018-12-01,27036
8,2019-01-01,30194
8,2019-02-01,30646
8,2019-03-01,40453
8,2019-04-01,42744
8,2019-05-01,51811
8,2019-06-01,59627
8,2019-07-01,58818
8,2019-08-01,62205
8,2019-09-01,58030
8,2019-10-01,47927
8,2019-11-01,41817
8,2019-12-01,31879
8,2020-01-01,27875
8,2020-02-01,29702
8,2020-03-01,15396
8,2020-04-01,7233
8,2020-05-01,26985
8,2020-06-01,40157
8,2020-07-01,75286
8,2020-08-01,62651
8,2020-09-01,56440
8,2020-10-01,40066
8,2020-11-01,16045
8,2020-12-01,15457
8,2021-01-01,14470
8,2021-02-01,20762
8,2021-03-01,25530
8,2021-04-01,46627
8,2021-05-01,60187
8,2021-06-01,62891
8,2021-07-01,72476
8,2021-08-01,78821
8,2021-09-01,63921
8,2021-10-01,56042
8,2021-11-01,37421
8,2021-12-01,23986
8,2022-01-01,20946
8,2022-02-01,29301
8,2022-03-01,36509
8,2022-04-01,49572
8,2022-05-01,59507
8,2022-06-01,65785
8,2022-07-01,68240
8,2022-08-01,67393
8,2022-09-01,62687
8,2022-10-01,56050
8,2022-11-01,42354
8,2022-12-01,33554
8,2023-01-01,29778
8,2023-02-01,32478
8,2023-03-01,39013
8,2023-04-01,47544
8,2023-05-01,61453
8,2023-06-01,65034
8,2023-07-01,67680
8,2023-08-01,65210
8,2023-09-01,65898
8,2023-10-01,53518
8,2023-11-01,43325
8,2023-12-01,31833
8,2024-01-01,27919
8,2024-02-01,32413
8,2024-03-01,41288
8,2024-04-01,47560
8,2024-05-01,62266
8,2024-06-01,67142
8,2024-07-01,70108
8,2024-08-01,72704
8,2024-09-01,63887
8,2024-10-01,54930
8,2024-11-01,43569
8,2024-12-01,31575
8,2025-01-01,29050
8,2025-02-01,32263
8,2025-03-01,38227
8,2025-04-01,48524
8,2025-05-01,65796
8,2025-06-01,68703
8,2025-07-01,71180
8,2025-08-01,74058
8,2025-09-01,65991
8,2025-10-01,51883
8,2025-11-01,41715
8,2025-12-01,32709
8,2026-01-01,26779
8,2026-02-01,30698
8,2026-03-01,37380
8,2026-04-01,48994
8,2026-05-01,64024
8100,2005-01-01,2680116
8100,2005-02-01,3017746
8100,2005-03-01,3238735
8100,2005-04-01,2067465
8100,2005-05-01,2185950
8100,2005-06-01,2889836
8100,2005-07-01,3775995
8100,2005-08-01,3868916
8100,2005-09-01,3108116
8100,2005-10-01,2437899
8100,2005-11-01,1557016
8100,2005-12-01,2115946
8100,2006-01-01,2758499
8100,2006-02-01,3121764
8100,2006-03-01,3178498
8100,2006-04-01,2452012
8100,2006-05-01,2384279
8100,2006-06-01,3076050
8100,2006-07-01,3959870
8100,2006-08-01,3970611
8100,2006-09-01,3372030
8100,2006-10-01,2627298
8100,2006-11-01,1652802
8100,2006-12-01,2294713
8100,2007-01-01,2805431
8100,2007-02-01,3199941
8100,2007-03-01,3299070
8100,2007-04-01,2567355
8100,2007-05-01,2444132
8100,2007-06-01,3259599
8100,2007-07-01,4141663
8100,2007-08-01,4130987
8100,2007-09-01,3437870
8100,2007-10-01,2764949
8100,2007-11-01,1823134
8100,2007-12-01,2490669
8100,2008-01-01,3022923
8100,2008-02-01,3529312
8100,2008-03-01,3588125
8100,2008-04-01,2389570
8100,2008-05-01,2720033
8100,2008-06-01,3177138
8100,2008-07-01,4280339
8100,2008-08-01,4293523
8100,2008-09-01,3414007
8100,2008-10-01,2698200
8100,2008-11-01,1701598
8100,2008-12-01,2519001
8100,2009-01-01,2892780
8100,2009-02-01,3193670
8100,2009-03-01,3092601
8100,2009-04-01,2444733
8100,2009-05-01,2438983
8100,2009-06-01,3033834
8100,2009-07-01,4070370
8100,2009-08-01,4156948
8100,2009-09-01,3415644
8100,2009-10-01,2645745
8100,2009-11-01,1696201
8100,2009-12-01,2507384
8100,2010-01-01,2824863
8100,2010-02-01,3257066
8100,2010-03-01,3249889
8100,2010-04-01,2397071
8100,2010-05-01,2517362
8100,2010-06-01,3222920
8100,2010-07-01,4279435
8100,2010-08-01,4117394
8100,2010-09-01,3461857
8100,2010-10-01,2678652
8100,2010-11-01,1776454
8100,2010-12-01,2424849
8100,2011-01-01,2884526
8100,2011-02-01,3013325
8100,2011-03-01,3327747
8100,2011-04-01,2410628
8100,2011-05-01,2505390
8100,2011-06-01,3321145
8100,2011-07-01,4140223
8100,2011-08-01,3863314
8100,2011-09-01,3335286
8100,2011-10-01,2599628
8100,2011-11-01,1778576
8100,2011-12-01,2306468
8100,2012-01-01,2763813
8100,2012-02-01,3080789
8100,2012-03-01,3063085
8100,2012-04-01,2293112
8100,2012-05-01,2522499
8100,2012-06-01,3142502
8100,2012-07-01,3854837
8100,2012-08-01,3870915
8100,2012-09-01,3294923
8100,2012-10-01,2643983
8100,2012-11-01,1806607
8100,2012-12-01,2429208
8100,2013-01-01,2735819
8100,2013-02-01,3038542
8100,2013-03-01,3213051
8100,2013-04-01,2278513
8100,2013-05-01,2562315
8100,2013-06-01,3274533
8100,2013-07-01,4031410
8100,2013-08-01,4164567
8100,2013-09-01,3326707
8100,2013-10-01,2633182
8100,2013-11-01,1861420
8100,2013-12-01,2503824
8100,2014-01-01,2782625
8100,2014-02-01,2919251
8100,2014-03-01,3227446
8100,2014-04-01,2356682
8100,2014-05-01,2619867
8100,2014-06-01,3198713
8100,2014-07-01,3920638
8100,2014-08-01,4258511
8100,2014-09-01,3384577
8100,2014-10-01,2782427
8100,2014-11-01,1867454
8100,2014-12-01,2615321
8100,2015-01-01,2765550
8100,2015-02-01,3115410
8100,2015-03-01,2987195
8100,2015-04-01,2344338
8100,2015-05-01,2616805
8100,2015-06-01,3216833
8100,2015-07-01,4075726
8100,2015-08-01,4123659
8100,2015-09-01,3360603
8100,2015-10-01,2686864
8100,2015-11-01,1866861
8100,2015-12-01,2468632
8100,2016-01-01,2574777
8100,2016-02-01,3085026
8100,2016-03-01,3166213
8100,2016-04-01,2268587
8100,2016-05-01,2660851
8100,2016-06-01,3125222
8100,2016-07-01,4070731
8100,2016-08-01,4095863
8100,2016-09-01,3392208
8100,2016-10-01,2764619
8100,2016-11-01,1878653
8100,2016-12-01,2449826
8100,2017-01-01,2709743
8100,2017-02-01,3049114
8100,2017-03-01,3154642
8100,2017-04-01,2546968
8100,2017-05-01,2791766
8100,2017-06-01,3430831
8100,2017-07-01,4289083
8100,2017-08-01,4265016
8100,2017-09-01,3569618
8100,2017-10-01,2980995
8100,2017-11-01,1973338
8100,2017-12-01,2631626
8100,2018-01-01,2871590
8100,2018-02-01,3194275
8100,2018-03-01,3328071
8100,2018-04-01,2576811
8100,2018-05-01,2874763
8100,2018-06-01,3613500
8100,2018-07-01,4422988
8100,2018-08-01,4478634
8100,2018-09-01,3694903
8100,2018-10-01,2998715
8100,2018-11-01,2025429
8100,2018-12-01,2727098
8100,2019-01-01,2836384
8100,2019-02-01,3113363
8100,2019-03-01,3352687
8100,2019-04-01,2676948
8100,2019-05-01,3006949
8100,2019-06-01,3800082
8100,2019-07-01,4568810
8100,2019-08-01,4505292
8100,2019-09-01,3705035
8100,2019-10-01,3060503
8100,2019-11-01,2085854
8100,2019-12-01,2850132
8100,2020-01-01,3037206
8100,2020-02-01,3332477
8100,2020-03-01,1271032
8100,2020-04-01,218183
8100,2020-05-01,643629
8100,2020-06-01,1454831
8100,2020-07-01,3429514
8100,2020-08-01,3279916
8100,2020-09-01,2685206
8100,2020-10-01,2068731
8100,2020-11-01,896433
8100,2020-12-01,1413580
8100,2021-01-01,1273190
8100,2021-02-01,2015435
8100,2021-03-01,1878469
8100,2021-04-01,1998179
8100,2021-05-01,2027884
8100,2021-06-01,2282949
8100,2021-07-01,3648287
8100,2021-08-01,4176588
8100,2021-09-01,3298707
8100,2021-10-01,2893907
8100,2021-11-01,1745936
8100,2021-12-01,2319318
8100,2022-01-01,2204984
8100,2022-02-01,2892697
8100,2022-03-01,3053960
8100,2022-04-01,2523861
8100,2022-05-01,2820085
8100,2022-06-01,3608503
8100,2022-07-01,4515171
8100,2022-08-01,4514339
8100,2022-09-01,3779348
8100,2022-10-01,3238618
8100,2022-11-01,2110564
8100,2022-12-01,2979015
8100,2023-01-01,3002552
8100,2023-02-01,3322703
8100,2023-03-01,3203193
8100,2023-04-01,2869696
8100,2023-05-01,3221189
8100,2023-06-01,3971449
8100,2023-07-01,4751375
8100,2023-08-01,4640759
8100,2023-09-01,4076775
8100,2023-10-01,3325170
8100,2023-11-01,2255803
8100,2023-12-01,3118419
8100,2024-01-01,3079970
8100,2024-02-01,3456920
8100,2024-03-01,3337563
8100,2024-04-01,2776614
8100,2024-05-01,3403357
8100,2024-06-01,4077716
8100,2024-07-01,4778877
8100,2024-08-01,4819936
8100,2024-09-01,4033138
8100,2024-10-01,3337688
8100,2024-11-01,2391447
8100,2024-12-01,3337362
8100,2025-01-01,3198449
8100,2025-02-01,3357762
8100,2025-03-01,3359078
8100,2025-04-01,2907357
8100,2025-05-01,3476654
8100,2025-06-01,4164932
8100,2025-07-01,4936565
8100,2025-08-01,4985072
8100,2025-09-01,4125616
8100,2025-10-01,3479713
8100,2025-11-01,2375671
8100,2025-12-01,3563277
8100,2026-01-01,3283046
8100,2026-02-01,3454638
8100,2026-03-01,3182870
8100,2026-04-01,2890037
8100,2026-05-01,3438648
9,2005-01-01,160541
9,2005-02-01,195174
9,2005-03-01,202570
9,2005-04-01,162172
9,2005-05-01,179652
9,2005-06-01,229525
9,2005-07-01,273385
9,2005-08-01,266238
9,2005-09-01,216597
9,2005-10-01,176718
9,2005-11-01,137264
9,2005-12-01,140260
9,2006-01-01,168501
9,2006-02-01,206085
9,2006-03-01,197898
9,2006-04-01,176228
9,2006-05-01,203417
9,2006-06-01,232330
9,2006-07-01,276952
9,2006-08-01,261398
9,2006-09-01,241777
9,2006-10-01,192463
9,2006-11-01,146202
9,2006-12-01,149669
9,2007-01-01,165053
9,2007-02-01,189069
9,2007-03-01,220359
9,2007-04-01,185375
9,2007-05-01,197800
9,2007-06-01,241512
9,2007-07-01,300421
9,2007-08-01,292782
9,2007-09-01,241680
9,2007-10-01,189081
9,2007-11-01,151956
9,2007-12-01,159918
9,2008-01-01,183594
9,2008-02-01,218633
9,2008-03-01,221722
9,2008-04-01,194284
9,2008-05-01,233443
9,2008-06-01,241718
9,2008-07-01,306980
9,2008-08-01,292760
9,2008-09-01,233411
9,2008-10-01,195397
9,2008-11-01,149314
9,2008-12-01,165279
9,2009-01-01,173708
9,2009-02-01,198449
9,2009-03-01,200219
9,2009-04-01,173109
9,2009-05-01,201111
9,2009-06-01,230054
9,2009-07-01,291789
9,2009-08-01,283070
9,2009-09-01,240740
9,2009-10-01,185709
9,2009-11-01,150194
9,2009-12-01,161497
9,2010-01-01,171068
9,2010-02-01,197498
9,2010-03-01,213038
9,2010-04-01,174721
9,2010-05-01,217187
9,2010-06-01,251763
9,2010-07-01,310282
9,2010-08-01,284002
9,2010-09-01,251438
9,2010-10-01,209979
9,2010-11-01,164629
9,2010-12-01,161129
9,2011-01-01,180156
9,2011-02-01,198108
9,2011-03-01,212532
9,2011-04-01,186922
9,2011-05-01,219971
9,2011-06-01,261962
9,2011-07-01,311778
9,2011-08-01,262189
9,2011-09-01,229407
9,2011-10-01,185915
9,2011-11-01,156548
9,2011-12-01,158661
9,2012-01-01,178081
9,2012-02-01,198173
9,2012-03-01,214401
9,2012-04-01,167514
9,2012-05-01,212765
9,2012-06-01,241353
9,2012-07-01,259324
9,2012-08-01,239983
9,2012-09-01,234893
9,2012-10-01,186389
9,2012-11-01,157428
9,2012-12-01,164705
9,2013-01-01,177373
9,2013-02-01,196574
9,2013-03-01,230203
9,2013-04-01,183694
9,2013-05-01,227610
9,2013-06-01,260728
9,2013-07-01,276721
9,2013-08-01,275420
9,2013-09-01,243289
9,2013-10-01,195673
9,2013-11-01,164982
9,2013-12-01,170236
9,2014-01-01,180479
9,2014-02-01,198256
9,2014-03-01,227739
9,2014-04-01,186987
9,2014-05-01,228868
9,2014-06-01,249412
9,2014-07-01,285339
9,2014-08-01,297332
9,2014-09-01,253088
9,2014-10-01,206074
9,2014-11-01,168145
9,2014-12-01,173977
9,2015-01-01,176710
9,2015-02-01,198004
9,2015-03-01,225258
9,2015-04-01,183394
9,2015-05-01,228415
9,2015-06-01,256216
9,2015-07-01,299351
9,2015-08-01,301949
9,2015-09-01,249756
9,2015-10-01,202889
9,2015-11-01,171797
9,2015-12-01,180521
9,2016-01-01,182917
9,2016-02-01,216096
9,2016-03-01,226453
9,2016-04-01,204714
9,2016-05-01,235120
9,2016-06-01,261187
9,2016-07-01,314838
9,2016-08-01,298891
9,2016-09-01,270842
9,2016-10-01,219687
9,2016-11-01,183000
9,2016-12-01,181822
9,2017-01-01,188801
9,2017-02-01,213603
9,2017-03-01,236561
9,2017-04-01,209188
9,2017-05-01,252169
9,2017-06-01,276864
9,2017-07-01,318405
9,2017-08-01,302769
9,2017-09-01,286874
9,2017-10-01,229102
9,2017-11-01,186900
9,2017-12-01,188340
9,2018-01-01,199324
9,2018-02-01,206466
9,2018-03-01,243101
9,2018-04-01,210736
9,2018-05-01,249458
9,2018-06-01,279264
9,2018-07-01,315044
9,2018-08-01,322489
9,2018-09-01,278629
9,2018-10-01,230820
9,2018-11-01,180585
9,2018-12-01,196647
9,2019-01-01,186643
9,2019-02-01,191240
9,2019-03-01,226651
9,2019-04-01,220434
9,2019-05-01,264219
9,2019-06-01,305170
9,2019-07-01,340161
9,2019-08-01,329276
9,2019-09-01,280191
9,2019-10-01,233400
9,2019-11-01,185024
9,2019-12-01,196947
9,2020-01-01,205796
9,2020-02-01,204132
9,2020-03-01,80573
9,2020-04-01,13558
9,2020-05-01,47945
9,2020-06-01,94861
9,2020-07-01,235295
9,2020-08-01,233536
9,2020-09-01,160194
9,2020-10-01,116651
9,2020-11-01,51212
9,2020-12-01,87108
9,2021-01-01,80009
9,2021-02-01,97010
9,2021-03-01,93205
9,2021-04-01,150951
9,2021-05-01,179509
9,2021-06-01,174141
9,2021-07-01,255001
9,2021-08-01,285958
9,2021-09-01,237604
9,2021-10-01,218620
9,2021-11-01,155764
9,2021-12-01,158070
9,2022-01-01,123466
9,2022-02-01,163158
9,2022-03-01,189282
9,2022-04-01,193180
9,2022-05-01,235446
9,2022-06-01,276406
9,2022-07-01,310786
9,2022-08-01,305959
9,2022-09-01,269198
9,2022-10-01,231255
9,2022-11-01,183929
9,2022-12-01,197992
9,2023-01-01,172939
9,2023-02-01,195888
9,2023-03-01,207812
9,2023-04-01,203722
9,2023-05-01,267545
9,2023-06-01,292741
9,2023-07-01,340323
9,2023-08-01,314725
9,2023-09-01,287908
9,2023-10-01,228597
9,2023-11-01,185620
9,2023-12-01,213295
9,2024-01-01,169158
9,2024-02-01,197038
9,2024-03-01,206783
9,2024-04-01,203396
9,2024-05-01,272351
9,2024-06-01,302739
9,2024-07-01,337032
9,2024-08-01,322167
9,2024-09-01,281454
9,2024-10-01,229155
9,2024-11-01,199091
9,2024-12-01,224338
9,2025-01-01,184591
9,2025-02-01,212987
9,2025-03-01,207352
9,2025-04-01,215941
9,2025-05-01,284410
9,2025-06-01,324306
9,2025-07-01,354235
9,2025-08-01,346505
9,2025-09-01,300221
9,2025-10-01,238994
9,2025-11-01,197008
9,2025-12-01,247658
9,2026-01-01,188290
9,2026-02-01,201423
9,2026-03-01,204189
9,2026-04-01,222610
9,2026-05-01,281541
