fuel,date,value
DC,2005-01-01,5303
DC,2005-02-01,4901
DC,2005-03-01,7105
DC,2005-04-01,7262
DC,2005-05-01,6316
DC,2005-06-01,7136
DC,2005-07-01,5940
DC,2005-08-01,4808
DC,2005-09-01,6041
DC,2005-10-01,6275
DC,2005-11-01,6133
DC,2005-12-01,6733
DC,2006-01-01,5776
DC,2006-02-01,5134
DC,2006-03-01,7392
DC,2006-04-01,6309
DC,2006-05-01,7594
DC,2006-06-01,8102
DC,2006-07-01,6672
DC,2006-08-01,5225
DC,2006-09-01,5845
DC,2006-10-01,6784
DC,2006-11-01,7003
DC,2006-12-01,7108
DC,2007-01-01,5655
DC,2007-02-01,5824
DC,2007-03-01,7671
DC,2007-04-01,7174
DC,2007-05-01,8103
DC,2007-06-01,9715
DC,2007-07-01,8441
DC,2007-08-01,6791
DC,2007-09-01,6583
DC,2007-10-01,8154
DC,2007-11-01,8275
DC,2007-12-01,8295
DC,2008-01-01,7611
DC,2008-02-01,7240
DC,2008-03-01,7494
DC,2008-04-01,8812
DC,2008-05-01,8520
DC,2008-06-01,9066
DC,2008-07-01,8316
DC,2008-08-01,5786
DC,2008-09-01,6675
DC,2008-10-01,7661
DC,2008-11-01,6714
DC,2008-12-01,7994
DC,2009-01-01,5755
DC,2009-02-01,5323
DC,2009-03-01,6744
DC,2009-04-01,6906
DC,2009-05-01,6199
DC,2009-06-01,7610
DC,2009-07-01,7018
DC,2009-08-01,4931
DC,2009-09-01,6019
DC,2009-10-01,6675
DC,2009-11-01,6459
DC,2009-12-01,7697
DC,2010-01-01,6028
DC,2010-02-01,5664
DC,2010-03-01,7900
DC,2010-04-01,6870
DC,2010-05-01,6803
DC,2010-06-01,8805
DC,2010-07-01,7643
DC,2010-08-01,5906
DC,2010-09-01,6762
DC,2010-10-01,7873
DC,2010-11-01,8200
DC,2010-12-01,9557
DC,2011-01-01,7002
DC,2011-02-01,7133
DC,2011-03-01,9197
DC,2011-04-01,8234
DC,2011-05-01,9568
DC,2011-06-01,8868
DC,2011-07-01,8313
DC,2011-08-01,7002
DC,2011-09-01,8238
DC,2011-10-01,8756
DC,2011-11-01,9976
DC,2011-12-01,10877
DC,2012-01-01,9009
DC,2012-02-01,8446
DC,2012-03-01,10891
DC,2012-04-01,9802
DC,2012-05-01,10503
DC,2012-06-01,13582
DC,2012-07-01,8641
DC,2012-08-01,8186
DC,2012-09-01,7990
DC,2012-10-01,10077
DC,2012-11-01,10137
DC,2012-12-01,10996
DC,2013-01-01,8409
DC,2013-02-01,8462
DC,2013-03-01,9987
DC,2013-04-01,9870
DC,2013-05-01,9707
DC,2013-06-01,10262
DC,2013-07-01,9549
DC,2013-08-01,7319
DC,2013-09-01,8125
DC,2013-10-01,9353
DC,2013-11-01,9058
DC,2013-12-01,11162
DC,2014-01-01,7858
DC,2014-02-01,8303
DC,2014-03-01,9218
DC,2014-04-01,9730
DC,2014-05-01,9183
DC,2014-06-01,10015
DC,2014-07-01,9829
DC,2014-08-01,6839
DC,2014-09-01,7692
DC,2014-10-01,9504
DC,2014-11-01,9136
DC,2014-12-01,12333
DC,2015-01-01,7440
DC,2015-02-01,8691
DC,2015-03-01,11443
DC,2015-04-01,10213
DC,2015-05-01,9946
DC,2015-06-01,12291
DC,2015-07-01,11448
DC,2015-08-01,8980
DC,2015-09-01,9311
DC,2015-10-01,9972
DC,2015-11-01,10802
DC,2015-12-01,13572
DC,2016-01-01,8499
DC,2016-02-01,8963
DC,2016-03-01,10565
DC,2016-04-01,11005
DC,2016-05-01,10023
DC,2016-06-01,12220
DC,2016-07-01,10353
DC,2016-08-01,8442
DC,2016-09-01,9768
DC,2016-10-01,8930
DC,2016-11-01,10249
DC,2016-12-01,13267
DC,2017-01-01,7941
DC,2017-02-01,8794
DC,2017-03-01,10689
DC,2017-04-01,9334
DC,2017-05-01,10082
DC,2017-06-01,11947
DC,2017-07-01,9091
DC,2017-08-01,7755
DC,2017-09-01,8202
DC,2017-10-01,8196
DC,2017-11-01,8410
DC,2017-12-01,11033
DC,2018-01-01,7406
DC,2018-02-01,6938
DC,2018-03-01,8124
DC,2018-04-01,7375
DC,2018-05-01,8158
DC,2018-06-01,9276
DC,2018-07-01,7465
DC,2018-08-01,6044
DC,2018-09-01,5853
DC,2018-10-01,5944
DC,2018-11-01,7062
DC,2018-12-01,8685
DC,2019-01-01,6627
DC,2019-02-01,6473
DC,2019-03-01,7096
DC,2019-04-01,7331
DC,2019-05-01,7409
DC,2019-06-01,7466
DC,2019-07-01,6369
DC,2019-08-01,4741
DC,2019-09-01,5266
DC,2019-10-01,6142
DC,2019-11-01,5648
DC,2019-12-01,7580
DC,2020-01-01,4804
DC,2020-02-01,4713
DC,2020-03-01,4018
DC,2020-04-01,2248
DC,2020-05-01,2738
DC,2020-06-01,5193
DC,2020-07-01,5649
DC,2020-08-01,3536
DC,2020-09-01,3961
DC,2020-10-01,4081
DC,2020-11-01,4814
DC,2020-12-01,5173
DC,2021-01-01,2824
DC,2021-02-01,2621
DC,2021-03-01,3865
DC,2021-04-01,3248
DC,2021-05-01,3167
DC,2021-06-01,3437
DC,2021-07-01,2569
DC,2021-08-01,1897
DC,2021-09-01,1925
DC,2021-10-01,1503
DC,2021-11-01,1970
DC,2021-12-01,2986
DC,2022-01-01,2034
DC,2022-02-01,2115
DC,2022-03-01,2191
DC,2022-04-01,1889
DC,2022-05-01,2479
DC,2022-06-01,2424
DC,2022-07-01,1934
DC,2022-08-01,2025
DC,2022-09-01,2342
DC,2022-10-01,1832
DC,2022-11-01,2154
DC,2022-12-01,2283
DC,2023-01-01,1631
DC,2023-02-01,1596
DC,2023-03-01,2320
DC,2023-04-01,1606
DC,2023-05-01,2155
DC,2023-06-01,2426
DC,2023-07-01,1943
DC,2023-08-01,1760
DC,2023-09-01,1794
DC,2023-10-01,1727
DC,2023-11-01,1969
DC,2023-12-01,2249
DC,2024-01-01,1695
DC,2024-02-01,1704
DC,2024-03-01,2043
DC,2024-04-01,1998
DC,2024-05-01,2401
DC,2024-06-01,2247
DC,2024-07-01,1824
DC,2024-08-01,1402
DC,2024-09-01,1660
DC,2024-10-01,1559
DC,2024-11-01,1476
DC,2024-12-01,2196
DC,2025-01-01,1230
DC,2025-02-01,1261
DC,2025-03-01,1611
DC,2025-04-01,1332
DC,2025-05-01,1381
DC,2025-06-01,1484
DC,2025-07-01,1394
DC,2025-08-01,1097
DC,2025-09-01,1127
DC,2025-10-01,1178
DC,2025-11-01,1234
DC,2025-12-01,1367
DC,2026-01-01,896
DC,2026-02-01,926
DC,2026-03-01,1211
DC,2026-04-01,983
DC,2026-05-01,1009
DC,2026-06-01,1505
DC,2026-07-01,1155
DH,2005-01-01,0
DH,2005-02-01,0
DH,2005-03-01,0
DH,2005-04-01,0
DH,2005-05-01,0
DH,2005-06-01,0
DH,2005-07-01,0
DH,2005-08-01,0
DH,2005-09-01,0
DH,2005-10-01,0
DH,2005-11-01,0
DH,2005-12-01,0
DH,2006-01-01,0
DH,2006-02-01,0
DH,2006-03-01,0
DH,2006-04-01,0
DH,2006-05-01,0
DH,2006-06-01,0
DH,2006-07-01,0
DH,2006-08-01,0
DH,2006-09-01,0
DH,2006-10-01,0
DH,2006-11-01,0
DH,2006-12-01,0
DH,2007-01-01,0
DH,2007-02-01,0
DH,2007-03-01,0
DH,2007-04-01,0
DH,2007-05-01,0
DH,2007-06-01,0
DH,2007-07-01,0
DH,2007-08-01,0
DH,2007-09-01,0
DH,2007-10-01,0
DH,2007-11-01,0
DH,2007-12-01,0
DH,2008-01-01,0
DH,2008-02-01,0
DH,2008-03-01,0
DH,2008-04-01,0
DH,2008-05-01,0
DH,2008-06-01,0
DH,2008-07-01,0
DH,2008-08-01,0
DH,2008-09-01,0
DH,2008-10-01,1
DH,2008-11-01,0
DH,2008-12-01,0
DH,2009-01-01,0
DH,2009-02-01,0
DH,2009-03-01,0
DH,2009-04-01,1
DH,2009-05-01,0
DH,2009-06-01,0
DH,2009-07-01,0
DH,2009-08-01,0
DH,2009-09-01,0
DH,2009-10-01,0
DH,2009-11-01,0
DH,2009-12-01,0
DH,2010-01-01,0
DH,2010-02-01,0
DH,2010-03-01,0
DH,2010-04-01,0
DH,2010-05-01,0
DH,2010-06-01,0
DH,2010-07-01,0
DH,2010-08-01,0
DH,2010-09-01,0
DH,2010-10-01,0
DH,2010-11-01,2
DH,2010-12-01,0
DH,2011-01-01,0
DH,2011-02-01,1
DH,2011-03-01,0
DH,2011-04-01,0
DH,2011-05-01,0
DH,2011-06-01,0
DH,2011-07-01,0
DH,2011-08-01,0
DH,2011-09-01,0
DH,2011-10-01,1
DH,2011-11-01,8
DH,2011-12-01,4
DH,2012-01-01,3
DH,2012-02-01,12
DH,2012-03-01,78
DH,2012-04-01,66
DH,2012-05-01,99
DH,2012-06-01,116
DH,2012-07-01,120
DH,2012-08-01,148
DH,2012-09-01,87
DH,2012-10-01,99
DH,2012-11-01,83
DH,2012-12-01,44
DH,2013-01-01,63
DH,2013-02-01,57
DH,2013-03-01,67
DH,2013-04-01,65
DH,2013-05-01,60
DH,2013-06-01,58
DH,2013-07-01,105
DH,2013-08-01,44
DH,2013-09-01,52
DH,2013-10-01,42
DH,2013-11-01,40
DH,2013-12-01,34
DH,2014-01-01,48
DH,2014-02-01,47
DH,2014-03-01,42
DH,2014-04-01,56
DH,2014-05-01,43
DH,2014-06-01,35
DH,2014-07-01,24
DH,2014-08-01,21
DH,2014-09-01,46
DH,2014-10-01,51
DH,2014-11-01,43
DH,2014-12-01,55
DH,2015-01-01,47
DH,2015-02-01,32
DH,2015-03-01,61
DH,2015-04-01,83
DH,2015-05-01,92
DH,2015-06-01,86
DH,2015-07-01,106
DH,2015-08-01,47
DH,2015-09-01,63
DH,2015-10-01,76
DH,2015-11-01,55
DH,2015-12-01,75
DH,2016-01-01,52
DH,2016-02-01,62
DH,2016-03-01,60
DH,2016-04-01,66
DH,2016-05-01,50
DH,2016-06-01,48
DH,2016-07-01,36
DH,2016-08-01,19
DH,2016-09-01,34
DH,2016-10-01,24
DH,2016-11-01,19
DH,2016-12-01,17
DH,2017-01-01,9
DH,2017-02-01,17
DH,2017-03-01,7
DH,2017-04-01,5
DH,2017-05-01,20
DH,2017-06-01,15
DH,2017-07-01,7
DH,2017-08-01,12
DH,2017-09-01,13
DH,2017-10-01,10
DH,2017-11-01,44
DH,2017-12-01,17
DH,2018-01-01,9
DH,2018-02-01,7
DH,2018-03-01,25
DH,2018-04-01,29
DH,2018-05-01,7
DH,2018-06-01,12
DH,2018-07-01,55
DH,2018-08-01,87
DH,2018-09-01,92
DH,2018-10-01,123
DH,2018-11-01,140
DH,2018-12-01,208
DH,2019-01-01,171
DH,2019-02-01,106
DH,2019-03-01,176
DH,2019-04-01,114
DH,2019-05-01,195
DH,2019-06-01,290
DH,2019-07-01,454
DH,2019-08-01,292
DH,2019-09-01,421
DH,2019-10-01,483
DH,2019-11-01,411
DH,2019-12-01,637
DH,2020-01-01,402
DH,2020-02-01,328
DH,2020-03-01,320
DH,2020-04-01,158
DH,2020-05-01,215
DH,2020-06-01,452
DH,2020-07-01,468
DH,2020-08-01,347
DH,2020-09-01,433
DH,2020-10-01,641
DH,2020-11-01,682
DH,2020-12-01,836
DH,2021-01-01,619
DH,2021-02-01,615
DH,2021-03-01,1053
DH,2021-04-01,908
DH,2021-05-01,774
DH,2021-06-01,1034
DH,2021-07-01,864
DH,2021-08-01,690
DH,2021-09-01,814
DH,2021-10-01,554
DH,2021-11-01,757
DH,2021-12-01,849
DH,2022-01-01,662
DH,2022-02-01,711
DH,2022-03-01,857
DH,2022-04-01,668
DH,2022-05-01,910
DH,2022-06-01,831
DH,2022-07-01,768
DH,2022-08-01,876
DH,2022-09-01,907
DH,2022-10-01,913
DH,2022-11-01,1158
DH,2022-12-01,1411
DH,2023-01-01,946
DH,2023-02-01,932
DH,2023-03-01,1318
DH,2023-04-01,940
DH,2023-05-01,993
DH,2023-06-01,1070
DH,2023-07-01,802
DH,2023-08-01,906
DH,2023-09-01,1149
DH,2023-10-01,916
DH,2023-11-01,1112
DH,2023-12-01,1218
DH,2024-01-01,826
DH,2024-02-01,793
DH,2024-03-01,1032
DH,2024-04-01,1007
DH,2024-05-01,1111
DH,2024-06-01,1153
DH,2024-07-01,979
DH,2024-08-01,914
DH,2024-09-01,1240
DH,2024-10-01,1055
DH,2024-11-01,1083
DH,2024-12-01,1264
DH,2025-01-01,922
DH,2025-02-01,691
DH,2025-03-01,985
DH,2025-04-01,978
DH,2025-05-01,939
DH,2025-06-01,969
DH,2025-07-01,770
DH,2025-08-01,757
DH,2025-09-01,835
DH,2025-10-01,778
DH,2025-11-01,756
DH,2025-12-01,1061
DH,2026-01-01,775
DH,2026-02-01,702
DH,2026-03-01,1027
DH,2026-04-01,715
DH,2026-05-01,847
DH,2026-06-01,1065
DH,2026-07-01,740
EL,2005-01-01,0
EL,2005-02-01,3
EL,2005-03-01,0
EL,2005-04-01,2
EL,2005-05-01,0
EL,2005-06-01,1
EL,2005-07-01,0
EL,2005-08-01,1
EL,2005-09-01,0
EL,2005-10-01,0
EL,2005-11-01,1
EL,2005-12-01,4
EL,2006-01-01,1
EL,2006-02-01,0
EL,2006-03-01,1
EL,2006-04-01,0
EL,2006-05-01,1
EL,2006-06-01,0
EL,2006-07-01,0
EL,2006-08-01,0
EL,2006-09-01,1
EL,2006-10-01,0
EL,2006-11-01,0
EL,2006-12-01,2
EL,2007-01-01,1
EL,2007-02-01,3
EL,2007-03-01,2
EL,2007-04-01,0
EL,2007-05-01,1
EL,2007-06-01,0
EL,2007-07-01,1
EL,2007-08-01,1
EL,2007-09-01,0
EL,2007-10-01,1
EL,2007-11-01,4
EL,2007-12-01,5
EL,2008-01-01,2
EL,2008-02-01,2
EL,2008-03-01,2
EL,2008-04-01,0
EL,2008-05-01,2
EL,2008-06-01,2
EL,2008-07-01,1
EL,2008-08-01,1
EL,2008-09-01,0
EL,2008-10-01,1
EL,2008-11-01,1
EL,2008-12-01,7
EL,2009-01-01,1
EL,2009-02-01,2
EL,2009-03-01,1
EL,2009-04-01,2
EL,2009-05-01,1
EL,2009-06-01,2
EL,2009-07-01,5
EL,2009-08-01,2
EL,2009-09-01,3
EL,2009-10-01,18
EL,2009-11-01,6
EL,2009-12-01,6
EL,2010-01-01,7
EL,2010-02-01,6
EL,2010-03-01,9
EL,2010-04-01,6
EL,2010-05-01,5
EL,2010-06-01,65
EL,2010-07-01,13
EL,2010-08-01,19
EL,2010-09-01,9
EL,2010-10-01,15
EL,2010-11-01,15
EL,2010-12-01,26
EL,2011-01-01,38
EL,2011-02-01,32
EL,2011-03-01,66
EL,2011-04-01,39
EL,2011-05-01,39
EL,2011-06-01,39
EL,2011-07-01,26
EL,2011-08-01,23
EL,2011-09-01,49
EL,2011-10-01,14
EL,2011-11-01,53
EL,2011-12-01,27
EL,2012-01-01,37
EL,2012-02-01,21
EL,2012-03-01,57
EL,2012-04-01,34
EL,2012-05-01,26
EL,2012-06-01,27
EL,2012-07-01,38
EL,2012-08-01,28
EL,2012-09-01,69
EL,2012-10-01,66
EL,2012-11-01,37
EL,2012-12-01,77
EL,2013-01-01,54
EL,2013-02-01,25
EL,2013-03-01,57
EL,2013-04-01,27
EL,2013-05-01,30
EL,2013-06-01,156
EL,2013-07-01,90
EL,2013-08-01,103
EL,2013-09-01,114
EL,2013-10-01,104
EL,2013-11-01,146
EL,2013-12-01,252
EL,2014-01-01,79
EL,2014-02-01,54
EL,2014-03-01,217
EL,2014-04-01,122
EL,2014-05-01,142
EL,2014-06-01,156
EL,2014-07-01,150
EL,2014-08-01,104
EL,2014-09-01,121
EL,2014-10-01,113
EL,2014-11-01,137
EL,2014-12-01,244
EL,2015-01-01,132
EL,2015-02-01,93
EL,2015-03-01,326
EL,2015-04-01,315
EL,2015-05-01,242
EL,2015-06-01,426
EL,2015-07-01,308
EL,2015-08-01,238
EL,2015-09-01,274
EL,2015-10-01,227
EL,2015-11-01,273
EL,2015-12-01,355
EL,2016-01-01,229
EL,2016-02-01,137
EL,2016-03-01,406
EL,2016-04-01,217
EL,2016-05-01,168
EL,2016-06-01,348
EL,2016-07-01,128
EL,2016-08-01,256
EL,2016-09-01,444
EL,2016-10-01,197
EL,2016-11-01,170
EL,2016-12-01,533
EL,2017-01-01,298
EL,2017-02-01,194
EL,2017-03-01,550
EL,2017-04-01,217
EL,2017-05-01,250
EL,2017-06-01,480
EL,2017-07-01,249
EL,2017-08-01,319
EL,2017-09-01,539
EL,2017-10-01,349
EL,2017-11-01,703
EL,2017-12-01,534
EL,2018-01-01,245
EL,2018-02-01,399
EL,2018-03-01,656
EL,2018-04-01,274
EL,2018-05-01,242
EL,2018-06-01,560
EL,2018-07-01,224
EL,2018-08-01,311
EL,2018-09-01,527
EL,2018-10-01,402
EL,2018-11-01,463
EL,2018-12-01,742
EL,2019-01-01,433
EL,2019-02-01,736
EL,2019-03-01,1893
EL,2019-04-01,1038
EL,2019-05-01,672
EL,2019-06-01,1133
EL,2019-07-01,679
EL,2019-08-01,616
EL,2019-09-01,1571
EL,2019-10-01,659
EL,2019-11-01,782
EL,2019-12-01,2808
EL,2020-01-01,773
EL,2020-02-01,776
EL,2020-03-01,1571
EL,2020-04-01,490
EL,2020-05-01,679
EL,2020-06-01,1347
EL,2020-07-01,969
EL,2020-08-01,1599
EL,2020-09-01,2836
EL,2020-10-01,1474
EL,2020-11-01,2175
EL,2020-12-01,4584
EL,2021-01-01,1037
EL,2021-02-01,1375
EL,2021-03-01,2294
EL,2021-04-01,1944
EL,2021-05-01,1903
EL,2021-06-01,3643
EL,2021-07-01,1811
EL,2021-08-01,2224
EL,2021-09-01,3983
EL,2021-10-01,2162
EL,2021-11-01,3557
EL,2021-12-01,5534
EL,2022-01-01,2134
EL,2022-02-01,2420
EL,2022-03-01,4201
EL,2022-04-01,2067
EL,2022-05-01,2603
EL,2022-06-01,4400
EL,2022-07-01,1956
EL,2022-08-01,2278
EL,2022-09-01,4173
EL,2022-10-01,2416
EL,2022-11-01,4316
EL,2022-12-01,6802
EL,2023-01-01,2824
EL,2023-02-01,2579
EL,2023-03-01,4770
EL,2023-04-01,3343
EL,2023-05-01,4302
EL,2023-06-01,5117
EL,2023-07-01,3563
EL,2023-08-01,4259
EL,2023-09-01,5106
EL,2023-10-01,4463
EL,2023-11-01,4629
EL,2023-12-01,7177
EL,2024-01-01,2349
EL,2024-02-01,3270
EL,2024-03-01,4764
EL,2024-04-01,3076
EL,2024-05-01,3510
EL,2024-06-01,4173
EL,2024-07-01,3365
EL,2024-08-01,3395
EL,2024-09-01,4535
EL,2024-10-01,3466
EL,2024-11-01,4140
EL,2024-12-01,5509
EL,2025-01-01,2918
EL,2025-02-01,3381
EL,2025-03-01,4442
EL,2025-04-01,3400
EL,2025-05-01,4155
EL,2025-06-01,4982
EL,2025-07-01,3727
EL,2025-08-01,3255
EL,2025-09-01,5118
EL,2025-10-01,4140
EL,2025-11-01,4748
EL,2025-12-01,8378
EL,2026-01-01,2931
EL,2026-02-01,3065
EL,2026-03-01,5364
EL,2026-04-01,4584
EL,2026-05-01,5071
EL,2026-06-01,6739
EL,2026-07-01,4823
FC,2005-01-01,0
FC,2005-02-01,0
FC,2005-03-01,0
FC,2005-04-01,0
FC,2005-05-01,0
FC,2005-06-01,0
FC,2005-07-01,0
FC,2005-08-01,0
FC,2005-09-01,0
FC,2005-10-01,0
FC,2005-11-01,0
FC,2005-12-01,0
FC,2006-01-01,0
FC,2006-02-01,0
FC,2006-03-01,0
FC,2006-04-01,0
FC,2006-05-01,0
FC,2006-06-01,0
FC,2006-07-01,0
FC,2006-08-01,0
FC,2006-09-01,0
FC,2006-10-01,0
FC,2006-11-01,0
FC,2006-12-01,0
FC,2007-01-01,0
FC,2007-02-01,0
FC,2007-03-01,0
FC,2007-04-01,0
FC,2007-05-01,0
FC,2007-06-01,0
FC,2007-07-01,0
FC,2007-08-01,0
FC,2007-09-01,0
FC,2007-10-01,0
FC,2007-11-01,0
FC,2007-12-01,0
FC,2008-01-01,0
FC,2008-02-01,0
FC,2008-03-01,0
FC,2008-04-01,0
FC,2008-05-01,0
FC,2008-06-01,0
FC,2008-07-01,0
FC,2008-08-01,0
FC,2008-09-01,0
FC,2008-10-01,0
FC,2008-11-01,0
FC,2008-12-01,0
FC,2009-01-01,0
FC,2009-02-01,0
FC,2009-03-01,0
FC,2009-04-01,0
FC,2009-05-01,0
FC,2009-06-01,0
FC,2009-07-01,0
FC,2009-08-01,0
FC,2009-09-01,0
FC,2009-10-01,0
FC,2009-11-01,0
FC,2009-12-01,0
FC,2010-01-01,0
FC,2010-02-01,0
FC,2010-03-01,0
FC,2010-04-01,0
FC,2010-05-01,0
FC,2010-06-01,0
FC,2010-07-01,0
FC,2010-08-01,0
FC,2010-09-01,0
FC,2010-10-01,0
FC,2010-11-01,0
FC,2010-12-01,0
FC,2011-01-01,0
FC,2011-02-01,0
FC,2011-03-01,0
FC,2011-04-01,0
FC,2011-05-01,0
FC,2011-06-01,0
FC,2011-07-01,0
FC,2011-08-01,0
FC,2011-09-01,0
FC,2011-10-01,0
FC,2011-11-01,0
FC,2011-12-01,0
FC,2012-01-01,0
FC,2012-02-01,0
FC,2012-03-01,0
FC,2012-04-01,0
FC,2012-05-01,0
FC,2012-06-01,0
FC,2012-07-01,0
FC,2012-08-01,0
FC,2012-09-01,0
FC,2012-10-01,0
FC,2012-11-01,0
FC,2012-12-01,0
FC,2013-01-01,0
FC,2013-02-01,0
FC,2013-03-01,0
FC,2013-04-01,0
FC,2013-05-01,0
FC,2013-06-01,0
FC,2013-07-01,0
FC,2013-08-01,0
FC,2013-09-01,0
FC,2013-10-01,0
FC,2013-11-01,0
FC,2013-12-01,0
FC,2014-01-01,0
FC,2014-02-01,0
FC,2014-03-01,0
FC,2014-04-01,0
FC,2014-05-01,0
FC,2014-06-01,0
FC,2014-07-01,0
FC,2014-08-01,0
FC,2014-09-01,0
FC,2014-10-01,0
FC,2014-11-01,0
FC,2014-12-01,0
FC,2015-01-01,0
FC,2015-02-01,0
FC,2015-03-01,0
FC,2015-04-01,0
FC,2015-05-01,0
FC,2015-06-01,0
FC,2015-07-01,0
FC,2015-08-01,0
FC,2015-09-01,0
FC,2015-10-01,3
FC,2015-11-01,1
FC,2015-12-01,11
FC,2016-01-01,0
FC,2016-02-01,0
FC,2016-03-01,0
FC,2016-04-01,0
FC,2016-05-01,0
FC,2016-06-01,0
FC,2016-07-01,0
FC,2016-08-01,0
FC,2016-09-01,0
FC,2016-10-01,10
FC,2016-11-01,0
FC,2016-12-01,0
FC,2017-01-01,0
FC,2017-02-01,0
FC,2017-03-01,0
FC,2017-04-01,0
FC,2017-05-01,0
FC,2017-06-01,0
FC,2017-07-01,1
FC,2017-08-01,0
FC,2017-09-01,0
FC,2017-10-01,0
FC,2017-11-01,0
FC,2017-12-01,1
FC,2018-01-01,20
FC,2018-02-01,0
FC,2018-03-01,0
FC,2018-04-01,2
FC,2018-05-01,1
FC,2018-06-01,1
FC,2018-07-01,0
FC,2018-08-01,0
FC,2018-09-01,1
FC,2018-10-01,0
FC,2018-11-01,1
FC,2018-12-01,3
FC,2019-01-01,0
FC,2019-02-01,0
FC,2019-03-01,1
FC,2019-04-01,0
FC,2019-05-01,1
FC,2019-06-01,3
FC,2019-07-01,2
FC,2019-08-01,2
FC,2019-09-01,4
FC,2019-10-01,4
FC,2019-11-01,0
FC,2019-12-01,0
FC,2020-01-01,10
FC,2020-02-01,5
FC,2020-03-01,1
FC,2020-04-01,1
FC,2020-05-01,2
FC,2020-06-01,0
FC,2020-07-01,4
FC,2020-08-01,5
FC,2020-09-01,3
FC,2020-10-01,4
FC,2020-11-01,3
FC,2020-12-01,4
FC,2021-01-01,2
FC,2021-02-01,3
FC,2021-03-01,10
FC,2021-04-01,5
FC,2021-05-01,2
FC,2021-06-01,9
FC,2021-07-01,9
FC,2021-08-01,11
FC,2021-09-01,5
FC,2021-10-01,3
FC,2021-11-01,3
FC,2021-12-01,4
FC,2022-01-01,8
FC,2022-02-01,4
FC,2022-03-01,6
FC,2022-04-01,9
FC,2022-05-01,10
FC,2022-06-01,10
FC,2022-07-01,10
FC,2022-08-01,5
FC,2022-09-01,4
FC,2022-10-01,1
FC,2022-11-01,0
FC,2022-12-01,5
FC,2023-01-01,7
FC,2023-02-01,3
FC,2023-03-01,7
FC,2023-04-01,2
FC,2023-05-01,1
FC,2023-06-01,1
FC,2023-07-01,2
FC,2023-08-01,1
FC,2023-09-01,0
FC,2023-10-01,1
FC,2023-11-01,1
FC,2023-12-01,1
FC,2024-01-01,6
FC,2024-02-01,1
FC,2024-03-01,0
FC,2024-04-01,1
FC,2024-05-01,0
FC,2024-06-01,0
FC,2024-07-01,1
FC,2024-08-01,0
FC,2024-09-01,1
FC,2024-10-01,0
FC,2024-11-01,1
FC,2024-12-01,1
FC,2025-01-01,1
FC,2025-02-01,1
FC,2025-03-01,0
FC,2025-04-01,1
FC,2025-05-01,0
FC,2025-06-01,0
FC,2025-07-01,0
FC,2025-08-01,0
FC,2025-09-01,0
FC,2025-10-01,1
FC,2025-11-01,0
FC,2025-12-01,0
FC,2026-01-01,0
FC,2026-02-01,0
FC,2026-03-01,0
FC,2026-04-01,1
FC,2026-05-01,0
FC,2026-06-01,0
FC,2026-07-01,0
GA,2005-01-01,33
GA,2005-02-01,42
GA,2005-03-01,42
GA,2005-04-01,46
GA,2005-05-01,41
GA,2005-06-01,33
GA,2005-07-01,28
GA,2005-08-01,23
GA,2005-09-01,30
GA,2005-10-01,32
GA,2005-11-01,37
GA,2005-12-01,55
GA,2006-01-01,60
GA,2006-02-01,52
GA,2006-03-01,85
GA,2006-04-01,55
GA,2006-05-01,56
GA,2006-06-01,98
GA,2006-07-01,127
GA,2006-08-01,75
GA,2006-09-01,64
GA,2006-10-01,184
GA,2006-11-01,142
GA,2006-12-01,74
GA,2007-01-01,160
GA,2007-02-01,119
GA,2007-03-01,126
GA,2007-04-01,103
GA,2007-05-01,158
GA,2007-06-01,242
GA,2007-07-01,122
GA,2007-08-01,109
GA,2007-09-01,127
GA,2007-10-01,143
GA,2007-11-01,123
GA,2007-12-01,93
GA,2008-01-01,89
GA,2008-02-01,93
GA,2008-03-01,81
GA,2008-04-01,92
GA,2008-05-01,78
GA,2008-06-01,116
GA,2008-07-01,90
GA,2008-08-01,94
GA,2008-09-01,96
GA,2008-10-01,114
GA,2008-11-01,82
GA,2008-12-01,102
GA,2009-01-01,80
GA,2009-02-01,57
GA,2009-03-01,78
GA,2009-04-01,98
GA,2009-05-01,94
GA,2009-06-01,127
GA,2009-07-01,90
GA,2009-08-01,84
GA,2009-09-01,105
GA,2009-10-01,99
GA,2009-11-01,73
GA,2009-12-01,71
GA,2010-01-01,76
GA,2010-02-01,52
GA,2010-03-01,104
GA,2010-04-01,48
GA,2010-05-01,70
GA,2010-06-01,62
GA,2010-07-01,50
GA,2010-08-01,49
GA,2010-09-01,47
GA,2010-10-01,28
GA,2010-11-01,48
GA,2010-12-01,67
GA,2011-01-01,35
GA,2011-02-01,46
GA,2011-03-01,93
GA,2011-04-01,45
GA,2011-05-01,104
GA,2011-06-01,50
GA,2011-07-01,60
GA,2011-08-01,47
GA,2011-09-01,40
GA,2011-10-01,28
GA,2011-11-01,41
GA,2011-12-01,49
GA,2012-01-01,42
GA,2012-02-01,36
GA,2012-03-01,56
GA,2012-04-01,39
GA,2012-05-01,44
GA,2012-06-01,34
GA,2012-07-01,27
GA,2012-08-01,23
GA,2012-09-01,31
GA,2012-10-01,39
GA,2012-11-01,62
GA,2012-12-01,44
GA,2013-01-01,48
GA,2013-02-01,76
GA,2013-03-01,57
GA,2013-04-01,58
GA,2013-05-01,72
GA,2013-06-01,79
GA,2013-07-01,61
GA,2013-08-01,52
GA,2013-09-01,77
GA,2013-10-01,57
GA,2013-11-01,72
GA,2013-12-01,41
GA,2014-01-01,27
GA,2014-02-01,33
GA,2014-03-01,59
GA,2014-04-01,59
GA,2014-05-01,67
GA,2014-06-01,83
GA,2014-07-01,87
GA,2014-08-01,94
GA,2014-09-01,87
GA,2014-10-01,222
GA,2014-11-01,92
GA,2014-12-01,114
GA,2015-01-01,55
GA,2015-02-01,68
GA,2015-03-01,98
GA,2015-04-01,105
GA,2015-05-01,86
GA,2015-06-01,170
GA,2015-07-01,86
GA,2015-08-01,65
GA,2015-09-01,63
GA,2015-10-01,82
GA,2015-11-01,67
GA,2015-12-01,106
GA,2016-01-01,38
GA,2016-02-01,64
GA,2016-03-01,55
GA,2016-04-01,67
GA,2016-05-01,78
GA,2016-06-01,98
GA,2016-07-01,65
GA,2016-08-01,53
GA,2016-09-01,85
GA,2016-10-01,150
GA,2016-11-01,89
GA,2016-12-01,98
GA,2017-01-01,47
GA,2017-02-01,52
GA,2017-03-01,62
GA,2017-04-01,46
GA,2017-05-01,54
GA,2017-06-01,53
GA,2017-07-01,87
GA,2017-08-01,61
GA,2017-09-01,59
GA,2017-10-01,101
GA,2017-11-01,51
GA,2017-12-01,87
GA,2018-01-01,91
GA,2018-02-01,101
GA,2018-03-01,86
GA,2018-04-01,145
GA,2018-05-01,70
GA,2018-06-01,97
GA,2018-07-01,78
GA,2018-08-01,60
GA,2018-09-01,18
GA,2018-10-01,11
GA,2018-11-01,14
GA,2018-12-01,24
GA,2019-01-01,11
GA,2019-02-01,22
GA,2019-03-01,57
GA,2019-04-01,113
GA,2019-05-01,163
GA,2019-06-01,141
GA,2019-07-01,101
GA,2019-08-01,119
GA,2019-09-01,154
GA,2019-10-01,160
GA,2019-11-01,126
GA,2019-12-01,75
GA,2020-01-01,148
GA,2020-02-01,48
GA,2020-03-01,61
GA,2020-04-01,23
GA,2020-05-01,21
GA,2020-06-01,68
GA,2020-07-01,58
GA,2020-08-01,32
GA,2020-09-01,21
GA,2020-10-01,32
GA,2020-11-01,25
GA,2020-12-01,24
GA,2021-01-01,16
GA,2021-02-01,21
GA,2021-03-01,28
GA,2021-04-01,31
GA,2021-05-01,25
GA,2021-06-01,28
GA,2021-07-01,11
GA,2021-08-01,17
GA,2021-09-01,11
GA,2021-10-01,24
GA,2021-11-01,13
GA,2021-12-01,60
GA,2022-01-01,14
GA,2022-02-01,6
GA,2022-03-01,12
GA,2022-04-01,7
GA,2022-05-01,9
GA,2022-06-01,10
GA,2022-07-01,9
GA,2022-08-01,18
GA,2022-09-01,4
GA,2022-10-01,12
GA,2022-11-01,8
GA,2022-12-01,15
GA,2023-01-01,3
GA,2023-02-01,3
GA,2023-03-01,15
GA,2023-04-01,3
GA,2023-05-01,8
GA,2023-06-01,4
GA,2023-07-01,2
GA,2023-08-01,0
GA,2023-09-01,1
GA,2023-10-01,1
GA,2023-11-01,1
GA,2023-12-01,2
GA,2024-01-01,1
GA,2024-02-01,1
GA,2024-03-01,1
GA,2024-04-01,0
GA,2024-05-01,1
GA,2024-06-01,0
GA,2024-07-01,0
GA,2024-08-01,0
GA,2024-09-01,3
GA,2024-10-01,0
GA,2024-11-01,0
GA,2024-12-01,0
GA,2025-01-01,1
GA,2025-02-01,1
GA,2025-03-01,0
GA,2025-04-01,0
GA,2025-05-01,1
GA,2025-06-01,0
GA,2025-07-01,1
GA,2025-08-01,2
GA,2025-09-01,0
GA,2025-10-01,0
GA,2025-11-01,0
GA,2025-12-01,1
GA,2026-01-01,1
GA,2026-02-01,1
GA,2026-03-01,0
GA,2026-04-01,0
GA,2026-05-01,1
GA,2026-06-01,2
GA,2026-07-01,0
HD,2005-01-01,0
HD,2005-02-01,0
HD,2005-03-01,0
HD,2005-04-01,0
HD,2005-05-01,0
HD,2005-06-01,0
HD,2005-07-01,0
HD,2005-08-01,0
HD,2005-09-01,0
HD,2005-10-01,0
HD,2005-11-01,0
HD,2005-12-01,0
HD,2006-01-01,0
HD,2006-02-01,0
HD,2006-03-01,0
HD,2006-04-01,0
HD,2006-05-01,0
HD,2006-06-01,0
HD,2006-07-01,0
HD,2006-08-01,0
HD,2006-09-01,0
HD,2006-10-01,0
HD,2006-11-01,0
HD,2006-12-01,0
HD,2007-01-01,0
HD,2007-02-01,0
HD,2007-03-01,0
HD,2007-04-01,0
HD,2007-05-01,0
HD,2007-06-01,0
HD,2007-07-01,0
HD,2007-08-01,0
HD,2007-09-01,0
HD,2007-10-01,0
HD,2007-11-01,0
HD,2007-12-01,0
HD,2008-01-01,0
HD,2008-02-01,0
HD,2008-03-01,0
HD,2008-04-01,0
HD,2008-05-01,0
HD,2008-06-01,0
HD,2008-07-01,0
HD,2008-08-01,0
HD,2008-09-01,0
HD,2008-10-01,0
HD,2008-11-01,0
HD,2008-12-01,0
HD,2009-01-01,0
HD,2009-02-01,0
HD,2009-03-01,0
HD,2009-04-01,0
HD,2009-05-01,0
HD,2009-06-01,0
HD,2009-07-01,0
HD,2009-08-01,0
HD,2009-09-01,0
HD,2009-10-01,0
HD,2009-11-01,0
HD,2009-12-01,0
HD,2010-01-01,0
HD,2010-02-01,0
HD,2010-03-01,0
HD,2010-04-01,0
HD,2010-05-01,0
HD,2010-06-01,0
HD,2010-07-01,0
HD,2010-08-01,0
HD,2010-09-01,0
HD,2010-10-01,0
HD,2010-11-01,0
HD,2010-12-01,0
HD,2011-01-01,0
HD,2011-02-01,0
HD,2011-03-01,0
HD,2011-04-01,0
HD,2011-05-01,0
HD,2011-06-01,0
HD,2011-07-01,0
HD,2011-08-01,0
HD,2011-09-01,0
HD,2011-10-01,0
HD,2011-11-01,0
HD,2011-12-01,0
HD,2012-01-01,0
HD,2012-02-01,0
HD,2012-03-01,0
HD,2012-04-01,0
HD,2012-05-01,0
HD,2012-06-01,0
HD,2012-07-01,0
HD,2012-08-01,0
HD,2012-09-01,0
HD,2012-10-01,0
HD,2012-11-01,2
HD,2012-12-01,7
HD,2013-01-01,4
HD,2013-02-01,24
HD,2013-03-01,27
HD,2013-04-01,13
HD,2013-05-01,13
HD,2013-06-01,6
HD,2013-07-01,14
HD,2013-08-01,19
HD,2013-09-01,30
HD,2013-10-01,27
HD,2013-11-01,42
HD,2013-12-01,42
HD,2014-01-01,38
HD,2014-02-01,9
HD,2014-03-01,15
HD,2014-04-01,26
HD,2014-05-01,9
HD,2014-06-01,9
HD,2014-07-01,8
HD,2014-08-01,17
HD,2014-09-01,32
HD,2014-10-01,17
HD,2014-11-01,13
HD,2014-12-01,14
HD,2015-01-01,9
HD,2015-02-01,28
HD,2015-03-01,16
HD,2015-04-01,15
HD,2015-05-01,4
HD,2015-06-01,24
HD,2015-07-01,19
HD,2015-08-01,7
HD,2015-09-01,16
HD,2015-10-01,14
HD,2015-11-01,20
HD,2015-12-01,94
HD,2016-01-01,4
HD,2016-02-01,4
HD,2016-03-01,17
HD,2016-04-01,5
HD,2016-05-01,8
HD,2016-06-01,6
HD,2016-07-01,20
HD,2016-08-01,13
HD,2016-09-01,11
HD,2016-10-01,16
HD,2016-11-01,23
HD,2016-12-01,18
HD,2017-01-01,13
HD,2017-02-01,9
HD,2017-03-01,7
HD,2017-04-01,10
HD,2017-05-01,6
HD,2017-06-01,8
HD,2017-07-01,4
HD,2017-08-01,8
HD,2017-09-01,6
HD,2017-10-01,5
HD,2017-11-01,7
HD,2017-12-01,17
HD,2018-01-01,23
HD,2018-02-01,3
HD,2018-03-01,13
HD,2018-04-01,5
HD,2018-05-01,3
HD,2018-06-01,5
HD,2018-07-01,2
HD,2018-08-01,1
HD,2018-09-01,2
HD,2018-10-01,2
HD,2018-11-01,1
HD,2018-12-01,1
HD,2019-01-01,0
HD,2019-02-01,0
HD,2019-03-01,0
HD,2019-04-01,0
HD,2019-05-01,1
HD,2019-06-01,1
HD,2019-07-01,0
HD,2019-08-01,1
HD,2019-09-01,0
HD,2019-10-01,4
HD,2019-11-01,2
HD,2019-12-01,1
HD,2020-01-01,2
HD,2020-02-01,0
HD,2020-03-01,2
HD,2020-04-01,3
HD,2020-05-01,10
HD,2020-06-01,7
HD,2020-07-01,4
HD,2020-08-01,4
HD,2020-09-01,18
HD,2020-10-01,14
HD,2020-11-01,40
HD,2020-12-01,57
HD,2021-01-01,38
HD,2021-02-01,30
HD,2021-03-01,49
HD,2021-04-01,35
HD,2021-05-01,49
HD,2021-06-01,52
HD,2021-07-01,45
HD,2021-08-01,72
HD,2021-09-01,62
HD,2021-10-01,37
HD,2021-11-01,49
HD,2021-12-01,49
HD,2022-01-01,30
HD,2022-02-01,38
HD,2022-03-01,52
HD,2022-04-01,37
HD,2022-05-01,26
HD,2022-06-01,31
HD,2022-07-01,11
HD,2022-08-01,3
HD,2022-09-01,18
HD,2022-10-01,7
HD,2022-11-01,6
HD,2022-12-01,11
HD,2023-01-01,33
HD,2023-02-01,22
HD,2023-03-01,28
HD,2023-04-01,16
HD,2023-05-01,20
HD,2023-06-01,35
HD,2023-07-01,41
HD,2023-08-01,46
HD,2023-09-01,52
HD,2023-10-01,48
HD,2023-11-01,47
HD,2023-12-01,70
HD,2024-01-01,35
HD,2024-02-01,47
HD,2024-03-01,69
HD,2024-04-01,59
HD,2024-05-01,54
HD,2024-06-01,66
HD,2024-07-01,28
HD,2024-08-01,25
HD,2024-09-01,39
HD,2024-10-01,29
HD,2024-11-01,31
HD,2024-12-01,26
HD,2025-01-01,16
HD,2025-02-01,25
HD,2025-03-01,43
HD,2025-04-01,42
HD,2025-05-01,51
HD,2025-06-01,64
HD,2025-07-01,43
HD,2025-08-01,48
HD,2025-09-01,50
HD,2025-10-01,34
HD,2025-11-01,45
HD,2025-12-01,57
HD,2026-01-01,31
HD,2026-02-01,51
HD,2026-03-01,51
HD,2026-04-01,42
HD,2026-05-01,52
HD,2026-06-01,95
HD,2026-07-01,92
HP,2005-01-01,0
HP,2005-02-01,0
HP,2005-03-01,0
HP,2005-04-01,0
HP,2005-05-01,0
HP,2005-06-01,0
HP,2005-07-01,0
HP,2005-08-01,0
HP,2005-09-01,0
HP,2005-10-01,0
HP,2005-11-01,0
HP,2005-12-01,0
HP,2006-01-01,0
HP,2006-02-01,0
HP,2006-03-01,0
HP,2006-04-01,0
HP,2006-05-01,0
HP,2006-06-01,0
HP,2006-07-01,0
HP,2006-08-01,0
HP,2006-09-01,0
HP,2006-10-01,0
HP,2006-11-01,0
HP,2006-12-01,0
HP,2007-01-01,0
HP,2007-02-01,0
HP,2007-03-01,0
HP,2007-04-01,0
HP,2007-05-01,0
HP,2007-06-01,0
HP,2007-07-01,0
HP,2007-08-01,0
HP,2007-09-01,0
HP,2007-10-01,0
HP,2007-11-01,0
HP,2007-12-01,0
HP,2008-01-01,0
HP,2008-02-01,0
HP,2008-03-01,0
HP,2008-04-01,0
HP,2008-05-01,0
HP,2008-06-01,0
HP,2008-07-01,0
HP,2008-08-01,0
HP,2008-09-01,0
HP,2008-10-01,0
HP,2008-11-01,0
HP,2008-12-01,0
HP,2009-01-01,0
HP,2009-02-01,0
HP,2009-03-01,0
HP,2009-04-01,0
HP,2009-05-01,0
HP,2009-06-01,0
HP,2009-07-01,0
HP,2009-08-01,0
HP,2009-09-01,0
HP,2009-10-01,0
HP,2009-11-01,0
HP,2009-12-01,0
HP,2010-01-01,0
HP,2010-02-01,0
HP,2010-03-01,0
HP,2010-04-01,0
HP,2010-05-01,0
HP,2010-06-01,1
HP,2010-07-01,0
HP,2010-08-01,0
HP,2010-09-01,0
HP,2010-10-01,0
HP,2010-11-01,0
HP,2010-12-01,0
HP,2011-01-01,0
HP,2011-02-01,0
HP,2011-03-01,2
HP,2011-04-01,0
HP,2011-05-01,0
HP,2011-06-01,0
HP,2011-07-01,6
HP,2011-08-01,10
HP,2011-09-01,6
HP,2011-10-01,0
HP,2011-11-01,4
HP,2011-12-01,10
HP,2012-01-01,14
HP,2012-02-01,2
HP,2012-03-01,33
HP,2012-04-01,79
HP,2012-05-01,63
HP,2012-06-01,44
HP,2012-07-01,36
HP,2012-08-01,35
HP,2012-09-01,51
HP,2012-10-01,38
HP,2012-11-01,29
HP,2012-12-01,17
HP,2013-01-01,19
HP,2013-02-01,14
HP,2013-03-01,14
HP,2013-04-01,18
HP,2013-05-01,29
HP,2013-06-01,21
HP,2013-07-01,21
HP,2013-08-01,16
HP,2013-09-01,23
HP,2013-10-01,26
HP,2013-11-01,52
HP,2013-12-01,57
HP,2014-01-01,38
HP,2014-02-01,44
HP,2014-03-01,41
HP,2014-04-01,87
HP,2014-05-01,53
HP,2014-06-01,89
HP,2014-07-01,52
HP,2014-08-01,63
HP,2014-09-01,73
HP,2014-10-01,69
HP,2014-11-01,91
HP,2014-12-01,113
HP,2015-01-01,110
HP,2015-02-01,165
HP,2015-03-01,216
HP,2015-04-01,224
HP,2015-05-01,280
HP,2015-06-01,221
HP,2015-07-01,252
HP,2015-08-01,133
HP,2015-09-01,146
HP,2015-10-01,211
HP,2015-11-01,279
HP,2015-12-01,495
HP,2016-01-01,247
HP,2016-02-01,226
HP,2016-03-01,255
HP,2016-04-01,227
HP,2016-05-01,195
HP,2016-06-01,265
HP,2016-07-01,283
HP,2016-08-01,217
HP,2016-09-01,284
HP,2016-10-01,220
HP,2016-11-01,231
HP,2016-12-01,278
HP,2017-01-01,179
HP,2017-02-01,165
HP,2017-03-01,222
HP,2017-04-01,226
HP,2017-05-01,289
HP,2017-06-01,309
HP,2017-07-01,265
HP,2017-08-01,340
HP,2017-09-01,331
HP,2017-10-01,284
HP,2017-11-01,366
HP,2017-12-01,498
HP,2018-01-01,277
HP,2018-02-01,249
HP,2018-03-01,345
HP,2018-04-01,276
HP,2018-05-01,325
HP,2018-06-01,501
HP,2018-07-01,309
HP,2018-08-01,348
HP,2018-09-01,266
HP,2018-10-01,432
HP,2018-11-01,365
HP,2018-12-01,563
HP,2019-01-01,273
HP,2019-02-01,207
HP,2019-03-01,307
HP,2019-04-01,274
HP,2019-05-01,246
HP,2019-06-01,208
HP,2019-07-01,271
HP,2019-08-01,237
HP,2019-09-01,331
HP,2019-10-01,436
HP,2019-11-01,476
HP,2019-12-01,939
HP,2020-01-01,659
HP,2020-02-01,766
HP,2020-03-01,849
HP,2020-04-01,402
HP,2020-05-01,628
HP,2020-06-01,1049
HP,2020-07-01,1193
HP,2020-08-01,930
HP,2020-09-01,1424
HP,2020-10-01,1515
HP,2020-11-01,1823
HP,2020-12-01,2894
HP,2021-01-01,1129
HP,2021-02-01,1132
HP,2021-03-01,1931
HP,2021-04-01,1874
HP,2021-05-01,1774
HP,2021-06-01,2207
HP,2021-07-01,1740
HP,2021-08-01,1730
HP,2021-09-01,1764
HP,2021-10-01,1508
HP,2021-11-01,1891
HP,2021-12-01,2375
HP,2022-01-01,1526
HP,2022-02-01,1477
HP,2022-03-01,1847
HP,2022-04-01,1232
HP,2022-05-01,1568
HP,2022-06-01,1494
HP,2022-07-01,1212
HP,2022-08-01,1159
HP,2022-09-01,1435
HP,2022-10-01,1258
HP,2022-11-01,1640
HP,2022-12-01,1607
HP,2023-01-01,1490
HP,2023-02-01,1526
HP,2023-03-01,2083
HP,2023-04-01,1402
HP,2023-05-01,1655
HP,2023-06-01,2225
HP,2023-07-01,1703
HP,2023-08-01,1656
HP,2023-09-01,2027
HP,2023-10-01,1980
HP,2023-11-01,2115
HP,2023-12-01,2667
HP,2024-01-01,1541
HP,2024-02-01,1689
HP,2024-03-01,1919
HP,2024-04-01,1628
HP,2024-05-01,1699
HP,2024-06-01,1749
HP,2024-07-01,1465
HP,2024-08-01,1196
HP,2024-09-01,1650
HP,2024-10-01,1693
HP,2024-11-01,1614
HP,2024-12-01,2189
HP,2025-01-01,1347
HP,2025-02-01,1425
HP,2025-03-01,2007
HP,2025-04-01,1902
HP,2025-05-01,2229
HP,2025-06-01,2407
HP,2025-07-01,2238
HP,2025-08-01,1949
HP,2025-09-01,2487
HP,2025-10-01,2301
HP,2025-11-01,2199
HP,2025-12-01,2895
HP,2026-01-01,1669
HP,2026-02-01,1774
HP,2026-03-01,2824
HP,2026-04-01,2216
HP,2026-05-01,2249
HP,2026-06-01,3301
HP,2026-07-01,2507
NM,2005-01-01,0
NM,2005-02-01,0
NM,2005-03-01,0
NM,2005-04-01,0
NM,2005-05-01,0
NM,2005-06-01,0
NM,2005-07-01,0
NM,2005-08-01,0
NM,2005-09-01,0
NM,2005-10-01,0
NM,2005-11-01,0
NM,2005-12-01,0
NM,2006-01-01,0
NM,2006-02-01,0
NM,2006-03-01,0
NM,2006-04-01,0
NM,2006-05-01,0
NM,2006-06-01,0
NM,2006-07-01,0
NM,2006-08-01,0
NM,2006-09-01,0
NM,2006-10-01,0
NM,2006-11-01,0
NM,2006-12-01,0
NM,2007-01-01,0
NM,2007-02-01,0
NM,2007-03-01,0
NM,2007-04-01,0
NM,2007-05-01,0
NM,2007-06-01,0
NM,2007-07-01,0
NM,2007-08-01,0
NM,2007-09-01,0
NM,2007-10-01,0
NM,2007-11-01,0
NM,2007-12-01,0
NM,2008-01-01,0
NM,2008-02-01,0
NM,2008-03-01,0
NM,2008-04-01,0
NM,2008-05-01,0
NM,2008-06-01,0
NM,2008-07-01,0
NM,2008-08-01,0
NM,2008-09-01,0
NM,2008-10-01,0
NM,2008-11-01,0
NM,2008-12-01,0
NM,2009-01-01,0
NM,2009-02-01,0
NM,2009-03-01,0
NM,2009-04-01,0
NM,2009-05-01,0
NM,2009-06-01,0
NM,2009-07-01,0
NM,2009-08-01,0
NM,2009-09-01,0
NM,2009-10-01,0
NM,2009-11-01,0
NM,2009-12-01,0
NM,2010-01-01,0
NM,2010-02-01,0
NM,2010-03-01,0
NM,2010-04-01,0
NM,2010-05-01,0
NM,2010-06-01,0
NM,2010-07-01,0
NM,2010-08-01,0
NM,2010-09-01,0
NM,2010-10-01,0
NM,2010-11-01,0
NM,2010-12-01,0
NM,2011-01-01,0
NM,2011-02-01,0
NM,2011-03-01,0
NM,2011-04-01,0
NM,2011-05-01,0
NM,2011-06-01,0
NM,2011-07-01,0
NM,2011-08-01,0
NM,2011-09-01,0
NM,2011-10-01,0
NM,2011-11-01,0
NM,2011-12-01,0
NM,2012-01-01,0
NM,2012-02-01,0
NM,2012-03-01,0
NM,2012-04-01,0
NM,2012-05-01,0
NM,2012-06-01,0
NM,2012-07-01,0
NM,2012-08-01,0
NM,2012-09-01,0
NM,2012-10-01,0
NM,2012-11-01,0
NM,2012-12-01,0
NM,2013-01-01,0
NM,2013-02-01,0
NM,2013-03-01,0
NM,2013-04-01,0
NM,2013-05-01,0
NM,2013-06-01,0
NM,2013-07-01,0
NM,2013-08-01,0
NM,2013-09-01,0
NM,2013-10-01,0
NM,2013-11-01,0
NM,2013-12-01,0
NM,2014-01-01,0
NM,2014-02-01,0
NM,2014-03-01,0
NM,2014-04-01,0
NM,2014-05-01,0
NM,2014-06-01,0
NM,2014-07-01,0
NM,2014-08-01,0
NM,2014-09-01,0
NM,2014-10-01,0
NM,2014-11-01,0
NM,2014-12-01,0
NM,2015-01-01,0
NM,2015-02-01,0
NM,2015-03-01,0
NM,2015-04-01,0
NM,2015-05-01,0
NM,2015-06-01,0
NM,2015-07-01,0
NM,2015-08-01,0
NM,2015-09-01,0
NM,2015-10-01,0
NM,2015-11-01,0
NM,2015-12-01,0
NM,2016-01-01,0
NM,2016-02-01,0
NM,2016-03-01,0
NM,2016-04-01,0
NM,2016-05-01,0
NM,2016-06-01,0
NM,2016-07-01,0
NM,2016-08-01,0
NM,2016-09-01,0
NM,2016-10-01,0
NM,2016-11-01,0
NM,2016-12-01,0
NM,2017-01-01,0
NM,2017-02-01,0
NM,2017-03-01,0
NM,2017-04-01,0
NM,2017-05-01,0
NM,2017-06-01,0
NM,2017-07-01,0
NM,2017-08-01,0
NM,2017-09-01,0
NM,2017-10-01,0
NM,2017-11-01,0
NM,2017-12-01,0
NM,2018-01-01,0
NM,2018-02-01,0
NM,2018-03-01,0
NM,2018-04-01,0
NM,2018-05-01,0
NM,2018-06-01,0
NM,2018-07-01,0
NM,2018-08-01,0
NM,2018-09-01,0
NM,2018-10-01,0
NM,2018-11-01,0
NM,2018-12-01,0
NM,2019-01-01,0
NM,2019-02-01,0
NM,2019-03-01,0
NM,2019-04-01,0
NM,2019-05-01,0
NM,2019-06-01,0
NM,2019-07-01,0
NM,2019-08-01,0
NM,2019-09-01,0
NM,2019-10-01,0
NM,2019-11-01,0
NM,2019-12-01,0
NM,2020-01-01,0
NM,2020-02-01,0
NM,2020-03-01,0
NM,2020-04-01,0
NM,2020-05-01,0
NM,2020-06-01,0
NM,2020-07-01,0
NM,2020-08-01,0
NM,2020-09-01,0
NM,2020-10-01,0
NM,2020-11-01,0
NM,2020-12-01,0
NM,2021-01-01,0
NM,2021-02-01,0
NM,2021-03-01,0
NM,2021-04-01,0
NM,2021-05-01,0
NM,2021-06-01,0
NM,2021-07-01,0
NM,2021-08-01,0
NM,2021-09-01,0
NM,2021-10-01,0
NM,2021-11-01,0
NM,2021-12-01,0
NM,2022-01-01,0
NM,2022-02-01,0
NM,2022-03-01,0
NM,2022-04-01,0
NM,2022-05-01,0
NM,2022-06-01,0
NM,2022-07-01,0
NM,2022-08-01,0
NM,2022-09-01,0
NM,2022-10-01,0
NM,2022-11-01,0
NM,2022-12-01,0
NM,2023-01-01,0
NM,2023-02-01,0
NM,2023-03-01,0
NM,2023-04-01,0
NM,2023-05-01,0
NM,2023-06-01,0
NM,2023-07-01,0
NM,2023-08-01,0
NM,2023-09-01,0
NM,2023-10-01,0
NM,2023-11-01,0
NM,2023-12-01,0
NM,2024-01-01,0
NM,2024-02-01,0
NM,2024-03-01,0
NM,2024-04-01,0
NM,2024-05-01,0
NM,2024-06-01,0
NM,2024-07-01,0
NM,2024-08-01,0
NM,2024-09-01,0
NM,2024-10-01,0
NM,2024-11-01,0
NM,2024-12-01,0
NM,2025-01-01,0
NM,2025-02-01,0
NM,2025-03-01,0
NM,2025-04-01,0
NM,2025-05-01,0
NM,2025-06-01,0
NM,2025-07-01,0
NM,2025-08-01,0
NM,2025-09-01,0
NM,2025-10-01,0
NM,2025-11-01,0
NM,2025-12-01,0
NM,2026-01-01,0
NM,2026-02-01,0
NM,2026-03-01,0
NM,2026-04-01,0
NM,2026-05-01,0
NM,2026-06-01,0
NM,2026-07-01,0
PC,2005-01-01,12143
PC,2005-02-01,11506
PC,2005-03-01,17086
PC,2005-04-01,20248
PC,2005-05-01,18043
PC,2005-06-01,19357
PC,2005-07-01,15537
PC,2005-08-01,13098
PC,2005-09-01,14670
PC,2005-10-01,13994
PC,2005-11-01,14217
PC,2005-12-01,14123
PC,2006-01-01,12253
PC,2006-02-01,11524
PC,2006-03-01,18783
PC,2006-04-01,17388
PC,2006-05-01,19167
PC,2006-06-01,20799
PC,2006-07-01,14248
PC,2006-08-01,11812
PC,2006-09-01,12919
PC,2006-10-01,13714
PC,2006-11-01,14300
PC,2006-12-01,15018
PC,2007-01-01,11385
PC,2007-02-01,12239
PC,2007-03-01,17423
PC,2007-04-01,16840
PC,2007-05-01,18026
PC,2007-06-01,20316
PC,2007-07-01,15404
PC,2007-08-01,13269
PC,2007-09-01,13350
PC,2007-10-01,15355
PC,2007-11-01,15779
PC,2007-12-01,13688
PC,2008-01-01,13214
PC,2008-02-01,13801
PC,2008-03-01,15351
PC,2008-04-01,18971
PC,2008-05-01,17745
PC,2008-06-01,19664
PC,2008-07-01,17012
PC,2008-08-01,12567
PC,2008-09-01,14390
PC,2008-10-01,15872
PC,2008-11-01,13086
PC,2008-12-01,15350
PC,2009-01-01,11507
PC,2009-02-01,11741
PC,2009-03-01,16117
PC,2009-04-01,17288
PC,2009-05-01,16142
PC,2009-06-01,18396
PC,2009-07-01,16315
PC,2009-08-01,12422
PC,2009-09-01,14306
PC,2009-10-01,15535
PC,2009-11-01,14944
PC,2009-12-01,15951
PC,2010-01-01,12219
PC,2010-02-01,12427
PC,2010-03-01,19847
PC,2010-04-01,18303
PC,2010-05-01,17293
PC,2010-06-01,22055
PC,2010-07-01,17109
PC,2010-08-01,13488
PC,2010-09-01,14841
PC,2010-10-01,16032
PC,2010-11-01,16013
PC,2010-12-01,18077
PC,2011-01-01,12905
PC,2011-02-01,14604
PC,2011-03-01,20125
PC,2011-04-01,18492
PC,2011-05-01,19120
PC,2011-06-01,18287
PC,2011-07-01,16585
PC,2011-08-01,14058
PC,2011-09-01,17187
PC,2011-10-01,17256
PC,2011-11-01,17688
PC,2011-12-01,18513
PC,2012-01-01,13929
PC,2012-02-01,14134
PC,2012-03-01,20574
PC,2012-04-01,17596
PC,2012-05-01,17621
PC,2012-06-01,24790
PC,2012-07-01,14660
PC,2012-08-01,12711
PC,2012-09-01,12054
PC,2012-10-01,14988
PC,2012-11-01,15449
PC,2012-12-01,17037
PC,2013-01-01,11872
PC,2013-02-01,12824
PC,2013-03-01,17428
PC,2013-04-01,17232
PC,2013-05-01,16468
PC,2013-06-01,17597
PC,2013-07-01,15284
PC,2013-08-01,12715
PC,2013-09-01,13384
PC,2013-10-01,15356
PC,2013-11-01,14696
PC,2013-12-01,17439
PC,2014-01-01,11718
PC,2014-02-01,12774
PC,2014-03-01,15933
PC,2014-04-01,16721
PC,2014-05-01,15608
PC,2014-06-01,16797
PC,2014-07-01,16085
PC,2014-08-01,11925
PC,2014-09-01,13045
PC,2014-10-01,15492
PC,2014-11-01,13448
PC,2014-12-01,18753
PC,2015-01-01,10268
PC,2015-02-01,12773
PC,2015-03-01,18379
PC,2015-04-01,16906
PC,2015-05-01,16128
PC,2015-06-01,19019
PC,2015-07-01,17035
PC,2015-08-01,13353
PC,2015-09-01,13592
PC,2015-10-01,14040
PC,2015-11-01,14068
PC,2015-12-01,16962
PC,2016-01-01,10809
PC,2016-02-01,12529
PC,2016-03-01,16787
PC,2016-04-01,16211
PC,2016-05-01,14632
PC,2016-06-01,17160
PC,2016-07-01,14270
PC,2016-08-01,12038
PC,2016-09-01,14383
PC,2016-10-01,12918
PC,2016-11-01,14592
PC,2016-12-01,19988
PC,2017-01-01,10457
PC,2017-02-01,12777
PC,2017-03-01,17942
PC,2017-04-01,15001
PC,2017-05-01,16581
PC,2017-06-01,17997
PC,2017-07-01,14185
PC,2017-08-01,13659
PC,2017-09-01,14346
PC,2017-10-01,14696
PC,2017-11-01,16121
PC,2017-12-01,17871
PC,2018-01-01,12955
PC,2018-02-01,13845
PC,2018-03-01,17598
PC,2018-04-01,17072
PC,2018-05-01,17438
PC,2018-06-01,19809
PC,2018-07-01,16041
PC,2018-08-01,13510
PC,2018-09-01,12611
PC,2018-10-01,14543
PC,2018-11-01,14698
PC,2018-12-01,16000
PC,2019-01-01,12407
PC,2019-02-01,13581
PC,2019-03-01,17985
PC,2019-04-01,17752
PC,2019-05-01,17396
PC,2019-06-01,17368
PC,2019-07-01,15639
PC,2019-08-01,11837
PC,2019-09-01,14653
PC,2019-10-01,15883
PC,2019-11-01,14567
PC,2019-12-01,19210
PC,2020-01-01,10145
PC,2020-02-01,10486
PC,2020-03-01,8878
PC,2020-04-01,4752
PC,2020-05-01,7810
PC,2020-06-01,13510
PC,2020-07-01,11486
PC,2020-08-01,7545
PC,2020-09-01,9549
PC,2020-10-01,9933
PC,2020-11-01,9563
PC,2020-12-01,11276
PC,2021-01-01,6886
PC,2021-02-01,7372
PC,2021-03-01,11559
PC,2021-04-01,9730
PC,2021-05-01,8714
PC,2021-06-01,10919
PC,2021-07-01,8529
PC,2021-08-01,6198
PC,2021-09-01,6857
PC,2021-10-01,6038
PC,2021-11-01,7169
PC,2021-12-01,8176
PC,2022-01-01,6280
PC,2022-02-01,6343
PC,2022-03-01,7893
PC,2022-04-01,6039
PC,2022-05-01,6717
PC,2022-06-01,7588
PC,2022-07-01,6663
PC,2022-08-01,6662
PC,2022-09-01,7761
PC,2022-10-01,6641
PC,2022-11-01,7475
PC,2022-12-01,8000
PC,2023-01-01,5906
PC,2023-02-01,6585
PC,2023-03-01,8879
PC,2023-04-01,6538
PC,2023-05-01,7383
PC,2023-06-01,8366
PC,2023-07-01,6188
PC,2023-08-01,5981
PC,2023-09-01,6731
PC,2023-10-01,6197
PC,2023-11-01,6739
PC,2023-12-01,7471
PC,2024-01-01,4951
PC,2024-02-01,5878
PC,2024-03-01,7384
PC,2024-04-01,6633
PC,2024-05-01,6774
PC,2024-06-01,6469
PC,2024-07-01,5127
PC,2024-08-01,4235
PC,2024-09-01,5195
PC,2024-10-01,4846
PC,2024-11-01,5070
PC,2024-12-01,6235
PC,2025-01-01,3854
PC,2025-02-01,4061
PC,2025-03-01,5317
PC,2025-04-01,5010
PC,2025-05-01,4874
PC,2025-06-01,5363
PC,2025-07-01,4401
PC,2025-08-01,3915
PC,2025-09-01,4358
PC,2025-10-01,4317
PC,2025-11-01,4634
PC,2025-12-01,5504
PC,2026-01-01,3019
PC,2026-02-01,3853
PC,2026-03-01,4870
PC,2026-04-01,3984
PC,2026-05-01,4518
PC,2026-06-01,5037
PC,2026-07-01,3378
PH,2005-01-01,76
PH,2005-02-01,101
PH,2005-03-01,109
PH,2005-04-01,130
PH,2005-05-01,90
PH,2005-06-01,90
PH,2005-07-01,60
PH,2005-08-01,95
PH,2005-09-01,158
PH,2005-10-01,151
PH,2005-11-01,173
PH,2005-12-01,141
PH,2006-01-01,130
PH,2006-02-01,169
PH,2006-03-01,184
PH,2006-04-01,152
PH,2006-05-01,223
PH,2006-06-01,190
PH,2006-07-01,175
PH,2006-08-01,165
PH,2006-09-01,188
PH,2006-10-01,159
PH,2006-11-01,243
PH,2006-12-01,216
PH,2007-01-01,146
PH,2007-02-01,180
PH,2007-03-01,309
PH,2007-04-01,225
PH,2007-05-01,245
PH,2007-06-01,317
PH,2007-07-01,357
PH,2007-08-01,388
PH,2007-09-01,326
PH,2007-10-01,259
PH,2007-11-01,236
PH,2007-12-01,199
PH,2008-01-01,217
PH,2008-02-01,266
PH,2008-03-01,248
PH,2008-04-01,351
PH,2008-05-01,245
PH,2008-06-01,315
PH,2008-07-01,294
PH,2008-08-01,285
PH,2008-09-01,251
PH,2008-10-01,210
PH,2008-11-01,163
PH,2008-12-01,224
PH,2009-01-01,169
PH,2009-02-01,211
PH,2009-03-01,334
PH,2009-04-01,326
PH,2009-05-01,277
PH,2009-06-01,382
PH,2009-07-01,316
PH,2009-08-01,342
PH,2009-09-01,479
PH,2009-10-01,345
PH,2009-11-01,375
PH,2009-12-01,321
PH,2010-01-01,305
PH,2010-02-01,242
PH,2010-03-01,352
PH,2010-04-01,311
PH,2010-05-01,445
PH,2010-06-01,397
PH,2010-07-01,371
PH,2010-08-01,350
PH,2010-09-01,312
PH,2010-10-01,345
PH,2010-11-01,385
PH,2010-12-01,375
PH,2011-01-01,298
PH,2011-02-01,400
PH,2011-03-01,550
PH,2011-04-01,585
PH,2011-05-01,392
PH,2011-06-01,426
PH,2011-07-01,252
PH,2011-08-01,404
PH,2011-09-01,526
PH,2011-10-01,483
PH,2011-11-01,457
PH,2011-12-01,512
PH,2012-01-01,267
PH,2012-02-01,287
PH,2012-03-01,516
PH,2012-04-01,499
PH,2012-05-01,399
PH,2012-06-01,612
PH,2012-07-01,444
PH,2012-08-01,443
PH,2012-09-01,484
PH,2012-10-01,598
PH,2012-11-01,503
PH,2012-12-01,411
PH,2013-01-01,457
PH,2013-02-01,463
PH,2013-03-01,712
PH,2013-04-01,539
PH,2013-05-01,459
PH,2013-06-01,415
PH,2013-07-01,425
PH,2013-08-01,478
PH,2013-09-01,446
PH,2013-10-01,501
PH,2013-11-01,451
PH,2013-12-01,593
PH,2014-01-01,352
PH,2014-02-01,353
PH,2014-03-01,598
PH,2014-04-01,514
PH,2014-05-01,487
PH,2014-06-01,381
PH,2014-07-01,468
PH,2014-08-01,298
PH,2014-09-01,453
PH,2014-10-01,560
PH,2014-11-01,419
PH,2014-12-01,633
PH,2015-01-01,292
PH,2015-02-01,377
PH,2015-03-01,658
PH,2015-04-01,506
PH,2015-05-01,494
PH,2015-06-01,485
PH,2015-07-01,369
PH,2015-08-01,390
PH,2015-09-01,412
PH,2015-10-01,416
PH,2015-11-01,385
PH,2015-12-01,373
PH,2016-01-01,337
PH,2016-02-01,450
PH,2016-03-01,639
PH,2016-04-01,552
PH,2016-05-01,582
PH,2016-06-01,605
PH,2016-07-01,582
PH,2016-08-01,534
PH,2016-09-01,809
PH,2016-10-01,616
PH,2016-11-01,688
PH,2016-12-01,706
PH,2017-01-01,428
PH,2017-02-01,544
PH,2017-03-01,747
PH,2017-04-01,699
PH,2017-05-01,713
PH,2017-06-01,852
PH,2017-07-01,555
PH,2017-08-01,643
PH,2017-09-01,875
PH,2017-10-01,743
PH,2017-11-01,684
PH,2017-12-01,677
PH,2018-01-01,600
PH,2018-02-01,607
PH,2018-03-01,799
PH,2018-04-01,980
PH,2018-05-01,829
PH,2018-06-01,895
PH,2018-07-01,831
PH,2018-08-01,813
PH,2018-09-01,966
PH,2018-10-01,1001
PH,2018-11-01,1037
PH,2018-12-01,996
PH,2019-01-01,855
PH,2019-02-01,954
PH,2019-03-01,1468
PH,2019-04-01,1475
PH,2019-05-01,1730
PH,2019-06-01,1564
PH,2019-07-01,1470
PH,2019-08-01,1390
PH,2019-09-01,1621
PH,2019-10-01,1921
PH,2019-11-01,2028
PH,2019-12-01,3000
PH,2020-01-01,1822
PH,2020-02-01,1868
PH,2020-03-01,1871
PH,2020-04-01,930
PH,2020-05-01,1648
PH,2020-06-01,2695
PH,2020-07-01,2376
PH,2020-08-01,2000
PH,2020-09-01,2802
PH,2020-10-01,3151
PH,2020-11-01,3499
PH,2020-12-01,4155
PH,2021-01-01,2671
PH,2021-02-01,2861
PH,2021-03-01,4139
PH,2021-04-01,3978
PH,2021-05-01,3388
PH,2021-06-01,4423
PH,2021-07-01,3506
PH,2021-08-01,3476
PH,2021-09-01,4045
PH,2021-10-01,3106
PH,2021-11-01,3247
PH,2021-12-01,4123
PH,2022-01-01,3248
PH,2022-02-01,3397
PH,2022-03-01,4410
PH,2022-04-01,3492
PH,2022-05-01,3887
PH,2022-06-01,4213
PH,2022-07-01,2812
PH,2022-08-01,3218
PH,2022-09-01,4069
PH,2022-10-01,3940
PH,2022-11-01,4365
PH,2022-12-01,4283
PH,2023-01-01,3589
PH,2023-02-01,3807
PH,2023-03-01,5543
PH,2023-04-01,4067
PH,2023-05-01,4843
PH,2023-06-01,5599
PH,2023-07-01,3991
PH,2023-08-01,4206
PH,2023-09-01,4602
PH,2023-10-01,4753
PH,2023-11-01,5036
PH,2023-12-01,5769
PH,2024-01-01,3785
PH,2024-02-01,4972
PH,2024-03-01,6246
PH,2024-04-01,5226
PH,2024-05-01,5377
PH,2024-06-01,6746
PH,2024-07-01,5164
PH,2024-08-01,4653
PH,2024-09-01,5669
PH,2024-10-01,5664
PH,2024-11-01,6167
PH,2024-12-01,7490
PH,2025-01-01,4553
PH,2025-02-01,5267
PH,2025-03-01,7298
PH,2025-04-01,5792
PH,2025-05-01,6212
PH,2025-06-01,7187
PH,2025-07-01,5710
PH,2025-08-01,5071
PH,2025-09-01,5910
PH,2025-10-01,5578
PH,2025-11-01,5951
PH,2025-12-01,6883
PH,2026-01-01,4748
PH,2026-02-01,5292
PH,2026-03-01,7826
PH,2026-04-01,5792
PH,2026-05-01,5942
PH,2026-06-01,7637
PH,2026-07-01,6097
_O,2005-01-01,4
_O,2005-02-01,2
_O,2005-03-01,10
_O,2005-04-01,106
_O,2005-05-01,100
_O,2005-06-01,114
_O,2005-07-01,28
_O,2005-08-01,3
_O,2005-09-01,3
_O,2005-10-01,0
_O,2005-11-01,5
_O,2005-12-01,11
_O,2006-01-01,7
_O,2006-02-01,7
_O,2006-03-01,6
_O,2006-04-01,7
_O,2006-05-01,17
_O,2006-06-01,36
_O,2006-07-01,29
_O,2006-08-01,15
_O,2006-09-01,18
_O,2006-10-01,26
_O,2006-11-01,28
_O,2006-12-01,41
_O,2007-01-01,29
_O,2007-02-01,25
_O,2007-03-01,81
_O,2007-04-01,82
_O,2007-05-01,88
_O,2007-06-01,121
_O,2007-07-01,199
_O,2007-08-01,369
_O,2007-09-01,80
_O,2007-10-01,79
_O,2007-11-01,82
_O,2007-12-01,196
_O,2008-01-01,125
_O,2008-02-01,93
_O,2008-03-01,104
_O,2008-04-01,88
_O,2008-05-01,95
_O,2008-06-01,116
_O,2008-07-01,122
_O,2008-08-01,85
_O,2008-09-01,87
_O,2008-10-01,122
_O,2008-11-01,57
_O,2008-12-01,79
_O,2009-01-01,46
_O,2009-02-01,39
_O,2009-03-01,53
_O,2009-04-01,52
_O,2009-05-01,39
_O,2009-06-01,58
_O,2009-07-01,47
_O,2009-08-01,23
_O,2009-09-01,33
_O,2009-10-01,46
_O,2009-11-01,41
_O,2009-12-01,47
_O,2010-01-01,29
_O,2010-02-01,26
_O,2010-03-01,44
_O,2010-04-01,18
_O,2010-05-01,27
_O,2010-06-01,38
_O,2010-07-01,14
_O,2010-08-01,16
_O,2010-09-01,27
_O,2010-10-01,20
_O,2010-11-01,16
_O,2010-12-01,22
_O,2011-01-01,39
_O,2011-02-01,41
_O,2011-03-01,52
_O,2011-04-01,37
_O,2011-05-01,34
_O,2011-06-01,66
_O,2011-07-01,36
_O,2011-08-01,25
_O,2011-09-01,23
_O,2011-10-01,34
_O,2011-11-01,39
_O,2011-12-01,42
_O,2012-01-01,52
_O,2012-02-01,25
_O,2012-03-01,52
_O,2012-04-01,44
_O,2012-05-01,37
_O,2012-06-01,53
_O,2012-07-01,20
_O,2012-08-01,20
_O,2012-09-01,25
_O,2012-10-01,24
_O,2012-11-01,27
_O,2012-12-01,15
_O,2013-01-01,14
_O,2013-02-01,3
_O,2013-03-01,13
_O,2013-04-01,8
_O,2013-05-01,10
_O,2013-06-01,4
_O,2013-07-01,8
_O,2013-08-01,2
_O,2013-09-01,6
_O,2013-10-01,9
_O,2013-11-01,4
_O,2013-12-01,1
_O,2014-01-01,3
_O,2014-02-01,1
_O,2014-03-01,2
_O,2014-04-01,2
_O,2014-05-01,0
_O,2014-06-01,2
_O,2014-07-01,6
_O,2014-08-01,2
_O,2014-09-01,0
_O,2014-10-01,1
_O,2014-11-01,2
_O,2014-12-01,1
_O,2015-01-01,2
_O,2015-02-01,0
_O,2015-03-01,2
_O,2015-04-01,1
_O,2015-05-01,2
_O,2015-06-01,1
_O,2015-07-01,0
_O,2015-08-01,0
_O,2015-09-01,1
_O,2015-10-01,2
_O,2015-11-01,0
_O,2015-12-01,0
_O,2016-01-01,0
_O,2016-02-01,0
_O,2016-03-01,1
_O,2016-04-01,1
_O,2016-05-01,0
_O,2016-06-01,0
_O,2016-07-01,0
_O,2016-08-01,0
_O,2016-09-01,0
_O,2016-10-01,1
_O,2016-11-01,0
_O,2016-12-01,0
_O,2017-01-01,0
_O,2017-02-01,0
_O,2017-03-01,0
_O,2017-04-01,0
_O,2017-05-01,0
_O,2017-06-01,0
_O,2017-07-01,0
_O,2017-08-01,1
_O,2017-09-01,0
_O,2017-10-01,0
_O,2017-11-01,0
_O,2017-12-01,0
_O,2018-01-01,0
_O,2018-02-01,0
_O,2018-03-01,0
_O,2018-04-01,0
_O,2018-05-01,0
_O,2018-06-01,3
_O,2018-07-01,1
_O,2018-08-01,0
_O,2018-09-01,1
_O,2018-10-01,0
_O,2018-11-01,0
_O,2018-12-01,0
_O,2019-01-01,0
_O,2019-02-01,0
_O,2019-03-01,0
_O,2019-04-01,0
_O,2019-05-01,0
_O,2019-06-01,0
_O,2019-07-01,0
_O,2019-08-01,0
_O,2019-09-01,0
_O,2019-10-01,0
_O,2019-11-01,0
_O,2019-12-01,0
_O,2020-01-01,0
_O,2020-02-01,0
_O,2020-03-01,0
_O,2020-04-01,0
_O,2020-05-01,0
_O,2020-06-01,0
_O,2020-07-01,0
_O,2020-08-01,0
_O,2020-09-01,0
_O,2020-10-01,0
_O,2020-11-01,0
_O,2020-12-01,0
_O,2021-01-01,0
_O,2021-02-01,0
_O,2021-03-01,0
_O,2021-04-01,0
_O,2021-05-01,0
_O,2021-06-01,0
_O,2021-07-01,0
_O,2021-08-01,1
_O,2021-09-01,0
_O,2021-10-01,0
_O,2021-11-01,0
_O,2021-12-01,0
_O,2022-01-01,0
_O,2022-02-01,0
_O,2022-03-01,0
_O,2022-04-01,0
_O,2022-05-01,0
_O,2022-06-01,0
_O,2022-07-01,0
_O,2022-08-01,0
_O,2022-09-01,0
_O,2022-10-01,0
_O,2022-11-01,0
_O,2022-12-01,0
_O,2023-01-01,0
_O,2023-02-01,0
_O,2023-03-01,0
_O,2023-04-01,0
_O,2023-05-01,0
_O,2023-06-01,0
_O,2023-07-01,0
_O,2023-08-01,0
_O,2023-09-01,0
_O,2023-10-01,0
_O,2023-11-01,0
_O,2023-12-01,0
_O,2024-01-01,0
_O,2024-02-01,0
_O,2024-03-01,0
_O,2024-04-01,0
_O,2024-05-01,0
_O,2024-06-01,0
_O,2024-07-01,0
_O,2024-08-01,0
_O,2024-09-01,0
_O,2024-10-01,0
_O,2024-11-01,0
_O,2024-12-01,0
_O,2025-01-01,0
_O,2025-02-01,0
_O,2025-03-01,0
_O,2025-04-01,0
_O,2025-05-01,0
_O,2025-06-01,0
_O,2025-07-01,0
_O,2025-08-01,0
_O,2025-09-01,0
_O,2025-10-01,0
_O,2025-11-01,0
_O,2025-12-01,0
_O,2026-01-01,0
_O,2026-02-01,0
_O,2026-03-01,0
_O,2026-04-01,0
_O,2026-05-01,0
_O,2026-06-01,0
_O,2026-07-01,0
_T,2005-01-01,17559
_T,2005-02-01,16555
_T,2005-03-01,24352
_T,2005-04-01,27794
_T,2005-05-01,24590
_T,2005-06-01,26731
_T,2005-07-01,21593
_T,2005-08-01,18028
_T,2005-09-01,20902
_T,2005-10-01,20452
_T,2005-11-01,20566
_T,2005-12-01,21067
_T,2006-01-01,18227
_T,2006-02-01,16886
_T,2006-03-01,26451
_T,2006-04-01,23911
_T,2006-05-01,27058
_T,2006-06-01,29225
_T,2006-07-01,21251
_T,2006-08-01,17292
_T,2006-09-01,19035
_T,2006-10-01,20867
_T,2006-11-01,21716
_T,2006-12-01,22459
_T,2007-01-01,17376
_T,2007-02-01,18390
_T,2007-03-01,25612
_T,2007-04-01,24424
_T,2007-05-01,26621
_T,2007-06-01,30711
_T,2007-07-01,24524
_T,2007-08-01,20927
_T,2007-09-01,20466
_T,2007-10-01,23991
_T,2007-11-01,24499
_T,2007-12-01,22476
_T,2008-01-01,21258
_T,2008-02-01,21495
_T,2008-03-01,23280
_T,2008-04-01,28314
_T,2008-05-01,26685
_T,2008-06-01,29279
_T,2008-07-01,25835
_T,2008-08-01,18818
_T,2008-09-01,21499
_T,2008-10-01,23981
_T,2008-11-01,20103
_T,2008-12-01,23756
_T,2009-01-01,17558
_T,2009-02-01,17373
_T,2009-03-01,23327
_T,2009-04-01,24673
_T,2009-05-01,22752
_T,2009-06-01,26575
_T,2009-07-01,23791
_T,2009-08-01,17804
_T,2009-09-01,20945
_T,2009-10-01,22718
_T,2009-11-01,21898
_T,2009-12-01,24093
_T,2010-01-01,18664
_T,2010-02-01,18417
_T,2010-03-01,28256
_T,2010-04-01,25556
_T,2010-05-01,24643
_T,2010-06-01,31423
_T,2010-07-01,25200
_T,2010-08-01,19828
_T,2010-09-01,21998
_T,2010-10-01,24313
_T,2010-11-01,24679
_T,2010-12-01,28124
_T,2011-01-01,20317
_T,2011-02-01,22257
_T,2011-03-01,30085
_T,2011-04-01,27432
_T,2011-05-01,29257
_T,2011-06-01,27736
_T,2011-07-01,25278
_T,2011-08-01,21569
_T,2011-09-01,26069
_T,2011-10-01,26572
_T,2011-11-01,28266
_T,2011-12-01,30034
_T,2012-01-01,23353
_T,2012-02-01,22963
_T,2012-03-01,32257
_T,2012-04-01,28159
_T,2012-05-01,28792
_T,2012-06-01,39258
_T,2012-07-01,23986
_T,2012-08-01,21594
_T,2012-09-01,20791
_T,2012-10-01,25929
_T,2012-11-01,26329
_T,2012-12-01,28648
_T,2013-01-01,20940
_T,2013-02-01,21948
_T,2013-03-01,28362
_T,2013-04-01,27830
_T,2013-05-01,26848
_T,2013-06-01,28598
_T,2013-07-01,25557
_T,2013-08-01,20748
_T,2013-09-01,22257
_T,2013-10-01,25475
_T,2013-11-01,24561
_T,2013-12-01,29621
_T,2014-01-01,20161
_T,2014-02-01,21618
_T,2014-03-01,26125
_T,2014-04-01,27317
_T,2014-05-01,25592
_T,2014-06-01,27567
_T,2014-07-01,26709
_T,2014-08-01,19363
_T,2014-09-01,21549
_T,2014-10-01,26029
_T,2014-11-01,23381
_T,2014-12-01,32260
_T,2015-01-01,18355
_T,2015-02-01,22227
_T,2015-03-01,31199
_T,2015-04-01,28368
_T,2015-05-01,27274
_T,2015-06-01,32723
_T,2015-07-01,29623
_T,2015-08-01,23213
_T,2015-09-01,23878
_T,2015-10-01,25043
_T,2015-11-01,25950
_T,2015-12-01,32043
_T,2016-01-01,20215
_T,2016-02-01,22435
_T,2016-03-01,28785
_T,2016-04-01,28351
_T,2016-05-01,25736
_T,2016-06-01,30750
_T,2016-07-01,25737
_T,2016-08-01,21572
_T,2016-09-01,25818
_T,2016-10-01,23082
_T,2016-11-01,26061
_T,2016-12-01,34905
_T,2017-01-01,19372
_T,2017-02-01,22552
_T,2017-03-01,30226
_T,2017-04-01,25538
_T,2017-05-01,27995
_T,2017-06-01,31661
_T,2017-07-01,24444
_T,2017-08-01,22798
_T,2017-09-01,24371
_T,2017-10-01,24384
_T,2017-11-01,26386
_T,2017-12-01,30735
_T,2018-01-01,21626
_T,2018-02-01,22149
_T,2018-03-01,27646
_T,2018-04-01,26158
_T,2018-05-01,27073
_T,2018-06-01,31159
_T,2018-07-01,25006
_T,2018-08-01,21174
_T,2018-09-01,20337
_T,2018-10-01,22458
_T,2018-11-01,23781
_T,2018-12-01,27222
_T,2019-01-01,20777
_T,2019-02-01,22079
_T,2019-03-01,28983
_T,2019-04-01,28097
_T,2019-05-01,27813
_T,2019-06-01,28174
_T,2019-07-01,24985
_T,2019-08-01,19235
_T,2019-09-01,24021
_T,2019-10-01,25692
_T,2019-11-01,24040
_T,2019-12-01,34250
_T,2020-01-01,18765
_T,2020-02-01,18990
_T,2020-03-01,17571
_T,2020-04-01,9007
_T,2020-05-01,13751
_T,2020-06-01,24321
_T,2020-07-01,22207
_T,2020-08-01,15998
_T,2020-09-01,21047
_T,2020-10-01,20845
_T,2020-11-01,22624
_T,2020-12-01,29003
_T,2021-01-01,15222
_T,2021-02-01,16030
_T,2021-03-01,24928
_T,2021-04-01,21753
_T,2021-05-01,19796
_T,2021-06-01,25752
_T,2021-07-01,19084
_T,2021-08-01,16316
_T,2021-09-01,19466
_T,2021-10-01,14935
_T,2021-11-01,18656
_T,2021-12-01,24156
_T,2022-01-01,15936
_T,2022-02-01,16511
_T,2022-03-01,21469
_T,2022-04-01,15440
_T,2022-05-01,18209
_T,2022-06-01,21001
_T,2022-07-01,15375
_T,2022-08-01,16244
_T,2022-09-01,20713
_T,2022-10-01,17020
_T,2022-11-01,21122
_T,2022-12-01,24417
_T,2023-01-01,16429
_T,2023-02-01,17053
_T,2023-03-01,24963
_T,2023-04-01,17917
_T,2023-05-01,21360
_T,2023-06-01,24843
_T,2023-07-01,18235
_T,2023-08-01,18815
_T,2023-09-01,21462
_T,2023-10-01,20086
_T,2023-11-01,21649
_T,2023-12-01,26624
_T,2024-01-01,15189
_T,2024-02-01,18355
_T,2024-03-01,23458
_T,2024-04-01,19628
_T,2024-05-01,20927
_T,2024-06-01,22603
_T,2024-07-01,17953
_T,2024-08-01,15820
_T,2024-09-01,19992
_T,2024-10-01,18312
_T,2024-11-01,19582
_T,2024-12-01,24910
_T,2025-01-01,14842
_T,2025-02-01,16113
_T,2025-03-01,21703
_T,2025-04-01,18457
_T,2025-05-01,19842
_T,2025-06-01,22456
_T,2025-07-01,18284
_T,2025-08-01,16094
_T,2025-09-01,19885
_T,2025-10-01,18327
_T,2025-11-01,19567
_T,2025-12-01,26146
_T,2026-01-01,14070
_T,2026-02-01,15664
_T,2026-03-01,23173
_T,2026-04-01,18317
_T,2026-05-01,19689
_T,2026-06-01,25381
_T,2026-07-01,18792
