canton,date,value
1,2002-07-01,3910.6384
1,2002-10-01,3894.16
1,2003-01-01,3887.0938
1,2003-04-01,3851.5732
1,2003-07-01,3842.8003
1,2003-10-01,3857.9194
1,2004-01-01,3872.679
1,2004-04-01,3964.2983
1,2004-07-01,3877.2769
1,2004-10-01,3865.953
1,2005-01-01,3955.077
1,2005-04-01,3932.8228
1,2005-07-01,3913.3792
1,2005-10-01,4037.893
1,2006-01-01,4090.8286
1,2006-04-01,4190.6963
1,2006-07-01,4330.98
1,2006-10-01,4447.865
1,2007-01-01,4646.234
1,2007-04-01,4798.133
1,2007-07-01,5005.935
1,2007-10-01,5073.7993
1,2008-01-01,5207.7124
1,2008-04-01,5429.8203
1,2008-07-01,5540.7065
1,2008-10-01,5441.0063
1,2009-01-01,5653.9478
1,2009-04-01,5805.329
1,2009-07-01,5835.199
1,2009-10-01,5884.059
1,2010-01-01,6069.2817
1,2010-04-01,6325.2886
1,2010-07-01,6465.619
1,2010-10-01,6397.3633
1,2011-01-01,6644.3145
1,2011-04-01,6872.332
1,2011-07-01,7090.2593
1,2011-10-01,7194.543
1,2012-01-01,7458.827
1,2012-04-01,7656.387
1,2012-07-01,7881.2266
1,2012-10-01,7905.525
1,2013-01-01,8098.516
1,2013-04-01,8308.262
1,2013-07-01,8533.874
1,2013-10-01,8532.095
1,2014-01-01,8685.994
1,2014-04-01,8869.052
1,2014-07-01,9023.7705
1,2014-10-01,9010.488
1,2015-01-01,9154.983
1,2015-04-01,9328.286
1,2015-07-01,9516.591
1,2015-10-01,9480.587
1,2016-01-01,9680.425
1,2016-04-01,9747.506
1,2016-07-01,9903.543
1,2016-10-01,9913.431
1,2017-01-01,9951.212
1,2017-04-01,10124.97
1,2017-07-01,10271.169
1,2017-10-01,10168.528
1,2018-01-01,10158.205
1,2018-04-01,10202.323
1,2018-07-01,10232.069
1,2018-10-01,10228.566
1,2019-01-01,10271.903
1,2019-04-01,10520.785
1,2019-07-01,10582.318
1,2019-10-01,10644.918
1,2020-01-01,10647.057
1,2020-04-01,10627.108
1,2020-07-01,10731.429
1,2020-10-01,10728.704
1,2021-01-01,10798.094
1,2021-04-01,10921.786
1,2021-07-01,11042.12
1,2021-10-01,11128.883
1,2022-01-01,11099.244
1,2022-04-01,11336.213
1,2022-07-01,11463.979
1,2022-10-01,11548.358
1,2023-01-01,11695.792
1,2023-04-01,11861.984
1,2023-07-01,11994.182
1,2023-10-01,12192.103
1,2024-01-01,12327.444
1,2024-04-01,12285.597
1,2024-07-01,12381.911
1,2024-10-01,12411.58
1,2025-01-01,12414.094
1,2025-04-01,12430.56
1,2025-07-01,12291.556
1,2025-10-01,12314.469
1,2026-01-01,12226.614
10,2002-07-01,0
10,2002-10-01,0
10,2003-01-01,0
10,2003-04-01,0
10,2003-07-01,0
10,2003-10-01,0
10,2004-01-01,0
10,2004-04-01,0
10,2004-07-01,0
10,2004-10-01,0
10,2005-01-01,0
10,2005-04-01,0
10,2005-07-01,0
10,2005-10-01,0
10,2006-01-01,0
10,2006-04-01,0
10,2006-07-01,0
10,2006-10-01,0
10,2007-01-01,0
10,2007-04-01,15.28567
10,2007-07-01,38.150085
10,2007-10-01,56.059776
10,2008-01-01,97.92246
10,2008-04-01,177.39601
10,2008-07-01,146.99023
10,2008-10-01,141.13142
10,2009-01-01,163.0729
10,2009-04-01,172.63539
10,2009-07-01,187.2046
10,2009-10-01,195.35696
10,2010-01-01,212.13751
10,2010-04-01,242.62456
10,2010-07-01,249.44273
10,2010-10-01,253.98616
10,2011-01-01,285.0601
10,2011-04-01,312.0826
10,2011-07-01,316.59885
10,2011-10-01,306.60242
10,2012-01-01,327.55673
10,2012-04-01,353.1675
10,2012-07-01,377.58234
10,2012-10-01,389.5758
10,2013-01-01,420.05197
10,2013-04-01,453.63803
10,2013-07-01,504.80765
10,2013-10-01,505.41217
10,2014-01-01,511.7492
10,2014-04-01,576.20044
10,2014-07-01,576.1804
10,2014-10-01,575.85114
10,2015-01-01,584.0026
10,2015-04-01,638.5661
10,2015-07-01,658.06683
10,2015-10-01,634.9675
10,2016-01-01,640.8434
10,2016-04-01,680.8195
10,2016-07-01,727.37006
10,2016-10-01,706.28577
10,2017-01-01,715.4459
10,2017-04-01,770.4938
10,2017-07-01,787.1314
10,2017-10-01,782.1245
10,2018-01-01,820.46857
10,2018-04-01,934.4284
10,2018-07-01,975.3574
10,2018-10-01,961.3368
10,2019-01-01,1001.46027
10,2019-04-01,1032.0271
10,2019-07-01,1079.3885
10,2019-10-01,1061.8304
10,2020-01-01,1047.7766
10,2020-04-01,1078.3033
10,2020-07-01,1124.2833
10,2020-10-01,1116.9596
10,2021-01-01,1121.9688
10,2021-04-01,1199.6815
10,2021-07-01,1260.9155
10,2021-10-01,1285.8674
10,2022-01-01,1332.9802
10,2022-04-01,1403.63
10,2022-07-01,1465.937
10,2022-10-01,1481.5499
10,2023-01-01,1506.442
10,2023-04-01,1579.1687
10,2023-07-01,1623.9398
10,2023-10-01,1574.2268
10,2024-01-01,1663.5063
10,2024-04-01,1725.1138
10,2024-07-01,1738.5731
10,2024-10-01,1755.1667
10,2025-01-01,1824.8936
10,2025-04-01,1859.075
10,2025-07-01,1927.8774
10,2025-10-01,1969.7871
10,2026-01-01,1991.0764
11,2002-07-01,1154.3025
11,2002-10-01,1158.5284
11,2003-01-01,1159.9851
11,2003-04-01,1158.7216
11,2003-07-01,1154.6163
11,2003-10-01,1149.5239
11,2004-01-01,1159.5057
11,2004-04-01,1188.5245
11,2004-07-01,1146.4044
11,2004-10-01,1182.304
11,2005-01-01,1222.0983
11,2005-04-01,1205.5809
11,2005-07-01,1179.8826
11,2005-10-01,1207.994
11,2006-01-01,1218.5873
11,2006-04-01,1253.57
11,2006-07-01,1294.507
11,2006-10-01,1313.482
11,2007-01-01,1350.9445
11,2007-04-01,1387.087
11,2007-07-01,1411.2903
11,2007-10-01,1406.395
11,2008-01-01,1442.6422
11,2008-04-01,1475.1204
11,2008-07-01,1446.176
11,2008-10-01,1398.4126
11,2009-01-01,1394.497
11,2009-04-01,1419.8911
11,2009-07-01,1393.2678
11,2009-10-01,1406.125
11,2010-01-01,1448.0784
11,2010-04-01,1483.5686
11,2010-07-01,1472.3586
11,2010-10-01,1450.7399
11,2011-01-01,1533.2849
11,2011-04-01,1591.8351
11,2011-07-01,1508.8365
11,2011-10-01,1528.2305
11,2012-01-01,1546.1135
11,2012-04-01,1601.1675
11,2012-07-01,1644.1647
11,2012-10-01,1649.1516
11,2013-01-01,1687.5599
11,2013-04-01,1739.3436
11,2013-07-01,1778.887
11,2013-10-01,1790.6067
11,2014-01-01,1801.9207
11,2014-04-01,1830.6288
11,2014-07-01,1864.5161
11,2014-10-01,1930.4417
11,2015-01-01,1942.2844
11,2015-04-01,1972.2666
11,2015-07-01,1948.734
11,2015-10-01,1959.9285
11,2016-01-01,1960.8337
11,2016-04-01,2028.5614
11,2016-07-01,2061.9592
11,2016-10-01,2053.236
11,2017-01-01,2107.3428
11,2017-04-01,2180.7444
11,2017-07-01,2268.526
11,2017-10-01,2236.183
11,2018-01-01,2252.3257
11,2018-04-01,2305.7769
11,2018-07-01,2299.733
11,2018-10-01,2239.7598
11,2019-01-01,2233.941
11,2019-04-01,2224.854
11,2019-07-01,2230.44
11,2019-10-01,2196.627
11,2020-01-01,2178.9976
11,2020-04-01,2196.9363
11,2020-07-01,2172.6377
11,2020-10-01,2171.1956
11,2021-01-01,2174.203
11,2021-04-01,2227.363
11,2021-07-01,2305.3728
11,2021-10-01,2307.258
11,2022-01-01,2267.544
11,2022-04-01,2292.694
11,2022-07-01,2300.6936
11,2022-10-01,2294.074
11,2023-01-01,2288.7776
11,2023-04-01,2327.2278
11,2023-07-01,2348.7495
11,2023-10-01,2349.6477
11,2024-01-01,2379.2324
11,2024-04-01,2417.908
11,2024-07-01,2457.1223
11,2024-10-01,2461.7607
11,2025-01-01,2458.4062
11,2025-04-01,2545.963
11,2025-07-01,2487.8076
11,2025-10-01,2508.652
11,2026-01-01,2500.465
12,2002-07-01,29253.828
12,2002-10-01,29219.803
12,2003-01-01,29195.086
12,2003-04-01,29529.459
12,2003-07-01,29640.547
12,2003-10-01,29511.572
12,2004-01-01,29861.904
12,2004-04-01,30730.67
12,2004-07-01,29589.252
12,2004-10-01,29279.068
12,2005-01-01,29110.188
12,2005-04-01,28630.975
12,2005-07-01,27774.316
12,2005-10-01,28108.13
12,2006-01-01,28404.03
12,2006-04-01,28724.383
12,2006-07-01,29343.99
12,2006-10-01,29776.543
12,2007-01-01,29973.316
12,2007-04-01,30091.482
12,2007-07-01,30237.248
12,2007-10-01,29732.824
12,2008-01-01,29741.42
12,2008-04-01,30393.791
12,2008-07-01,29747.42
12,2008-10-01,28834.332
12,2009-01-01,29043.008
12,2009-04-01,29545.084
12,2009-07-01,29617.004
12,2009-10-01,29810.94
12,2010-01-01,30551.432
12,2010-04-01,31247.84
12,2010-07-01,31274.125
12,2010-10-01,30482.24
12,2011-01-01,31099.54
12,2011-04-01,31514.379
12,2011-07-01,32035.432
12,2011-10-01,32086.648
12,2012-01-01,32349.219
12,2012-04-01,32933.562
12,2012-07-01,33323.598
12,2012-10-01,33153.004
12,2013-01-01,32890.76
12,2013-04-01,33444.22
12,2013-07-01,33808.105
12,2013-10-01,33642.13
12,2014-01-01,33721.598
12,2014-04-01,34304.59
12,2014-07-01,34738.176
12,2014-10-01,34590.586
12,2015-01-01,34665.32
12,2015-04-01,35121.332
12,2015-07-01,35330.117
12,2015-10-01,34988.387
12,2016-01-01,35299.46
12,2016-04-01,35757.305
12,2016-07-01,35939.156
12,2016-10-01,35741.887
12,2017-01-01,35334.645
12,2017-04-01,35747.387
12,2017-07-01,35976.188
12,2017-10-01,35661.438
12,2018-01-01,34999.887
12,2018-04-01,35233.59
12,2018-07-01,35008.273
12,2018-10-01,34298.63
12,2019-01-01,34081.926
12,2019-04-01,34423.074
12,2019-07-01,34655.418
12,2019-10-01,34546.24
12,2020-01-01,34414.098
12,2020-04-01,34473.035
12,2020-07-01,34683.438
12,2020-10-01,34321.426
12,2021-01-01,33950.49
12,2021-04-01,34338.152
12,2021-07-01,34554.664
12,2021-10-01,34757.125
12,2022-01-01,34659.703
12,2022-04-01,35030.875
12,2022-07-01,35365.76
12,2022-10-01,35403.805
12,2023-01-01,35251.01
12,2023-04-01,35656.97
12,2023-07-01,35683.215
12,2023-10-01,35270.98
12,2024-01-01,35370.73
12,2024-04-01,35461.367
12,2024-07-01,35753.33
12,2024-10-01,35877.805
12,2025-01-01,35743.863
12,2025-04-01,35794.953
12,2025-07-01,36187.516
12,2025-10-01,36088.81
12,2026-01-01,35986.332
13,2002-07-01,16074.009
13,2002-10-01,16148.26
13,2003-01-01,16177.531
13,2003-04-01,16203.93
13,2003-07-01,16246.786
13,2003-10-01,16387.062
13,2004-01-01,16498.945
13,2004-04-01,16929.99
13,2004-07-01,16433.201
13,2004-10-01,16243.894
13,2005-01-01,16298.62
13,2005-04-01,16165.762
13,2005-07-01,16005.467
13,2005-10-01,16071.303
13,2006-01-01,15900.418
13,2006-04-01,16389.203
13,2006-07-01,16970.56
13,2006-10-01,17154.855
13,2007-01-01,17673.129
13,2007-04-01,18083.37
13,2007-07-01,18409.293
13,2007-10-01,17989.078
13,2008-01-01,18012.824
13,2008-04-01,17628.121
13,2008-07-01,17533.469
13,2008-10-01,17463.145
13,2009-01-01,17743.1
13,2009-04-01,18079.693
13,2009-07-01,18211.93
13,2009-10-01,18017.85
13,2010-01-01,18386.023
13,2010-04-01,18706.41
13,2010-07-01,18688.055
13,2010-10-01,18261.73
13,2011-01-01,18696.98
13,2011-04-01,18929.867
13,2011-07-01,19148.678
13,2011-10-01,18932.023
13,2012-01-01,19086.871
13,2012-04-01,19335.688
13,2012-07-01,19408.785
13,2012-10-01,19254.02
13,2013-01-01,18914.744
13,2013-04-01,19139.55
13,2013-07-01,19318.6
13,2013-10-01,19402.38
13,2014-01-01,19488.531
13,2014-04-01,19779
13,2014-07-01,20062.666
13,2014-10-01,19982.37
13,2015-01-01,20071.598
13,2015-04-01,20414.074
13,2015-07-01,20653.176
13,2015-10-01,20601.373
13,2016-01-01,20565.55
13,2016-04-01,20762.139
13,2016-07-01,20950.998
13,2016-10-01,20810.02
13,2017-01-01,20827.996
13,2017-04-01,21060.172
13,2017-07-01,21506.896
13,2017-10-01,21460.594
13,2018-01-01,21479.732
13,2018-04-01,21813.047
13,2018-07-01,21977.21
13,2018-10-01,21774.39
13,2019-01-01,21769.209
13,2019-04-01,22032.455
13,2019-07-01,22360.555
13,2019-10-01,22337.41
13,2020-01-01,22341.275
13,2020-04-01,22299.314
13,2020-07-01,22494.053
13,2020-10-01,22568.756
13,2021-01-01,22307.982
13,2021-04-01,22699.117
13,2021-07-01,23014.924
13,2021-10-01,23131.48
13,2022-01-01,23364.652
13,2022-04-01,23811.531
13,2022-07-01,24412.068
13,2022-10-01,24431.754
13,2023-01-01,24583.17
13,2023-04-01,25074.865
13,2023-07-01,25291.969
13,2023-10-01,25029.047
13,2024-01-01,25111.291
13,2024-04-01,25355.398
13,2024-07-01,25684.723
13,2024-10-01,25730.908
13,2025-01-01,25953.207
13,2025-04-01,26121.09
13,2025-07-01,26141.68
13,2025-10-01,26273.479
13,2026-01-01,26421.246
14,2002-07-01,3598.8523
14,2002-10-01,3567.6655
14,2003-01-01,3548.6633
14,2003-04-01,3577.1833
14,2003-07-01,3626.8274
14,2003-10-01,3505.9336
14,2004-01-01,3505.9429
14,2004-04-01,3548.2117
14,2004-07-01,3418.2048
14,2004-10-01,3358.1526
14,2005-01-01,3418.2795
14,2005-04-01,3403.8928
14,2005-07-01,3386.0432
14,2005-10-01,3424.3223
14,2006-01-01,3434.531
14,2006-04-01,3519.1853
14,2006-07-01,3658.5103
14,2006-10-01,3749.3826
14,2007-01-01,3867.507
14,2007-04-01,3940.437
14,2007-07-01,4023.3398
14,2007-10-01,4026.8037
14,2008-01-01,4031.1907
14,2008-04-01,4121.978
14,2008-07-01,4170.5327
14,2008-10-01,4066.2705
14,2009-01-01,4052.41
14,2009-04-01,4102.0376
14,2009-07-01,4090.0051
14,2009-10-01,4086.852
14,2010-01-01,4175.1465
14,2010-04-01,4255.2886
14,2010-07-01,4263.839
14,2010-10-01,4218.269
14,2011-01-01,4317.9175
14,2011-04-01,4415.0127
14,2011-07-01,4506.881
14,2011-10-01,4480.819
14,2012-01-01,4593.7026
14,2012-04-01,4657.5493
14,2012-07-01,4703.525
14,2012-10-01,4716.182
14,2013-01-01,4659.0405
14,2013-04-01,4759.001
14,2013-07-01,4841.962
14,2013-10-01,4808.357
14,2014-01-01,4759.094
14,2014-04-01,4783.222
14,2014-07-01,4845.6587
14,2014-10-01,4831.9355
14,2015-01-01,4834.983
14,2015-04-01,4872.6733
14,2015-07-01,4878.332
14,2015-10-01,4830.449
14,2016-01-01,4861.0615
14,2016-04-01,4916.216
14,2016-07-01,4985.63
14,2016-10-01,4938.335
14,2017-01-01,4932.023
14,2017-04-01,4966.759
14,2017-07-01,4974.263
14,2017-10-01,4951.632
14,2018-01-01,4907.626
14,2018-04-01,4930.1875
14,2018-07-01,4926.9995
14,2018-10-01,4891.947
14,2019-01-01,4903.7036
14,2019-04-01,4945.327
14,2019-07-01,5048.3604
14,2019-10-01,5016.0386
14,2020-01-01,5057.095
14,2020-04-01,5092.571
14,2020-07-01,5129.6484
14,2020-10-01,5104.095
14,2021-01-01,5070.0283
14,2021-04-01,5111.14
14,2021-07-01,5168.886
14,2021-10-01,5212.2827
14,2022-01-01,5233.911
14,2022-04-01,5348.8926
14,2022-07-01,5394.577
14,2022-10-01,5440.653
14,2023-01-01,5558.3584
14,2023-04-01,5577.6943
14,2023-07-01,5652.0156
14,2023-10-01,5628.4136
14,2024-01-01,5642.2734
14,2024-04-01,5656.6064
14,2024-07-01,5709.9565
14,2024-10-01,5708.46
14,2025-01-01,5719.3887
14,2025-04-01,5762.531
14,2025-07-01,5782.06
14,2025-10-01,5743.615
14,2026-01-01,5739.0894
15,2002-07-01,183.85538
15,2002-10-01,181.07881
15,2003-01-01,187.32674
15,2003-04-01,188.08574
15,2003-07-01,192.5169
15,2003-10-01,197.78777
15,2004-01-01,205.44041000000001
15,2004-04-01,206.27225
15,2004-07-01,190.98993
15,2004-10-01,188.3126
15,2005-01-01,192.31456
15,2005-04-01,186.63853
15,2005-07-01,178.41953
15,2005-10-01,182.45937
15,2006-01-01,190.61142
15,2006-04-01,191.06555
15,2006-07-01,195.36221
15,2006-10-01,207.18231
15,2007-01-01,211.36232
15,2007-04-01,218.12701
15,2007-07-01,231.37639
15,2007-10-01,228.31863
15,2008-01-01,222.96158
15,2008-04-01,232.34499
15,2008-07-01,227.43556
15,2008-10-01,217.32367
15,2009-01-01,225.369
15,2009-04-01,230.57681
15,2009-07-01,235.66534
15,2009-10-01,244.32076
15,2010-01-01,260.40887
15,2010-04-01,271.9139
15,2010-07-01,270.84726
15,2010-10-01,269.6359
15,2011-01-01,266.63687
15,2011-04-01,275.26996
15,2011-07-01,289.0085
15,2011-10-01,312.3323
15,2012-01-01,325.12418
15,2012-04-01,333.42126
15,2012-07-01,335.82336
15,2012-10-01,315.75815
15,2013-01-01,316.70865
15,2013-04-01,319.3841
15,2013-07-01,329.36273
15,2013-10-01,344.80643
15,2014-01-01,355.5381
15,2014-04-01,363.97504
15,2014-07-01,363.84958
15,2014-10-01,358.5851
15,2015-01-01,345.28674
15,2015-04-01,358.385
15,2015-07-01,367.6407
15,2015-10-01,366.5318
15,2016-01-01,359.89136
15,2016-04-01,379.01932
15,2016-07-01,368.56546
15,2016-10-01,366.3715
15,2017-01-01,366.68137
15,2017-04-01,371.13556
15,2017-07-01,366.16476
15,2017-10-01,354.07156
15,2018-01-01,368.97803
15,2018-04-01,381.45132
15,2018-07-01,373.47125
15,2018-10-01,373.4813
15,2019-01-01,380.92618
15,2019-04-01,384.89117
15,2019-07-01,395.25195
15,2019-10-01,408.59903
15,2020-01-01,388.49274
15,2020-04-01,408.94754
15,2020-07-01,418.7071
15,2020-10-01,417.7843
15,2021-01-01,416.26846
15,2021-04-01,436.53073
15,2021-07-01,441.67563
15,2021-10-01,439.17413
15,2022-01-01,438.627
15,2022-04-01,453.69403
15,2022-07-01,449.6387
15,2022-10-01,453.16678
15,2023-01-01,465.14548
15,2023-04-01,476.58234
15,2023-07-01,473.05917
15,2023-10-01,469.75443
15,2024-01-01,462.7753
15,2024-04-01,466.65662
15,2024-07-01,474.35513
15,2024-10-01,455.32513
15,2025-01-01,452.8374
15,2025-04-01,448.42978
15,2025-07-01,447.5876
15,2025-10-01,450.98337
15,2026-01-01,450.78586
16,2002-07-01,54.39785
16,2002-10-01,51.65364
16,2003-01-01,53.321655
16,2003-04-01,54.238136
16,2003-07-01,55.933903
16,2003-10-01,54.976128
16,2004-01-01,56.15341
16,2004-04-01,56.286125
16,2004-07-01,56.027
16,2004-10-01,53.235725
16,2005-01-01,52.116577
16,2005-04-01,52.55345
16,2005-07-01,50.688072
16,2005-10-01,51.280029999999996
16,2006-01-01,50.715923
16,2006-04-01,49.137016
16,2006-07-01,45.630207
16,2006-10-01,44.67402
16,2007-01-01,45.768158
16,2007-04-01,48.75655
16,2007-07-01,48.827225
16,2007-10-01,46.189774
16,2008-01-01,54.057518
16,2008-04-01,59.29139
16,2008-07-01,61.443718
16,2008-10-01,59.485935
16,2009-01-01,63.63909
16,2009-04-01,67.25098
16,2009-07-01,69.09807
16,2009-10-01,66.72664
16,2010-01-01,70.73104
16,2010-04-01,73.4298
16,2010-07-01,71.9575
16,2010-10-01,66.75105
16,2011-01-01,73
16,2011-04-01,77
16,2011-07-01,74
16,2011-10-01,68.56216
16,2012-01-01,75.55675
16,2012-04-01,80.583755
16,2012-07-01,83.58234
16,2012-10-01,81.57581
16,2013-01-01,88.13133
16,2013-04-01,90.186516
16,2013-07-01,88.59575
16,2013-10-01,96.54177
16,2014-01-01,97.48027
16,2014-04-01,102.48872
16,2014-07-01,111.48473
16,2014-10-01,124.42332
16,2015-01-01,126.831245
16,2015-04-01,113.860756
16,2015-07-01,109.85627
16,2015-10-01,109.342094
16,2016-01-01,106.188446
16,2016-04-01,111.638
16,2016-07-01,102.13617
16,2016-10-01,99.085724
16,2017-01-01,105.801445
16,2017-04-01,107.806526
16,2017-07-01,107.316925
16,2017-10-01,105.26786
16,2018-01-01,102.69363
16,2018-04-01,102.64789
16,2018-07-01,102.585075
16,2018-10-01,110.48128
16,2019-01-01,109.52733
16,2019-04-01,107.50352
16,2019-07-01,108.007286
16,2019-10-01,98.607376
16,2020-01-01,100.53023
16,2020-04-01,105.55672
16,2020-07-01,107.83663
16,2020-10-01,107.84153
16,2021-01-01,102.179436
16,2021-04-01,103.20775
16,2021-07-01,108.19951
16,2021-10-01,105.65497
16,2022-01-01,103.62939
16,2022-04-01,108.5388
16,2022-07-01,109.176544
16,2022-10-01,110.63208
16,2023-01-01,100.98134
16,2023-04-01,100.25982
16,2023-07-01,101.18736
16,2023-10-01,97.08029
16,2024-01-01,99.99488
16,2024-04-01,97.766945
16,2024-07-01,100.0921
16,2024-10-01,96.1891
16,2025-01-01,95.38607
16,2025-04-01,99.82945
16,2025-07-01,101.686806
16,2025-10-01,96.95305
16,2026-01-01,93.909454
17,2002-07-01,6444.6255
17,2002-10-01,6336.8994
17,2003-01-01,6281.7617
17,2003-04-01,6263.0293
17,2003-07-01,6154.151
17,2003-10-01,6054.142
17,2004-01-01,6039.521
17,2004-04-01,6199.384
17,2004-07-01,5918.9575
17,2004-10-01,5797.536
17,2005-01-01,5802.6597
17,2005-04-01,5721.5464
17,2005-07-01,5530.195
17,2005-10-01,5532.631
17,2006-01-01,5627.025
17,2006-04-01,5781.727
17,2006-07-01,5992.11
17,2006-10-01,6126.2017
17,2007-01-01,6310.1846
17,2007-04-01,6411.757
17,2007-07-01,6497.8457
17,2007-10-01,6465.7134
17,2008-01-01,6633.2983
17,2008-04-01,6714.423
17,2008-07-01,6690.3667
17,2008-10-01,6571.288
17,2009-01-01,6526.106
17,2009-04-01,6597.716
17,2009-07-01,6500.798
17,2009-10-01,6497.1895
17,2010-01-01,6634.495
17,2010-04-01,6815.831
17,2010-07-01,6812.2734
17,2010-10-01,6723.045
17,2011-01-01,6992.382
17,2011-04-01,7193.9287
17,2011-07-01,7313.8765
17,2011-10-01,7392.2686
17,2012-01-01,7584.6323
17,2012-04-01,7688.316
17,2012-07-01,7725.94
17,2012-10-01,7754.215
17,2013-01-01,7687.443
17,2013-04-01,7768.599
17,2013-07-01,7936.6953
17,2013-10-01,7897.1504
17,2014-01-01,7937.114
17,2014-04-01,7996.985
17,2014-07-01,8048.341
17,2014-10-01,8036.811
17,2015-01-01,8070.436
17,2015-04-01,8230.138
17,2015-07-01,8376.172
17,2015-10-01,8390.025
17,2016-01-01,8538.77
17,2016-04-01,8691.227
17,2016-07-01,8807.582
17,2016-10-01,8858.614
17,2017-01-01,8877.331
17,2017-04-01,9067.067
17,2017-07-01,9172.346
17,2017-10-01,9066.344
17,2018-01-01,9017.09
17,2018-04-01,9114.2
17,2018-07-01,9128.45
17,2018-10-01,9128.665
17,2019-01-01,9085.517
17,2019-04-01,9230.433
17,2019-07-01,9281.849
17,2019-10-01,9246.283
17,2020-01-01,9299.602
17,2020-04-01,9358.564
17,2020-07-01,9424.839
17,2020-10-01,9408.317
17,2021-01-01,9423.843
17,2021-04-01,9496.8125
17,2021-07-01,9552.386
17,2021-10-01,9618.006
17,2022-01-01,9647.246
17,2022-04-01,9780.966
17,2022-07-01,9945.295
17,2022-10-01,9986.865
17,2023-01-01,10038.879
17,2023-04-01,10025.569
17,2023-07-01,10174.071
17,2023-10-01,10128.977
17,2024-01-01,10063.833
17,2024-04-01,10154.307
17,2024-07-01,10150.011
17,2024-10-01,10085.316
17,2025-01-01,10132.957
17,2025-04-01,10239.3955
17,2025-07-01,10223.937
17,2025-10-01,10224.413
17,2026-01-01,10171.468
18,2002-07-01,3506.4429
18,2002-10-01,3326.3855
18,2003-01-01,3286.8936
18,2003-04-01,3391.6912
18,2003-07-01,3444.8723
18,2003-10-01,3074.4082
18,2004-01-01,3283.049
18,2004-04-01,3447.4194
18,2004-07-01,3349.9182
18,2004-10-01,2834.4346
18,2005-01-01,3020.1106
18,2005-04-01,3206.785
18,2005-07-01,3114.1155
18,2005-10-01,2744.6873
18,2006-01-01,2864.521
18,2006-04-01,3142.1924
18,2006-07-01,3189.8267
18,2006-10-01,2879.8115
18,2007-01-01,3125.601
18,2007-04-01,3384.1787
18,2007-07-01,3428.32
18,2007-10-01,3141.1182
18,2008-01-01,3379.8435
18,2008-04-01,3595.4329
18,2008-07-01,3587.0623
18,2008-10-01,3338.1743
18,2009-01-01,3563.0605
18,2009-04-01,3796.3628
18,2009-07-01,3805.99
18,2009-10-01,3586.8838
18,2010-01-01,3837.4346
18,2010-04-01,4211.1025
18,2010-07-01,4282.045
18,2010-10-01,3930.9065
18,2011-01-01,4217.988
18,2011-04-01,4822.299
18,2011-07-01,4938.133
18,2011-10-01,4336.1772
18,2012-01-01,4506.658
18,2012-04-01,5112.468
18,2012-07-01,5241.045
18,2012-10-01,4733.9517
18,2013-01-01,4780.2446
18,2013-04-01,5424.1436
18,2013-07-01,5448.331
18,2013-10-01,5072.0405
18,2014-01-01,5144.251
18,2014-04-01,5690.731
18,2014-07-01,5805.1763
18,2014-10-01,5582.9644
18,2015-01-01,5434.019
18,2015-04-01,5800.3745
18,2015-07-01,5984.1855
18,2015-10-01,5710.8936
18,2016-01-01,5595.165
18,2016-04-01,6016.0835
18,2016-07-01,6115.705
18,2016-10-01,6246.006
18,2017-01-01,5931.8467
18,2017-04-01,6338.759
18,2017-07-01,6432.848
18,2017-10-01,6432.496
18,2018-01-01,6138.312
18,2018-04-01,6599.76
18,2018-07-01,6704.008
18,2018-10-01,6774.202
18,2019-01-01,6612.8403
18,2019-04-01,6987.189
18,2019-07-01,7097.4243
18,2019-10-01,7185.862
18,2020-01-01,6907.677
18,2020-04-01,7221.5713
18,2020-07-01,7639.3184
18,2020-10-01,7688.544
18,2021-01-01,7508.005
18,2021-04-01,8150.7935
18,2021-07-01,8435.234
18,2021-10-01,8627.855
18,2022-01-01,8639.085
18,2022-04-01,8895.324
18,2022-07-01,9129.127
18,2022-10-01,9317.875
18,2023-01-01,9476.165
18,2023-04-01,9658.985
18,2023-07-01,9865.517
18,2023-10-01,9877.641
18,2024-01-01,10008.523
18,2024-04-01,9745.969
18,2024-07-01,9835.076
18,2024-10-01,9863.6
18,2025-01-01,9981.264
18,2025-04-01,9789.137
18,2025-07-01,9810.751
18,2025-10-01,9781.264
18,2026-01-01,10200.206
19,2002-07-01,7949.9727
19,2002-10-01,7874.373
19,2003-01-01,7897.049
19,2003-04-01,7880.6084
19,2003-07-01,7907.2314
19,2003-10-01,7843.846
19,2004-01-01,7919.235
19,2004-04-01,8124.7373
19,2004-07-01,7790.778
19,2004-10-01,7700.227
19,2005-01-01,7807.052
19,2005-04-01,7737.6924
19,2005-07-01,7607.3877
19,2005-10-01,7717.0747
19,2006-01-01,7810.7524
19,2006-04-01,8042.5234
19,2006-07-01,8351.997
19,2006-10-01,8281.555
19,2007-01-01,8692.452
19,2007-04-01,8956.573
19,2007-07-01,9122.051
19,2007-10-01,9119.456
19,2008-01-01,9285.767
19,2008-04-01,9395.424
19,2008-07-01,9381.313
19,2008-10-01,9365.12
19,2009-01-01,9545.761
19,2009-04-01,9840.158
19,2009-07-01,9913.179
19,2009-10-01,10107.909
19,2010-01-01,10469.233
19,2010-04-01,10837.782
19,2010-07-01,10995.715
19,2010-10-01,10708.371
19,2011-01-01,10867.792
19,2011-04-01,11074.515
19,2011-07-01,11352.517
19,2011-10-01,11377.019
19,2012-01-01,11719.7295
19,2012-04-01,12014.965
19,2012-07-01,12248.219
19,2012-10-01,12234.666
19,2013-01-01,12206.805
19,2013-04-01,12459.929
19,2013-07-01,12663.359
19,2013-10-01,12751.899
19,2014-01-01,12861.608
19,2014-04-01,13079.93
19,2014-07-01,13322.935
19,2014-10-01,13292.739
19,2015-01-01,13328.199
19,2015-04-01,13427.267
19,2015-07-01,13702.929
19,2015-10-01,13615.197
19,2016-01-01,13795.055
19,2016-04-01,14013.797
19,2016-07-01,14100.552
19,2016-10-01,14026.083
19,2017-01-01,13988.276
19,2017-04-01,14129.213
19,2017-07-01,14243.308
19,2017-10-01,14219.403
19,2018-01-01,14100.588
19,2018-04-01,14053.578
19,2018-07-01,14082.955
19,2018-10-01,13999.216
19,2019-01-01,13992.097
19,2019-04-01,14176.355
19,2019-07-01,14294.155
19,2019-10-01,14210.258
19,2020-01-01,14261.563
19,2020-04-01,14246.107
19,2020-07-01,14275.779
19,2020-10-01,14231.071
19,2021-01-01,14252.976
19,2021-04-01,14556.676
19,2021-07-01,14673.517
19,2021-10-01,14499.722
19,2022-01-01,14552.772
19,2022-04-01,14807.252
19,2022-07-01,14970.547
19,2022-10-01,15100.88
19,2023-01-01,15136.173
19,2023-04-01,15268.527
19,2023-07-01,15571.706
19,2023-10-01,15406.176
19,2024-01-01,15424.865
19,2024-04-01,15496.349
19,2024-07-01,15575.681
19,2024-10-01,15546.342
19,2025-01-01,15620.189
19,2025-04-01,15713.212
19,2025-07-01,15836.293
19,2025-10-01,15879.735
19,2026-01-01,15807.429
2,2002-07-01,889.6123
2,2002-10-01,891.2962
2,2003-01-01,861.4944
2,2003-04-01,886.1294
2,2003-07-01,884.98376
2,2003-10-01,864.755
2,2004-01-01,878.90063
2,2004-04-01,941.28326
2,2004-07-01,915.7369
2,2004-10-01,933.2799
2,2005-01-01,951.7277
2,2005-04-01,987.14154
2,2005-07-01,990.2116
2,2005-10-01,1024.6967
2,2006-01-01,1078.8806
2,2006-04-01,1123.8363
2,2006-07-01,1181.1274
2,2006-10-01,1233.8464
2,2007-01-01,1287.5544
2,2007-04-01,1385.8438
2,2007-07-01,1463.1545
2,2007-10-01,1519.3241
2,2008-01-01,1613.8318
2,2008-04-01,1766.9644
2,2008-07-01,1859.9006
2,2008-10-01,1792.4336
2,2009-01-01,1757.1549
2,2009-04-01,1750.4141
2,2009-07-01,1747.4329
2,2009-10-01,1754.3745
2,2010-01-01,1781.7278
2,2010-04-01,1811.509
2,2010-07-01,1843.9235
2,2010-10-01,1838.5222
2,2011-01-01,1964.0275
2,2011-04-01,2070.5132
2,2011-07-01,2140.3694
2,2011-10-01,2114.5603
2,2012-01-01,2215
2,2012-04-01,2301.5837
2,2012-07-01,2396.5823
2,2012-10-01,2418.576
2,2013-01-01,2515.9727
2,2013-04-01,2541.903
2,2013-07-01,2599.4622
2,2013-10-01,2570.4985
2,2014-01-01,2660.541
2,2014-04-01,2728.522
2,2014-07-01,2754.1455
2,2014-10-01,2754.635
2,2015-01-01,2777.8872
2,2015-04-01,2820.8865
2,2015-07-01,2846.2292
2,2015-10-01,2804.536
2,2016-01-01,2840.07
2,2016-04-01,2882.508
2,2016-07-01,2862.298
2,2016-10-01,2844.8574
2,2017-01-01,2903.5889
2,2017-04-01,2977.998
2,2017-07-01,3040.3674
2,2017-10-01,3091.1587
2,2018-01-01,3085.7678
2,2018-04-01,3144.9062
2,2018-07-01,3173.6748
2,2018-10-01,3217.2866
2,2019-01-01,3332.3635
2,2019-04-01,3446.521
2,2019-07-01,3577.31
2,2019-10-01,3578.743
2,2020-01-01,3570.0488
2,2020-04-01,3554.6748
2,2020-07-01,3610.0781
2,2020-10-01,3657.3887
2,2021-01-01,3713.1104
2,2021-04-01,3824.477
2,2021-07-01,3931.3542
2,2021-10-01,3929.0012
2,2022-01-01,3964.0432
2,2022-04-01,4130.4634
2,2022-07-01,4223.8633
2,2022-10-01,4241.1777
2,2023-01-01,4340.733
2,2023-04-01,4508.848
2,2023-07-01,4698.16
2,2023-10-01,4759.7505
2,2024-01-01,4856.814
2,2024-04-01,5005.581
2,2024-07-01,5105.87
2,2024-10-01,5150.533
2,2025-01-01,5166.389
2,2025-04-01,5162.201
2,2025-07-01,5171.7544
2,2025-10-01,5150.9883
2,2026-01-01,4762.128
20,2002-07-01,3157.9714
20,2002-10-01,3096.8647
20,2003-01-01,2964.95
20,2003-04-01,2948.1492
20,2003-07-01,3004.0647
20,2003-10-01,2953.5928
20,2004-01-01,2894.7727
20,2004-04-01,2946.4412
20,2004-07-01,2906.0378
20,2004-10-01,2782.9023
20,2005-01-01,2795.1042
20,2005-04-01,2808.9592
20,2005-07-01,2792.483
20,2005-10-01,2816.1045
20,2006-01-01,2826.1199
20,2006-04-01,2894.981
20,2006-07-01,3007.3274
20,2006-10-01,3048.5247
20,2007-01-01,3104.7095
20,2007-04-01,3203.6504
20,2007-07-01,3381.672
20,2007-10-01,3427.7007
20,2008-01-01,3514.2705
20,2008-04-01,3638.4355
20,2008-07-01,3728.646
20,2008-10-01,3770.0664
20,2009-01-01,3706.9119
20,2009-04-01,3763.016
20,2009-07-01,3746.9443
20,2009-10-01,3699.4202
20,2010-01-01,3764.0452
20,2010-04-01,3855.508
20,2010-07-01,3911.032
20,2010-10-01,3865.7805
20,2011-01-01,3955.964
20,2011-04-01,4122.4526
20,2011-07-01,4249.6655
20,2011-10-01,4294.2314
20,2012-01-01,4378.0024
20,2012-04-01,4512.9575
20,2012-07-01,4574.458
20,2012-10-01,4532.639
20,2013-01-01,4548.7886
20,2013-04-01,4626.621
20,2013-07-01,4681.739
20,2013-10-01,4694.399
20,2014-01-01,4700.7783
20,2014-04-01,4783.2437
20,2014-07-01,4880.423
20,2014-10-01,4830.842
20,2015-01-01,4919.4272
20,2015-04-01,4989.282
20,2015-07-01,5023.8843
20,2015-10-01,5034.298
20,2016-01-01,5023.872
20,2016-04-01,5114.2905
20,2016-07-01,5228.7515
20,2016-10-01,5264.877
20,2017-01-01,5338.6577
20,2017-04-01,5457.735
20,2017-07-01,5488.009
20,2017-10-01,5501.4585
20,2018-01-01,5473.609
20,2018-04-01,5473.677
20,2018-07-01,5463.609
20,2018-10-01,5440.6953
20,2019-01-01,5426.5244
20,2019-04-01,5476.0303
20,2019-07-01,5535.7324
20,2019-10-01,5541.747
20,2020-01-01,5609.578
20,2020-04-01,5608.555
20,2020-07-01,5638.615
20,2020-10-01,5646.307
20,2021-01-01,5643.25
20,2021-04-01,5760.5996
20,2021-07-01,5820.583
20,2021-10-01,5821.9434
20,2022-01-01,5893.6494
20,2022-04-01,5997.0737
20,2022-07-01,6094.9746
20,2022-10-01,6190.134
20,2023-01-01,6268.728
20,2023-04-01,6379.154
20,2023-07-01,6438.826
20,2023-10-01,6507.906
20,2024-01-01,6483.763
20,2024-04-01,6588.224
20,2024-07-01,6718.678
20,2024-10-01,6741.02
20,2025-01-01,6743.586
20,2025-04-01,6817.817
20,2025-07-01,6846.492
20,2025-10-01,6810.5166
20,2026-01-01,6732.0903
21,2002-07-01,32594.953
21,2002-10-01,32792.184
21,2003-01-01,33286.81
21,2003-04-01,33542.156
21,2003-07-01,33839.047
21,2003-10-01,33797.188
21,2004-01-01,34144.445
21,2004-04-01,35222.695
21,2004-07-01,35073.395
21,2004-10-01,35311.742
21,2005-01-01,35826.895
21,2005-04-01,35872.55
21,2005-07-01,35496.184
21,2005-10-01,35795.215
21,2006-01-01,36232.25
21,2006-04-01,37519.09
21,2006-07-01,38497.63
21,2006-10-01,39028.45
21,2007-01-01,39891.027
21,2007-04-01,41052.543
21,2007-07-01,41974.12
21,2007-10-01,42200.83
21,2008-01-01,43608.566
21,2008-04-01,44910.117
21,2008-07-01,45041.445
21,2008-10-01,45154.3
21,2009-01-01,45362.59
21,2009-04-01,46226.234
21,2009-07-01,46306.375
21,2009-10-01,46331.363
21,2010-01-01,47126.562
21,2010-04-01,48649.684
21,2010-07-01,49321.254
21,2010-10-01,49088.504
21,2011-01-01,50730.625
21,2011-04-01,52414.203
21,2011-07-01,53333
21,2011-10-01,53311.11
21,2012-01-01,54380.305
21,2012-04-01,55589.746
21,2012-07-01,57256.668
21,2012-10-01,57064.164
21,2013-01-01,57280.938
21,2013-04-01,59439.51
21,2013-07-01,60783.51
21,2013-10-01,60221.617
21,2014-01-01,60760.945
21,2014-04-01,63376.203
21,2014-07-01,63836.652
21,2014-10-01,63027.18
21,2015-01-01,63524.875
21,2015-04-01,64958.746
21,2015-07-01,65251.316
21,2015-10-01,64326.016
21,2016-01-01,64720.156
21,2016-04-01,65278.375
21,2016-07-01,65264.656
21,2016-10-01,65343.242
21,2017-01-01,65771.29
21,2017-04-01,67670.6
21,2017-07-01,68150.16
21,2017-10-01,67590.46
21,2018-01-01,67120.766
21,2018-04-01,67996.19
21,2018-07-01,68255.336
21,2018-10-01,67842.32
21,2019-01-01,68668.3
21,2019-04-01,70856.55
21,2019-07-01,71603.62
21,2019-10-01,71109.11
21,2020-01-01,70651.96
21,2020-04-01,70739.15
21,2020-07-01,72086.24
21,2020-10-01,71766.88
21,2021-01-01,71749.26
21,2021-04-01,74034.6
21,2021-07-01,74984.88
21,2021-10-01,74416.695
21,2022-01-01,75383.78
21,2022-04-01,77521.15
21,2022-07-01,78633.46
21,2022-10-01,78517.83
21,2023-01-01,78934.945
21,2023-04-01,80953.58
21,2023-07-01,81321.08
21,2023-10-01,80037.58
21,2024-01-01,80140.78
21,2024-04-01,80311.234
21,2024-07-01,79803.01
21,2024-10-01,78954.29
21,2025-01-01,78988.95
21,2025-04-01,79568.53
21,2025-07-01,79608.734
21,2025-10-01,78686.04
21,2026-01-01,78561.49
22,2002-07-01,11387.11
22,2002-10-01,11429.07
22,2003-01-01,11531.359
22,2003-04-01,11661.807
22,2003-07-01,11766.144
22,2003-10-01,11748.906
22,2004-01-01,11704.145
22,2004-04-01,12115.803
22,2004-07-01,12058.122
22,2004-10-01,12123.527
22,2005-01-01,12155.969
22,2005-04-01,12362.547
22,2005-07-01,12400.419
22,2005-10-01,12772.802
22,2006-01-01,12819.265
22,2006-04-01,13242.107
22,2006-07-01,13720.658
22,2006-10-01,14236.064
22,2007-01-01,14517.403
22,2007-04-01,15016.876
22,2007-07-01,15363.796
22,2007-10-01,15872.103
22,2008-01-01,16082.698
22,2008-04-01,16665.572
22,2008-07-01,17287.076
22,2008-10-01,17346.314
22,2009-01-01,17360.89
22,2009-04-01,17581.658
22,2009-07-01,17746.035
22,2009-10-01,17920.982
22,2010-01-01,18037.463
22,2010-04-01,18588.074
22,2010-07-01,18807.562
22,2010-10-01,18978.576
22,2011-01-01,19687.639
22,2011-04-01,20481.512
22,2011-07-01,21186.678
22,2011-10-01,21809.578
22,2012-01-01,22195.043
22,2012-04-01,23018.66
22,2012-07-01,23518.05
22,2012-10-01,23950.021
22,2013-01-01,23883.047
22,2013-04-01,24803.9
22,2013-07-01,25357.48
22,2013-10-01,25648.502
22,2014-01-01,25408.07
22,2014-04-01,25852.191
22,2014-07-01,26120.506
22,2014-10-01,26843.236
22,2015-01-01,26801.498
22,2015-04-01,27478.621
22,2015-07-01,28003.69
22,2015-10-01,28220.21
22,2016-01-01,28290.256
22,2016-04-01,28931.99
22,2016-07-01,29129.438
22,2016-10-01,29364.973
22,2017-01-01,29450.307
22,2017-04-01,30431.516
22,2017-07-01,30935.248
22,2017-10-01,31001.305
22,2018-01-01,30793.553
22,2018-04-01,31584.285
22,2018-07-01,31793.842
22,2018-10-01,31754.336
22,2019-01-01,31834.674
22,2019-04-01,32882.035
22,2019-07-01,33277.527
22,2019-10-01,33392.883
22,2020-01-01,33457.22
22,2020-04-01,33567.285
22,2020-07-01,34153.227
22,2020-10-01,34246.156
22,2021-01-01,34253.324
22,2021-04-01,35613.1
22,2021-07-01,36378.367
22,2021-10-01,37168.008
22,2022-01-01,37453.355
22,2022-04-01,39351.375
22,2022-07-01,40230.504
22,2022-10-01,40621.473
22,2023-01-01,40971.18
22,2023-04-01,42566.637
22,2023-07-01,43335.14
22,2023-10-01,43872.844
22,2024-01-01,43545.97
22,2024-04-01,44408.66
22,2024-07-01,44861.863
22,2024-10-01,44979.1
22,2025-01-01,44731.24
22,2025-04-01,45598.9
22,2025-07-01,46155.33
22,2025-10-01,46169.844
22,2026-01-01,45866.703
23,2002-07-01,1631.5416
23,2002-10-01,1641.9972
23,2003-01-01,1644.9309
23,2003-04-01,1607.4574
23,2003-07-01,1623.4696
23,2003-10-01,1674.4321
23,2004-01-01,1673.0533
23,2004-04-01,1679.1199
23,2004-07-01,1623.5864
23,2004-10-01,1565.4739
23,2005-01-01,1606.4291
23,2005-04-01,1563.7623
23,2005-07-01,1514.2645
23,2005-10-01,1415.1515
23,2006-01-01,1512.576
23,2006-04-01,1539.7589
23,2006-07-01,1592.9225
23,2006-10-01,1494.8187
23,2007-01-01,1620.1609
23,2007-04-01,1699.7566
23,2007-07-01,1757.8193
23,2007-10-01,1608.2891
23,2008-01-01,1714.4384
23,2008-04-01,1697.0759
23,2008-07-01,1697.626
23,2008-10-01,1546.353
23,2009-01-01,1668.8157
23,2009-04-01,1732.3737
23,2009-07-01,1730.1216
23,2009-10-01,1658.9038
23,2010-01-01,1816.2045
23,2010-04-01,1925.9003
23,2010-07-01,1941.5455
23,2010-10-01,1828.162
23,2011-01-01,2053.8313
23,2011-04-01,2208.4048
23,2011-07-01,2295.952
23,2011-10-01,2074.8032
23,2012-01-01,2243.1865
23,2012-04-01,2483.382
23,2012-07-01,2577.8113
23,2012-10-01,2361.9268
23,2013-01-01,2484.7173
23,2013-04-01,2691.9739
23,2013-07-01,2771.5017
23,2013-10-01,2509.3083
23,2014-01-01,2608.7402
23,2014-04-01,2884.2686
23,2014-07-01,2911.5513
23,2014-10-01,2660.4504
23,2015-01-01,2752.3154
23,2015-04-01,2943.8271
23,2015-07-01,3016.2842
23,2015-10-01,2741.6348
23,2016-01-01,2818.1526
23,2016-04-01,3027.7603
23,2016-07-01,3073.3225
23,2016-10-01,2851.5215
23,2017-01-01,2954.7046
23,2017-04-01,3107.593
23,2017-07-01,3180.375
23,2017-10-01,2938.3008
23,2018-01-01,3067.026
23,2018-04-01,3276.3655
23,2018-07-01,3353.1348
23,2018-10-01,3116.6238
23,2019-01-01,3246.8032
23,2019-04-01,3466.842
23,2019-07-01,3584.9873
23,2019-10-01,3427.751
23,2020-01-01,3512.191
23,2020-04-01,3730.357
23,2020-07-01,3875.9514
23,2020-10-01,3714.6736
23,2021-01-01,3810.5571
23,2021-04-01,4171.6714
23,2021-07-01,4290.6836
23,2021-10-01,4180.609
23,2022-01-01,4392.9795
23,2022-04-01,4651.8013
23,2022-07-01,4775.6533
23,2022-10-01,4728.9795
23,2023-01-01,4956.7227
23,2023-04-01,5326.4297
23,2023-07-01,5495.6597
23,2023-10-01,5312.822
23,2024-01-01,5395.1885
23,2024-04-01,5493.3975
23,2024-07-01,5601.229
23,2024-10-01,5580.8984
23,2025-01-01,5687.664
23,2025-04-01,5789.4497
23,2025-07-01,5864.7646
23,2025-10-01,5843.0977
23,2026-01-01,5969.277
24,2002-07-01,4881.1997
24,2002-10-01,4896.881
24,2003-01-01,4955.295
24,2003-04-01,5029.357
24,2003-07-01,5054.833
24,2003-10-01,5086.0093
24,2004-01-01,5159.1646
24,2004-04-01,5324.269
24,2004-07-01,5521.0684
24,2004-10-01,5673.565
24,2005-01-01,5861.69
24,2005-04-01,6015.3467
24,2005-07-01,6134.1855
24,2005-10-01,6293.066
24,2006-01-01,6507.5576
24,2006-04-01,6869.29
24,2006-07-01,7173.343
24,2006-10-01,7465.8975
24,2007-01-01,7673.1963
24,2007-04-01,7966.888
24,2007-07-01,8345.468
24,2007-10-01,8663.752
24,2008-01-01,8882.563
24,2008-04-01,8762.009
24,2008-07-01,9018.806
24,2008-10-01,8695.223
24,2009-01-01,8698.74
24,2009-04-01,8677.298
24,2009-07-01,8440.455
24,2009-10-01,8447.736
24,2010-01-01,8548.585
24,2010-04-01,8766.753
24,2010-07-01,8909.742
24,2010-10-01,8993.047
24,2011-01-01,9343.418
24,2011-04-01,9817.818
24,2011-07-01,10178.82
24,2011-10-01,10403.33
24,2012-01-01,10635.681
24,2012-04-01,10945.254
24,2012-07-01,11197.942
24,2012-10-01,11208.368
24,2013-01-01,11122.978
24,2013-04-01,11450.903
24,2013-07-01,11630.74
24,2013-10-01,11569.441
24,2014-01-01,11550.614
24,2014-04-01,11787.998
24,2014-07-01,11925.528
24,2014-10-01,11822.626
24,2015-01-01,11700.113
24,2015-04-01,11915.041
24,2015-07-01,11874.515
24,2015-10-01,11752.985
24,2016-01-01,11597.577
24,2016-04-01,11722.438
24,2016-07-01,11664.151
24,2016-10-01,11454.7705
24,2017-01-01,11353.443
24,2017-04-01,11569.652
24,2017-07-01,11680.306
24,2017-10-01,11690.274
24,2018-01-01,11752.555
24,2018-04-01,12349.673
24,2018-07-01,12676.37
24,2018-10-01,12709.771
24,2019-01-01,12718.261
24,2019-04-01,13037.368
24,2019-07-01,13194.302
24,2019-10-01,13114.957
24,2020-01-01,13136.892
24,2020-04-01,13076.232
24,2020-07-01,12941.885
24,2020-10-01,12858.924
24,2021-01-01,12877.231
24,2021-04-01,13291.544
24,2021-07-01,13602.892
24,2021-10-01,13730.975
24,2022-01-01,13903.117
24,2022-04-01,14448.516
24,2022-07-01,14858.025
24,2022-10-01,15123.356
24,2023-01-01,15383.563
24,2023-04-01,15848.361
24,2023-07-01,16270.609
24,2023-10-01,16323.64
24,2024-01-01,16292.241
24,2024-04-01,16529.252
24,2024-07-01,16494.98
24,2024-10-01,16542.408
24,2025-01-01,16466.436
24,2025-04-01,16315.914
24,2025-07-01,16319.62
24,2025-10-01,16253.378
24,2026-01-01,16179.14
25,2002-07-01,34301.906
25,2002-10-01,35078.945
25,2003-01-01,35836.086
25,2003-04-01,36335.453
25,2003-07-01,36980.52
25,2003-10-01,37563.832
25,2004-01-01,38072.35
25,2004-04-01,39887.01
25,2004-07-01,40936.594
25,2004-10-01,41795.246
25,2005-01-01,43018.812
25,2005-04-01,43757.473
25,2005-07-01,44309.387
25,2005-10-01,45655.46
25,2006-01-01,47017.22
25,2006-04-01,47759.67
25,2006-07-01,49262.035
25,2006-10-01,50256.68
25,2007-01-01,51210.44
25,2007-04-01,52786.223
25,2007-07-01,53310.66
25,2007-10-01,54170.438
25,2008-01-01,54999.06
25,2008-04-01,55639.36
25,2008-07-01,56092.664
25,2008-10-01,56794.062
25,2009-01-01,57237.656
25,2009-04-01,57416.33
25,2009-07-01,57053.87
25,2009-10-01,57678.344
25,2010-01-01,58554.473
25,2010-04-01,59880.195
25,2010-07-01,60932.203
25,2010-10-01,61017.65
25,2011-01-01,63327.96
25,2011-04-01,65090.664
25,2011-07-01,66361.734
25,2011-10-01,67059.35
25,2012-01-01,68395.45
25,2012-04-01,69580.13
25,2012-07-01,70326.445
25,2012-10-01,70699.14
25,2013-01-01,71269.34
25,2013-04-01,72860.48
25,2013-07-01,73543.875
25,2013-10-01,73611.164
25,2014-01-01,74595.15
25,2014-04-01,75799.3
25,2014-07-01,76036.45
25,2014-10-01,76298.21
25,2015-01-01,76460.86
25,2015-04-01,77543.78
25,2015-07-01,77886.1
25,2015-10-01,78421.01
25,2016-01-01,79209.54
25,2016-04-01,80540.68
25,2016-07-01,81336.13
25,2016-10-01,81731.82
25,2017-01-01,81007.18
25,2017-04-01,82805.195
25,2017-07-01,83338.62
25,2017-10-01,83938.76
25,2018-01-01,83943.516
25,2018-04-01,85596.71
25,2018-07-01,85871.664
25,2018-10-01,86354.836
25,2019-01-01,86829.53
25,2019-04-01,88771.65
25,2019-07-01,89498.21
25,2019-10-01,90500.21
25,2020-01-01,90283.33
25,2020-04-01,89983.016
25,2020-07-01,90556.61
25,2020-10-01,90421.25
25,2021-01-01,90183.36
25,2021-04-01,92442.016
25,2021-07-01,94398.57
25,2021-10-01,95874.016
25,2022-01-01,97550.68
25,2022-04-01,100009.37
25,2022-07-01,101303.17
25,2022-10-01,102679.836
25,2023-01-01,103592.375
25,2023-04-01,105579.66
25,2023-07-01,106485.984
25,2023-10-01,107165.76
25,2024-01-01,109708.55
25,2024-04-01,110137.414
25,2024-07-01,112044.26
25,2024-10-01,114067.23
25,2025-01-01,112802.945
25,2025-04-01,114343.17
25,2025-07-01,114586.32
25,2025-10-01,116751.836
25,2026-01-01,118437.66
26,2002-07-01,3742.4385
26,2002-10-01,3710.2974
26,2003-01-01,3695.8457
26,2003-04-01,3669.705
26,2003-07-01,3672.9343
26,2003-10-01,3597.5784
26,2004-01-01,3570.7815
26,2004-04-01,3714.8462
26,2004-07-01,3523.898
26,2004-10-01,3516.2986
26,2005-01-01,3606.7651
26,2005-04-01,3588.9744
26,2005-07-01,3579.7332
26,2005-10-01,3717.7947
26,2006-01-01,3766.285
26,2006-04-01,3863.9128
26,2006-07-01,4146.6313
26,2006-10-01,4300.354
26,2007-01-01,4523.8384
26,2007-04-01,4741.842
26,2007-07-01,4881.3086
26,2007-10-01,5074.777
26,2008-01-01,5155.673
26,2008-04-01,5380.528
26,2008-07-01,5339.2837
26,2008-10-01,5423.0923
26,2009-01-01,5269.8916
26,2009-04-01,5236.8013
26,2009-07-01,5040.3623
26,2009-10-01,4964.3496
26,2010-01-01,4964.722
26,2010-04-01,5153.214
26,2010-07-01,5070.2095
26,2010-10-01,5073.6206
26,2011-01-01,5285.408
26,2011-04-01,5646.9883
26,2011-07-01,5845.745
26,2011-10-01,5960.62
26,2012-01-01,6030.3
26,2012-04-01,6232.526
26,2012-07-01,6297.79
26,2012-10-01,6263.3423
26,2013-01-01,6313.213
26,2013-04-01,6674.297
26,2013-07-01,6878.352
26,2013-10-01,6896.1973
26,2014-01-01,6931.592
26,2014-04-01,7200.324
26,2014-07-01,7266.353
26,2014-10-01,7222.5273
26,2015-01-01,7145.5176
26,2015-04-01,7327.9746
26,2015-07-01,7419.8667
26,2015-10-01,7321.1147
26,2016-01-01,7245.658
26,2016-04-01,7439.184
26,2016-07-01,7479.6016
26,2016-10-01,7418.871
26,2017-01-01,7386.736
26,2017-04-01,7630.1294
26,2017-07-01,7852.496
26,2017-10-01,7902.327
26,2018-01-01,8000.096
26,2018-04-01,8306.776
26,2018-07-01,8486.468
26,2018-10-01,8540.219
26,2019-01-01,8655.052
26,2019-04-01,8862.426
26,2019-07-01,8905.686
26,2019-10-01,8836.392
26,2020-01-01,8789.5625
26,2020-04-01,8687.977
26,2020-07-01,8606.022
26,2020-10-01,8590.249
26,2021-01-01,8606.417
26,2021-04-01,8966.188
26,2021-07-01,9177.712
26,2021-10-01,9495.457
26,2022-01-01,9843.808
26,2022-04-01,10286.145
26,2022-07-01,10602.84
26,2022-10-01,10982.905
26,2023-01-01,11245.442
26,2023-04-01,11650.956
26,2023-07-01,11679.241
26,2023-10-01,11840.136
26,2024-01-01,11842.611
26,2024-04-01,11909.345
26,2024-07-01,11932.369
26,2024-10-01,11721.211
26,2025-01-01,11510.942
26,2025-04-01,11444.846
26,2025-07-01,11565.496
26,2025-10-01,11620.415
26,2026-01-01,12016.881
3,2002-07-01,0
3,2002-10-01,0
3,2003-01-01,0
3,2003-04-01,0
3,2003-07-01,0
3,2003-10-01,0
3,2004-01-01,0
3,2004-04-01,0
3,2004-07-01,0
3,2004-10-01,0
3,2005-01-01,0
3,2005-04-01,0
3,2005-07-01,0
3,2005-10-01,0
3,2006-01-01,0
3,2006-04-01,0
3,2006-07-01,0
3,2006-10-01,0
3,2007-01-01,0
3,2007-04-01,0.6404734
3,2007-07-01,14.427142
3,2007-10-01,26.641659
3,2008-01-01,48.728477
3,2008-04-01,103.52988
3,2008-07-01,117.64807
3,2008-10-01,116.08954
3,2009-01-01,118.89639
3,2009-04-01,119.93907
3,2009-07-01,123.600845
3,2009-10-01,138.4848
3,2010-01-01,136.99385
3,2010-04-01,152.80281
3,2010-07-01,165.28523
3,2010-10-01,167.80576
3,2011-01-01,177.06009
3,2011-04-01,178.08263
3,2011-07-01,275.0862
3,2011-10-01,281.56216
3,2012-01-01,273
3,2012-04-01,284
3,2012-07-01,305
3,2012-10-01,320
3,2013-01-01,325.46033
3,2013-04-01,343.4291
3,2013-07-01,359.40396
3,2013-10-01,353.37183
3,2014-01-01,324.37885
3,2014-04-01,338.36716
3,2014-07-01,371.28705
3,2014-10-01,376.73877
3,2015-01-01,386.27356
3,2015-04-01,414.26688
3,2015-07-01,432.28638
3,2015-10-01,446.62543
3,2016-01-01,452.42487
3,2016-04-01,509.9194
3,2016-07-01,539.8867
3,2016-10-01,529.7714
3,2017-01-01,526.9298
3,2017-04-01,541.88367
3,2017-07-01,565.7083
3,2017-10-01,582.3581
3,2018-01-01,586.284
3,2018-04-01,624.15784
3,2018-07-01,635.8201
3,2018-10-01,617.62537
3,2019-01-01,624.5082
3,2019-04-01,636.40173
3,2019-07-01,631.10126
3,2019-10-01,635.9377
3,2020-01-01,679.06964
3,2020-04-01,686.1764
3,2020-07-01,694.76685
3,2020-10-01,695.5565
3,2021-01-01,695.3223
3,2021-04-01,686.5199
3,2021-07-01,679.378
3,2021-10-01,672.88385
3,2022-01-01,691.7805
3,2022-04-01,682.9029
3,2022-07-01,685.1514
3,2022-10-01,741.79315
3,2023-01-01,747.9537
3,2023-04-01,770.0303
3,2023-07-01,774.86774
3,2023-10-01,755.8499
3,2024-01-01,744.63257
3,2024-04-01,734.8403
3,2024-07-01,739.65955
3,2024-10-01,730.0692
3,2025-01-01,742.1527
3,2025-04-01,754.3068
3,2025-07-01,735.03467
3,2025-10-01,741.8874
3,2026-01-01,751.82074
4,2002-07-01,0
4,2002-10-01,0
4,2003-01-01,0
4,2003-04-01,0
4,2003-07-01,0
4,2003-10-01,0
4,2004-01-01,0
4,2004-04-01,0
4,2004-07-01,0
4,2004-10-01,0
4,2005-01-01,0
4,2005-04-01,0
4,2005-07-01,0
4,2005-10-01,0
4,2006-01-01,0
4,2006-04-01,0
4,2006-07-01,0
4,2006-10-01,0
4,2007-01-01,0
4,2007-04-01,0
4,2007-07-01,0.1323544
4,2007-10-01,0.8967663
4,2008-01-01,1.0370303
4,2008-04-01,1.094577
4,2008-07-01,3.6844268
4,2008-10-01,1.6644644
4,2009-01-01,2.4525788
4,2009-04-01,3.403391
4,2009-07-01,4.138725
4,2009-10-01,5.9379325
4,2010-01-01,5.579595
4,2010-04-01,6.336693
4,2010-07-01,7.0474153
4,2010-10-01,6.870452
4,2011-01-01,8
4,2011-04-01,7
4,2011-07-01,9
4,2011-10-01,9
4,2012-01-01,9
4,2012-04-01,10
4,2012-07-01,11
4,2012-10-01,11
4,2013-01-01,13
4,2013-04-01,13
4,2013-07-01,11
4,2013-10-01,11
4,2014-01-01,19
4,2014-04-01,19
4,2014-07-01,29
4,2014-10-01,32
4,2015-01-01,33
4,2015-04-01,35
4,2015-07-01,32
4,2015-10-01,25
4,2016-01-01,26
4,2016-04-01,26
4,2016-07-01,24
4,2016-10-01,24
4,2017-01-01,25
4,2017-04-01,23
4,2017-07-01,22
4,2017-10-01,21.464159
4,2018-01-01,26.45934
4,2018-04-01,28.43368
4,2018-07-01,27.406359
4,2018-10-01,31
4,2019-01-01,34
4,2019-04-01,44.38766
4,2019-07-01,45.381313
4,2019-10-01,48.384274
4,2020-01-01,34.456017
4,2020-04-01,35
4,2020-07-01,38
4,2020-10-01,33
4,2021-01-01,30.824018
4,2021-04-01,33.852524
4,2021-07-01,31.48674
4,2021-10-01,31.466587
4,2022-01-01,34.450676
4,2022-04-01,36.18378
4,2022-07-01,40.176544
4,2022-10-01,46.15659
4,2023-01-01,46.159294
4,2023-04-01,46.12991
4,2023-07-01,46.09368
4,2023-10-01,48.040146
4,2024-01-01,44.29983
4,2024-04-01,41.789665
4,2024-07-01,40.50016
4,2024-10-01,40.37745
4,2025-01-01,41.29883
4,2025-04-01,42.969063
4,2025-07-01,51.63252
4,2025-10-01,49.5812
4,2026-01-01,51.291637
5,2002-07-01,0
5,2002-10-01,0
5,2003-01-01,0
5,2003-04-01,0
5,2003-07-01,0
5,2003-10-01,0
5,2004-01-01,0
5,2004-04-01,0
5,2004-07-01,0
5,2004-10-01,0
5,2005-01-01,0
5,2005-04-01,0
5,2005-07-01,0
5,2005-10-01,0
5,2006-01-01,0
5,2006-04-01,0
5,2006-07-01,0
5,2006-10-01,0
5,2007-01-01,0
5,2007-04-01,7.379628
5,2007-07-01,37.768623
5,2007-10-01,35.92375
5,2008-01-01,56.18467
5,2008-04-01,57.57459
5,2008-07-01,61.531513
5,2008-10-01,67.012245
5,2009-01-01,73.21117
5,2009-04-01,80.10458
5,2009-07-01,76.48126
5,2009-10-01,76.82216
5,2010-01-01,93.38397
5,2010-04-01,97.25967
5,2010-07-01,98.37548
5,2010-10-01,102.228004
5,2011-01-01,123.63391
5,2011-04-01,124.678314
5,2011-07-01,133.11147
5,2011-10-01,143.12254
5,2012-01-01,164.55675
5,2012-04-01,152
5,2012-07-01,159.58234
5,2012-10-01,158.15163
5,2013-01-01,170.05197
5,2013-04-01,185.04475
5,2013-07-01,190.80779
5,2013-10-01,204.32864
5,2014-01-01,208.0661
5,2014-04-01,236.76367
5,2014-07-01,245.73953
5,2014-10-01,278.27026
5,2015-01-01,295.6447
5,2015-04-01,298.7377
5,2015-07-01,329.9901
5,2015-10-01,325.59055
5,2016-01-01,312.7453
5,2016-04-01,332.70016
5,2016-07-01,340.00858
5,2016-10-01,334.2572
5,2017-01-01,329.9152
5,2017-04-01,323.9313
5,2017-07-01,351.89948
5,2017-10-01,346.92822
5,2018-01-01,334.8154
5,2018-04-01,342.6426
5,2018-07-01,365.53616
5,2018-10-01,373.14407
5,2019-01-01,394.2492
5,2019-04-01,404.11737
5,2019-07-01,413.11554
5,2019-10-01,419.54114
5,2020-01-01,411.31302
5,2020-04-01,426.78757
5,2020-07-01,451.24295
5,2020-10-01,434.7482
5,2021-01-01,442.77505
5,2021-04-01,447.5855
5,2021-07-01,460.7611
5,2021-10-01,453.9298
5,2022-01-01,455.0417
5,2022-04-01,480.2476
5,2022-07-01,491.20367
5,2022-10-01,502.4736
5,2023-01-01,526.8763
5,2023-04-01,557.3824
5,2023-07-01,573.23804
5,2023-10-01,588.6512
5,2024-01-01,591.632
5,2024-04-01,560.58344
5,2024-07-01,572.4091
5,2024-10-01,571.8912
5,2025-01-01,563.9416
5,2025-04-01,522.0682
5,2025-07-01,520.873
5,2025-10-01,508.73627
5,2026-01-01,521.12067
6,2002-07-01,0
6,2002-10-01,0
6,2003-01-01,0
6,2003-04-01,0
6,2003-07-01,0
6,2003-10-01,0
6,2004-01-01,0
6,2004-04-01,0
6,2004-07-01,0
6,2004-10-01,0
6,2005-01-01,0
6,2005-04-01,0
6,2005-07-01,0
6,2005-10-01,0
6,2006-01-01,0
6,2006-04-01,0
6,2006-07-01,0
6,2006-10-01,0
6,2007-01-01,0
6,2007-04-01,1.5880948
6,2007-07-01,3.6692567
6,2007-10-01,3.0276463
6,2008-01-01,6.905346
6,2008-04-01,13.506654
6,2008-07-01,14.254223
6,2008-10-01,13.201848
6,2009-01-01,13.718098
6,2009-04-01,12.863828
6,2009-07-01,13.364885
6,2009-10-01,14.343558
6,2010-01-01,19.029837
6,2010-04-01,28.257559
6,2010-07-01,29.577164
6,2010-10-01,31.590704
6,2011-01-01,42
6,2011-04-01,46
6,2011-07-01,45
6,2011-10-01,44
6,2012-01-01,51
6,2012-04-01,51
6,2012-07-01,55
6,2012-10-01,62
6,2013-01-01,66
6,2013-04-01,69
6,2013-07-01,67
6,2013-10-01,63.169926
6,2014-01-01,66.101425
6,2014-04-01,68.121574
6,2014-07-01,69.12161
6,2014-10-01,78.05393
6,2015-01-01,80.9822
6,2015-04-01,87.016174
6,2015-07-01,91.99605
6,2015-10-01,88.94125
6,2016-01-01,85.93295
6,2016-04-01,90.38131
6,2016-07-01,90.90229
6,2016-10-01,96.88571
6,2017-01-01,94.92152
6,2017-04-01,98.92577
6,2017-07-01,101.92393
6,2017-10-01,103.901855
6,2018-01-01,98.887474
6,2018-04-01,108.89027
6,2018-07-01,115.886185
6,2018-10-01,117.85554
6,2019-01-01,115.263664
6,2019-04-01,115.63942
6,2019-07-01,121.62598
6,2019-10-01,124.607376
6,2020-01-01,126.53023
6,2020-04-01,155.1899
6,2020-07-01,180.20334
6,2020-10-01,165.21437
6,2021-01-01,156.82402
6,2021-04-01,141.85252
6,2021-07-01,127.843124
6,2021-10-01,125.827484
6,2022-01-01,111.54273
6,2022-04-01,109.183784
6,2022-07-01,113.176544
6,2022-10-01,111.156586
6,2023-01-01,118.01175
6,2023-04-01,114.9328
6,2023-07-01,118.88616
6,2023-10-01,118.55371
6,2024-01-01,121.35787
6,2024-04-01,119.0438
6,2024-07-01,113.20063
6,2024-10-01,112.57024
6,2025-01-01,113.87894
6,2025-04-01,113.539246
6,2025-07-01,115.76825
6,2025-10-01,116.90386
6,2026-01-01,116.63891
7,2002-07-01,0
7,2002-10-01,0
7,2003-01-01,0
7,2003-04-01,0
7,2003-07-01,0
7,2003-10-01,0
7,2004-01-01,0
7,2004-04-01,0
7,2004-07-01,0
7,2004-10-01,0
7,2005-01-01,0
7,2005-04-01,0
7,2005-07-01,0
7,2005-10-01,0
7,2006-01-01,0
7,2006-04-01,0
7,2006-07-01,0
7,2006-10-01,0
7,2007-01-01,0
7,2007-04-01,2.7650948
7,2007-07-01,4.830265
7,2007-10-01,13.271475
7,2008-01-01,16.968021
7,2008-04-01,18.386436
7,2008-07-01,25.96803
7,2008-10-01,21.535227
7,2009-01-01,22.812866
7,2009-04-01,22.946169
7,2009-07-01,23.48082
7,2009-10-01,24.769001
7,2010-01-01,27.777391
7,2010-04-01,33.35011
7,2010-07-01,34.126934
7,2010-10-01,38.662037
7,2011-01-01,41.06009
7,2011-04-01,45.082623
7,2011-07-01,41.08621
7,2011-10-01,37.082287
7,2012-01-01,44.556744
7,2012-04-01,51.58375
7,2012-07-01,52.43912
7,2012-10-01,53.575813
7,2013-01-01,45.486305
7,2013-04-01,52.022377
7,2013-07-01,53.999855
7,2013-10-01,55.956806
7,2014-01-01,51.929558
7,2014-04-01,55.560787
7,2014-07-01,57.560806
7,2014-10-01,55.526966
7,2015-01-01,56.4911
7,2015-04-01,67.50809
7,2015-07-01,77.498024
7,2015-10-01,70.47063
7,2016-01-01,76.88497
7,2016-04-01,89.9001
7,2016-07-01,103.33159
7,2016-10-01,87.3143
7,2017-01-01,88.40072
7,2017-04-01,90.358246
7,2017-07-01,113.862076
7,2017-10-01,90.294334
7,2018-01-01,91.265495
7,2018-04-01,96.75762
7,2018-07-01,107.6989
7,2018-10-01,105.39595
7,2019-01-01,98.46024
7,2019-04-01,99.41474
7,2019-07-01,101.15122
7,2019-10-01,96.52875
7,2020-01-01,104.9625
7,2020-04-01,107.39081
7,2020-07-01,114.30348
7,2020-10-01,104.705734
7,2021-01-01,96.95653
7,2021-04-01,104.3391
7,2021-07-01,108.207466
7,2021-10-01,102.608986
7,2022-01-01,113.91215
7,2022-04-01,131.19522
7,2022-07-01,132.45837
7,2022-10-01,141.04327
7,2023-01-01,132.0235
7,2023-04-01,137.55466
7,2023-07-01,160.18155
7,2023-10-01,162.66112
7,2024-01-01,146.5884
7,2024-04-01,145.1026
7,2024-07-01,143.50542
7,2024-10-01,137.2801
7,2025-01-01,128.34456
7,2025-04-01,135.72093
7,2025-07-01,144.26343
7,2025-10-01,168.44623
7,2026-01-01,136.32054
8,2002-07-01,0
8,2002-10-01,0
8,2003-01-01,0
8,2003-04-01,0
8,2003-07-01,0
8,2003-10-01,0
8,2004-01-01,0
8,2004-04-01,0
8,2004-07-01,0
8,2004-10-01,0
8,2005-01-01,0
8,2005-04-01,0
8,2005-07-01,0
8,2005-10-01,0
8,2006-01-01,0
8,2006-04-01,0
8,2006-07-01,0
8,2006-10-01,0
8,2007-01-01,0
8,2007-04-01,2.3888729
8,2007-07-01,2.655912
8,2007-10-01,3.550768
8,2008-01-01,5.653819
8,2008-04-01,5.7225885
8,2008-07-01,4.8244996
8,2008-10-01,5.011649
8,2009-01-01,7.4158397
8,2009-04-01,10.340998
8,2009-07-01,9.637661
8,2009-10-01,12.665233
8,2010-01-01,14.245896
8,2010-04-01,14.600651
8,2010-07-01,17.59533
8,2010-10-01,17.202759
8,2011-01-01,17.092718
8,2011-04-01,18.139112
8,2011-07-01,24.720749
8,2011-10-01,27.686476
8,2012-01-01,35.113487
8,2012-04-01,53.167503
8,2012-07-01,55.164673
8,2012-10-01,55
8,2013-01-01,65
8,2013-04-01,65
8,2013-07-01,69
8,2013-10-01,62
8,2014-01-01,62
8,2014-04-01,63.560787
8,2014-07-01,65.56081
8,2014-10-01,65.52696
8,2015-01-01,64.91563
8,2015-04-01,70.11925
8,2015-07-01,56.125008
8,2015-10-01,59.871468
8,2016-01-01,56.836998
8,2016-04-01,55.418896
8,2016-07-01,57
8,2016-10-01,60
8,2017-01-01,55
8,2017-04-01,57
8,2017-07-01,59.84415
8,2017-10-01,55
8,2018-01-01,63
8,2018-04-01,64
8,2018-07-01,68
8,2018-10-01,72
8,2019-01-01,76
8,2019-04-01,78
8,2019-07-01,77
8,2019-10-01,70
8,2020-01-01,74
8,2020-04-01,76
8,2020-07-01,75.366714
8,2020-10-01,72.37284
8,2021-01-01,77.355415
8,2021-04-01,71.355225
8,2021-07-01,71.356384
8,2021-10-01,70.3609
8,2022-01-01,71.36402
8,2022-04-01,72.71005
8,2022-07-01,70.70239
8,2022-10-01,62.340546
8,2023-01-01,66.6745
8,2023-04-01,70.621864
8,2023-07-01,69.29539
8,2023-10-01,56
8,2024-01-01,56.57405
8,2024-04-01,60.674496
8,2024-07-01,62.7908
8,2024-10-01,62.143715
8,2025-01-01,64.40171
8,2025-04-01,71.482605
8,2025-07-01,76.4031
8,2025-10-01,70.12437
8,2026-01-01,65.24471
9,2002-07-01,0
9,2002-10-01,0
9,2003-01-01,0
9,2003-04-01,0
9,2003-07-01,0
9,2003-10-01,0
9,2004-01-01,0
9,2004-04-01,0
9,2004-07-01,0
9,2004-10-01,0
9,2005-01-01,0
9,2005-04-01,0
9,2005-07-01,0
9,2005-10-01,0
9,2006-01-01,0
9,2006-04-01,0
9,2006-07-01,0
9,2006-10-01,0
9,2007-01-01,0
9,2007-04-01,24.167086
9,2007-07-01,51.217644
9,2007-10-01,67.77765
9,2008-01-01,95.13301
9,2008-04-01,109.79751
9,2008-07-01,137.20392
9,2008-10-01,123.73916
9,2009-01-01,132.77188
9,2009-04-01,149.94398
9,2009-07-01,177.37415
9,2009-10-01,199.00633
9,2010-01-01,223.68681
9,2010-04-01,253.61545
9,2010-07-01,272.36194
9,2010-10-01,279.89667
9,2011-01-01,311.7867
9,2011-04-01,324.84357
9,2011-07-01,340.85745
9,2011-10-01,358.84927
9,2012-01-01,389.89722
9,2012-04-01,439.08627
9,2012-07-01,469.6587
9,2012-10-01,489.18234
9,2013-01-01,508.85294
9,2013-04-01,553.9364
9,2013-07-01,575.9987
9,2013-10-01,579.91077
9,2014-01-01,574.57733
9,2014-04-01,602.20044
9,2014-07-01,641.6196
9,2014-10-01,663.0087
9,2015-01-01,664.72906
9,2015-04-01,708.8073
9,2015-07-01,771.2106
9,2015-10-01,755.1897
9,2016-01-01,786.0734
9,2016-04-01,806.1761
9,2016-07-01,789.22864
9,2016-10-01,787.60004
9,2017-01-01,787.8513
9,2017-04-01,826.43536
9,2017-07-01,864.8605
9,2017-10-01,872.1431
9,2018-01-01,881.131
9,2018-04-01,930.0534
9,2018-07-01,999.24365
9,2018-10-01,980.7328
9,2019-01-01,1004.3864
9,2019-04-01,1026.3947
9,2019-07-01,1019.8779
9,2019-10-01,1040.5907
9,2020-01-01,1027.2189
9,2020-04-01,1038.9495
9,2020-07-01,1061.65
9,2020-10-01,1069.4447
9,2021-01-01,1142.3223
9,2021-04-01,1229.3014
9,2021-07-01,1256.2823
9,2021-10-01,1241.3505
9,2022-01-01,1258.5151
9,2022-04-01,1296.2579
9,2022-07-01,1275.9956
9,2022-10-01,1273.5168
9,2023-01-01,1282.1948
9,2023-04-01,1331.1663
9,2023-07-01,1391.6128
9,2023-10-01,1379.3655
9,2024-01-01,1390.4403
9,2024-04-01,1444.275
9,2024-07-01,1465.8337
9,2024-10-01,1460.7573
9,2025-01-01,1475.5898
9,2025-04-01,1509.2727
9,2025-07-01,1540.512
9,2025-10-01,1510.2115
9,2026-01-01,1563.498
_T,2002-07-01,164717.66
_T,2002-10-01,165296.34
_T,2003-01-01,166451.48
_T,2003-04-01,167778.73
_T,2003-07-01,169092.28
_T,2003-10-01,168923.47
_T,2004-01-01,170499.98
_T,2004-04-01,176227.27
_T,2004-07-01,174329.44
_T,2004-10-01,174205.16
_T,2005-01-01,176701.9
_T,2005-04-01,177201
_T,2005-07-01,175956.77
_T,2005-10-01,178568.06
_T,2006-01-01,181352.17
_T,2006-04-01,186096.33
_T,2006-07-01,191955.14
_T,2006-10-01,195046.19
_T,2007-01-01,199724.83
_T,2007-04-01,205227.73
_T,2007-07-01,209046.38
_T,2007-10-01,209974.06
_T,2008-01-01,213911.36
_T,2008-04-01,217992.81
_T,2008-07-01,218963.48
_T,2008-10-01,217765.8
_T,2009-01-01,219407.9
_T,2009-04-01,222440.4
_T,2009-07-01,222099.02
_T,2009-10-01,222831.72
_T,2010-01-01,227228.89
_T,2010-04-01,233688.14
_T,2010-07-01,236208.12
_T,2010-10-01,234091.16
_T,2011-01-01,242064.4
_T,2011-04-01,249674.9
_T,2011-07-01,255035.05
_T,2011-10-01,255944.11
_T,2012-01-01,261014.08
_T,2012-04-01,267472.34
_T,2012-07-01,272227.1
_T,2012-10-01,271834.72
_T,2013-01-01,272362.84
_T,2013-04-01,280277.28
_T,2013-07-01,284826.44
_T,2013-10-01,283894.28
_T,2014-01-01,285887.34
_T,2014-04-01,293172.44
_T,2014-07-01,295974.25
_T,2014-10-01,295326.03
_T,2015-01-01,296222.47
_T,2015-04-01,301936.84
_T,2015-07-01,304638.8
_T,2015-10-01,303081.2
_T,2016-01-01,304945.44
_T,2016-04-01,309952.03
_T,2016-07-01,312045.9
_T,2016-10-01,311954.12
_T,2017-01-01,311212.53
_T,2017-04-01,318476.47
_T,2017-07-01,321851.84
_T,2017-10-01,321164.22
_T,2018-01-01,319664.62
_T,2018-04-01,325594.5
_T,2018-07-01,327204.8
_T,2018-10-01,326054.53
_T,2019-01-01,327501.44
_T,2019-04-01,335268.66
_T,2019-07-01,338719.78
_T,2019-10-01,338890.06
_T,2020-01-01,338112.5
_T,2020-04-01,338580.75
_T,2020-07-01,342286.12
_T,2020-10-01,341341.56
_T,2021-01-01,340604.94
_T,2021-04-01,350060.28
_T,2021-07-01,355878.25
_T,2021-10-01,358428.44
_T,2022-01-01,362461.4
_T,2022-04-01,372474.2
_T,2022-07-01,378538.16
_T,2022-10-01,381533.78
_T,2023-01-01,384714.47
_T,2023-04-01,393449.28
_T,2023-07-01,397638.5
_T,2023-10-01,396953.6
_T,2024-01-01,399915.9
_T,2024-04-01,402352.44
_T,2024-07-01,405560.97
_T,2024-10-01,406844.22
_T,2025-01-01,405624.25
_T,2025-04-01,408994.38
_T,2025-07-01,410541.75
_T,2025-10-01,411784.16
_T,2026-01-01,413319.94
