Wirtschaftsabteilung,date,value
10-33,2004-01-01,1.03
10-33,2004-04-01,1.06
10-33,2004-07-01,1.03
10-33,2004-10-01,1.03
10-33,2005-01-01,1.04
10-33,2005-04-01,1.05
10-33,2005-07-01,1.04
10-33,2005-10-01,1.06
10-33,2006-01-01,1.09
10-33,2006-04-01,1.1
10-33,2006-07-01,1.1
10-33,2006-10-01,1.13
10-33,2007-01-01,1.14
10-33,2007-04-01,1.15
10-33,2007-07-01,1.14
10-33,2007-10-01,1.14
10-33,2008-01-01,1.12
10-33,2008-04-01,1.13
10-33,2008-07-01,1.07
10-33,2008-10-01,0.98
10-33,2009-01-01,0.94
10-33,2009-04-01,0.93
10-33,2009-07-01,0.96
10-33,2009-10-01,1.01
10-33,2010-01-01,1.05
10-33,2010-04-01,1.08
10-33,2010-07-01,1.08
10-33,2010-10-01,1.09
10-33,2011-01-01,1.11
10-33,2011-04-01,1.11
10-33,2011-07-01,1.03
10-33,2011-10-01,1.04
10-33,2012-01-01,1.06
10-33,2012-04-01,1.05
10-33,2012-07-01,1.02
10-33,2012-10-01,1.03
10-33,2013-01-01,1.04
10-33,2013-04-01,1.04
10-33,2013-07-01,1.04
10-33,2013-10-01,1.04
10-33,2014-01-01,1.06
10-33,2014-04-01,1.06
10-33,2014-07-01,1.04
10-33,2014-10-01,1.04
10-33,2015-01-01,1.01
10-33,2015-04-01,1
10-33,2015-07-01,0.99
10-33,2015-10-01,1
10-33,2016-01-01,1.01
10-33,2016-04-01,1.01
10-33,2016-07-01,1.01
10-33,2016-10-01,1.01
10-33,2017-01-01,1.04
10-33,2017-04-01,1.05
10-33,2017-07-01,1.05
10-33,2017-10-01,1.07
10-33,2018-01-01,1.07
10-33,2018-04-01,1.08
10-33,2018-07-01,1.07
10-33,2018-10-01,1.07
10-33,2019-01-01,1.06
10-33,2019-04-01,1.06
10-33,2019-07-01,1.04
10-33,2019-10-01,1.03
10-33,2020-01-01,0.99
10-33,2020-04-01,0.99
10-33,2020-07-01,0.99
10-33,2020-10-01,1.01
10-33,2021-01-01,1.05
10-33,2021-04-01,1.09
10-33,2021-07-01,1.09
10-33,2021-10-01,1.09
10-33,2022-01-01,1.12
10-33,2022-04-01,1.13
10-33,2022-07-01,1.11
10-33,2022-10-01,1.11
10-33,2023-01-01,1.11
10-33,2023-04-01,1.09
10-33,2023-07-01,1.06
10-33,2023-10-01,1.06
10-33,2024-01-01,1.04
10-33,2024-04-01,1.04
10-33,2024-07-01,1.02
10-33,2024-10-01,1.03
10-33,2025-01-01,1.04
10-33,2025-04-01,1.04
10-33,2025-07-01,1.02
10-33,2025-10-01,1.02
10-33,2026-01-01,1.03
10-33,2026-04-01,1.04
24-25,2004-01-01,1.07
24-25,2004-04-01,1.09
24-25,2004-07-01,1.06
24-25,2004-10-01,1.04
24-25,2005-01-01,1.08
24-25,2005-04-01,1.08
24-25,2005-07-01,1.03
24-25,2005-10-01,1.1
24-25,2006-01-01,1.11
24-25,2006-04-01,1.13
24-25,2006-07-01,1.12
24-25,2006-10-01,1.15
24-25,2007-01-01,1.18
24-25,2007-04-01,1.18
24-25,2007-07-01,1.16
24-25,2007-10-01,1.19
24-25,2008-01-01,1.14
24-25,2008-04-01,1.15
24-25,2008-07-01,1.1
24-25,2008-10-01,0.93
24-25,2009-01-01,0.87
24-25,2009-04-01,0.89
24-25,2009-07-01,0.94
24-25,2009-10-01,1
24-25,2010-01-01,1.04
24-25,2010-04-01,1.1
24-25,2010-07-01,1.08
24-25,2010-10-01,1.11
24-25,2011-01-01,1.14
24-25,2011-04-01,1.13
24-25,2011-07-01,1.02
24-25,2011-10-01,1.03
24-25,2012-01-01,1.05
24-25,2012-04-01,1.06
24-25,2012-07-01,1.02
24-25,2012-10-01,1.01
24-25,2013-01-01,1.06
24-25,2013-04-01,1.07
24-25,2013-07-01,1.04
24-25,2013-10-01,1.05
24-25,2014-01-01,1.08
24-25,2014-04-01,1.07
24-25,2014-07-01,1.05
24-25,2014-10-01,1.04
24-25,2015-01-01,0.98
24-25,2015-04-01,0.98
24-25,2015-07-01,0.99
24-25,2015-10-01,0.98
24-25,2016-01-01,1.01
24-25,2016-04-01,1.01
24-25,2016-07-01,1.01
24-25,2016-10-01,1.02
24-25,2017-01-01,1.04
24-25,2017-04-01,1.06
24-25,2017-07-01,1.06
24-25,2017-10-01,1.08
24-25,2018-01-01,1.1
24-25,2018-04-01,1.09
24-25,2018-07-01,1.09
24-25,2018-10-01,1.12
24-25,2019-01-01,1.1
24-25,2019-04-01,1.05
24-25,2019-07-01,1.03
24-25,2019-10-01,1.02
24-25,2020-01-01,0.97
24-25,2020-04-01,0.96
24-25,2020-07-01,0.97
24-25,2020-10-01,1
24-25,2021-01-01,1.04
24-25,2021-04-01,1.1
24-25,2021-07-01,1.11
24-25,2021-10-01,1.11
24-25,2022-01-01,1.13
24-25,2022-04-01,1.13
24-25,2022-07-01,1.1
24-25,2022-10-01,1.1
24-25,2023-01-01,1.11
24-25,2023-04-01,1.12
24-25,2023-07-01,1.04
24-25,2023-10-01,1.03
24-25,2024-01-01,1.02
24-25,2024-04-01,1.04
24-25,2024-07-01,1.04
24-25,2024-10-01,1.01
24-25,2025-01-01,0.99
24-25,2025-04-01,1.02
24-25,2025-07-01,1.01
24-25,2025-10-01,1
24-25,2026-01-01,1.04
24-25,2026-04-01,1.03
26,2004-01-01,1.05
26,2004-04-01,1.13
26,2004-07-01,1.08
26,2004-10-01,1.09
26,2005-01-01,1.09
26,2005-04-01,1.11
26,2005-07-01,1.11
26,2005-10-01,1.1
26,2006-01-01,1.15
26,2006-04-01,1.16
26,2006-07-01,1.17
26,2006-10-01,1.18
26,2007-01-01,1.19
26,2007-04-01,1.21
26,2007-07-01,1.17
26,2007-10-01,1.2
26,2008-01-01,1.19
26,2008-04-01,1.21
26,2008-07-01,1.11
26,2008-10-01,1
26,2009-01-01,0.94
26,2009-04-01,0.93
26,2009-07-01,0.97
26,2009-10-01,1.04
26,2010-01-01,1.09
26,2010-04-01,1.14
26,2010-07-01,1.14
26,2010-10-01,1.18
26,2011-01-01,1.14
26,2011-04-01,1.16
26,2011-07-01,1.09
26,2011-10-01,1.11
26,2012-01-01,1.09
26,2012-04-01,1.1
26,2012-07-01,1.06
26,2012-10-01,1.07
26,2013-01-01,1.07
26,2013-04-01,1.04
26,2013-07-01,1.06
26,2013-10-01,1.08
26,2014-01-01,1.08
26,2014-04-01,1.06
26,2014-07-01,1.04
26,2014-10-01,1.05
26,2015-01-01,1.04
26,2015-04-01,1.03
26,2015-07-01,1.01
26,2015-10-01,1.02
26,2016-01-01,1
26,2016-04-01,1
26,2016-07-01,0.98
26,2016-10-01,1
26,2017-01-01,1.06
26,2017-04-01,1.1
26,2017-07-01,1.1
26,2017-10-01,1.13
26,2018-01-01,1.11
26,2018-04-01,1.12
26,2018-07-01,1.14
26,2018-10-01,1.12
26,2019-01-01,1.1
26,2019-04-01,1.07
26,2019-07-01,1.05
26,2019-10-01,1.04
26,2020-01-01,0.98
26,2020-04-01,0.99
26,2020-07-01,0.95
26,2020-10-01,1.02
26,2021-01-01,1.07
26,2021-04-01,1.15
26,2021-07-01,1.15
26,2021-10-01,1.14
26,2022-01-01,1.17
26,2022-04-01,1.18
26,2022-07-01,1.17
26,2022-10-01,1.16
26,2023-01-01,1.17
26,2023-04-01,1.12
26,2023-07-01,1.09
26,2023-10-01,1.08
26,2024-01-01,1.05
26,2024-04-01,1
26,2024-07-01,0.98
26,2024-10-01,1
26,2025-01-01,1
26,2025-04-01,1
26,2025-07-01,1.01
26,2025-10-01,1
26,2026-01-01,1.01
26,2026-04-01,1.03
28,2004-01-01,1.01
28,2004-04-01,1.03
28,2004-07-01,1.02
28,2004-10-01,1
28,2005-01-01,1.03
28,2005-04-01,1.06
28,2005-07-01,1.01
28,2005-10-01,1.06
28,2006-01-01,1.06
28,2006-04-01,1.1
28,2006-07-01,1.07
28,2006-10-01,1.14
28,2007-01-01,1.18
28,2007-04-01,1.22
28,2007-07-01,1.19
28,2007-10-01,1.22
28,2008-01-01,1.18
28,2008-04-01,1.17
28,2008-07-01,1.08
28,2008-10-01,0.92
28,2009-01-01,0.87
28,2009-04-01,0.85
28,2009-07-01,0.89
28,2009-10-01,0.94
28,2010-01-01,1.02
28,2010-04-01,1.11
28,2010-07-01,1.12
28,2010-10-01,1.15
28,2011-01-01,1.2
28,2011-04-01,1.19
28,2011-07-01,1.07
28,2011-10-01,1.06
28,2012-01-01,1.08
28,2012-04-01,1.03
28,2012-07-01,1.02
28,2012-10-01,1.03
28,2013-01-01,1.06
28,2013-04-01,1.05
28,2013-07-01,1.05
28,2013-10-01,1.04
28,2014-01-01,1.09
28,2014-04-01,1.08
28,2014-07-01,1.08
28,2014-10-01,1.05
28,2015-01-01,0.98
28,2015-04-01,0.99
28,2015-07-01,0.97
28,2015-10-01,1.02
28,2016-01-01,1.05
28,2016-04-01,1.05
28,2016-07-01,1.03
28,2016-10-01,1.02
28,2017-01-01,1.08
28,2017-04-01,1.09
28,2017-07-01,1.12
28,2017-10-01,1.14
28,2018-01-01,1.14
28,2018-04-01,1.16
28,2018-07-01,1.14
28,2018-10-01,1.14
28,2019-01-01,1.1
28,2019-04-01,1.14
28,2019-07-01,1.07
28,2019-10-01,1.04
28,2020-01-01,1
28,2020-04-01,0.99
28,2020-07-01,0.99
28,2020-10-01,1.04
28,2021-01-01,1.07
28,2021-04-01,1.14
28,2021-07-01,1.14
28,2021-10-01,1.15
28,2022-01-01,1.2
28,2022-04-01,1.21
28,2022-07-01,1.18
28,2022-10-01,1.18
28,2023-01-01,1.17
28,2023-04-01,1.14
28,2023-07-01,1.07
28,2023-10-01,1.09
28,2024-01-01,1.06
28,2024-04-01,1.08
28,2024-07-01,1.01
28,2024-10-01,1.05
28,2025-01-01,1.07
28,2025-04-01,1.05
28,2025-07-01,1.02
28,2025-10-01,1
28,2026-01-01,1.01
28,2026-04-01,1.07
41-43,2004-01-01,1.05
41-43,2004-04-01,1.04
41-43,2004-07-01,0.96
41-43,2004-10-01,0.98
41-43,2005-01-01,1.07
41-43,2005-04-01,1.04
41-43,2005-07-01,0.96
41-43,2005-10-01,1
41-43,2006-01-01,1.08
41-43,2006-04-01,1.07
41-43,2006-07-01,0.99
41-43,2006-10-01,1.04
41-43,2007-01-01,1.08
41-43,2007-04-01,1.07
41-43,2007-07-01,0.99
41-43,2007-10-01,1.03
41-43,2008-01-01,1.09
41-43,2008-04-01,1.07
41-43,2008-07-01,1
41-43,2008-10-01,0.98
41-43,2009-01-01,1.03
41-43,2009-04-01,1.02
41-43,2009-07-01,0.97
41-43,2009-10-01,1
41-43,2010-01-01,1.06
41-43,2010-04-01,1.05
41-43,2010-07-01,1
41-43,2010-10-01,1.02
41-43,2011-01-01,1.09
41-43,2011-04-01,1.06
41-43,2011-07-01,0.98
41-43,2011-10-01,1.01
41-43,2012-01-01,1.06
41-43,2012-04-01,1.05
41-43,2012-07-01,0.99
41-43,2012-10-01,1.01
41-43,2013-01-01,1.07
41-43,2013-04-01,1.03
41-43,2013-07-01,0.98
41-43,2013-10-01,1.01
41-43,2014-01-01,1.06
41-43,2014-04-01,1.04
41-43,2014-07-01,0.98
41-43,2014-10-01,1.01
41-43,2015-01-01,1.04
41-43,2015-04-01,1.02
41-43,2015-07-01,0.97
41-43,2015-10-01,0.99
41-43,2016-01-01,1.03
41-43,2016-04-01,1.03
41-43,2016-07-01,0.98
41-43,2016-10-01,1
41-43,2017-01-01,1.03
41-43,2017-04-01,1.02
41-43,2017-07-01,0.99
41-43,2017-10-01,1.03
41-43,2018-01-01,1.08
41-43,2018-04-01,1.04
41-43,2018-07-01,1.01
41-43,2018-10-01,1.05
41-43,2019-01-01,1.07
41-43,2019-04-01,1.06
41-43,2019-07-01,1
41-43,2019-10-01,1.03
41-43,2020-01-01,1.02
41-43,2020-04-01,1.01
41-43,2020-07-01,1.01
41-43,2020-10-01,1.01
41-43,2021-01-01,1.06
41-43,2021-04-01,1.06
41-43,2021-07-01,1.03
41-43,2021-10-01,1.06
41-43,2022-01-01,1.09
41-43,2022-04-01,1.06
41-43,2022-07-01,1.03
41-43,2022-10-01,1.05
41-43,2023-01-01,1.07
41-43,2023-04-01,1.06
41-43,2023-07-01,1.03
41-43,2023-10-01,1.04
41-43,2024-01-01,1.05
41-43,2024-04-01,1.04
41-43,2024-07-01,1.02
41-43,2024-10-01,1.04
41-43,2025-01-01,1.05
41-43,2025-04-01,1.04
41-43,2025-07-01,0.99
41-43,2025-10-01,1.04
41-43,2026-01-01,1.06
41-43,2026-04-01,1.07
45-47,2004-01-01,1
45-47,2004-04-01,1.01
45-47,2004-07-01,0.99
45-47,2004-10-01,0.99
45-47,2005-01-01,1
45-47,2005-04-01,1.01
45-47,2005-07-01,0.98
45-47,2005-10-01,0.99
45-47,2006-01-01,1.01
45-47,2006-04-01,1.02
45-47,2006-07-01,1.02
45-47,2006-10-01,1.01
45-47,2007-01-01,1.04
45-47,2007-04-01,1.05
45-47,2007-07-01,1.04
45-47,2007-10-01,1.02
45-47,2008-01-01,1.03
45-47,2008-04-01,1.03
45-47,2008-07-01,1.02
45-47,2008-10-01,0.99
45-47,2009-01-01,0.98
45-47,2009-04-01,1
45-47,2009-07-01,1
45-47,2009-10-01,1
45-47,2010-01-01,1.02
45-47,2010-04-01,1.03
45-47,2010-07-01,1.02
45-47,2010-10-01,1.02
45-47,2011-01-01,1.02
45-47,2011-04-01,1.03
45-47,2011-07-01,1.02
45-47,2011-10-01,1.01
45-47,2012-01-01,1.02
45-47,2012-04-01,1.01
45-47,2012-07-01,1.01
45-47,2012-10-01,1.01
45-47,2013-01-01,1
45-47,2013-04-01,1
45-47,2013-07-01,1.01
45-47,2013-10-01,1.01
45-47,2014-01-01,1.01
45-47,2014-04-01,1.01
45-47,2014-07-01,1.02
45-47,2014-10-01,1
45-47,2015-01-01,1
45-47,2015-04-01,1.01
45-47,2015-07-01,1.01
45-47,2015-10-01,1.01
45-47,2016-01-01,1.01
45-47,2016-04-01,1.01
45-47,2016-07-01,1.03
45-47,2016-10-01,1.01
45-47,2017-01-01,1.01
45-47,2017-04-01,1.02
45-47,2017-07-01,1.03
45-47,2017-10-01,1.01
45-47,2018-01-01,1.03
45-47,2018-04-01,1.02
45-47,2018-07-01,1.04
45-47,2018-10-01,1.03
45-47,2019-01-01,1.02
45-47,2019-04-01,1.02
45-47,2019-07-01,1.03
45-47,2019-10-01,1.01
45-47,2020-01-01,0.98
45-47,2020-04-01,0.99
45-47,2020-07-01,1.01
45-47,2020-10-01,0.99
45-47,2021-01-01,1.02
45-47,2021-04-01,1.02
45-47,2021-07-01,1.04
45-47,2021-10-01,1.04
45-47,2022-01-01,1.06
45-47,2022-04-01,1.05
45-47,2022-07-01,1.06
45-47,2022-10-01,1.06
45-47,2023-01-01,1.05
45-47,2023-04-01,1.06
45-47,2023-07-01,1.05
45-47,2023-10-01,1.04
45-47,2024-01-01,1.02
45-47,2024-04-01,1.02
45-47,2024-07-01,1.03
45-47,2024-10-01,1.01
45-47,2025-01-01,1.03
45-47,2025-04-01,1.02
45-47,2025-07-01,1.02
45-47,2025-10-01,1.01
45-47,2026-01-01,1.01
45-47,2026-04-01,1.03
45-96,2004-01-01,1
45-96,2004-04-01,1
45-96,2004-07-01,0.99
45-96,2004-10-01,0.99
45-96,2005-01-01,1
45-96,2005-04-01,1.01
45-96,2005-07-01,0.99
45-96,2005-10-01,1
45-96,2006-01-01,1.02
45-96,2006-04-01,1.03
45-96,2006-07-01,1.02
45-96,2006-10-01,1.03
45-96,2007-01-01,1.05
45-96,2007-04-01,1.06
45-96,2007-07-01,1.05
45-96,2007-10-01,1.03
45-96,2008-01-01,1.06
45-96,2008-04-01,1.05
45-96,2008-07-01,1.03
45-96,2008-10-01,1.02
45-96,2009-01-01,0.99
45-96,2009-04-01,1.01
45-96,2009-07-01,1
45-96,2009-10-01,1.01
45-96,2010-01-01,1.02
45-96,2010-04-01,1.04
45-96,2010-07-01,1.02
45-96,2010-10-01,1.03
45-96,2011-01-01,1.04
45-96,2011-04-01,1.04
45-96,2011-07-01,1.02
45-96,2011-10-01,1.02
45-96,2012-01-01,1.03
45-96,2012-04-01,1.03
45-96,2012-07-01,1.02
45-96,2012-10-01,1.02
45-96,2013-01-01,1.02
45-96,2013-04-01,1.02
45-96,2013-07-01,1.02
45-96,2013-10-01,1.03
45-96,2014-01-01,1.03
45-96,2014-04-01,1.03
45-96,2014-07-01,1.02
45-96,2014-10-01,1.02
45-96,2015-01-01,1.02
45-96,2015-04-01,1.02
45-96,2015-07-01,1.01
45-96,2015-10-01,1.03
45-96,2016-01-01,1.02
45-96,2016-04-01,1.03
45-96,2016-07-01,1.02
45-96,2016-10-01,1.03
45-96,2017-01-01,1.02
45-96,2017-04-01,1.03
45-96,2017-07-01,1.02
45-96,2017-10-01,1.03
45-96,2018-01-01,1.04
45-96,2018-04-01,1.04
45-96,2018-07-01,1.03
45-96,2018-10-01,1.04
45-96,2019-01-01,1.04
45-96,2019-04-01,1.04
45-96,2019-07-01,1.04
45-96,2019-10-01,1.03
45-96,2020-01-01,1
45-96,2020-04-01,1.01
45-96,2020-07-01,1.01
45-96,2020-10-01,1
45-96,2021-01-01,1.03
45-96,2021-04-01,1.04
45-96,2021-07-01,1.04
45-96,2021-10-01,1.05
45-96,2022-01-01,1.07
45-96,2022-04-01,1.07
45-96,2022-07-01,1.05
45-96,2022-10-01,1.07
45-96,2023-01-01,1.06
45-96,2023-04-01,1.06
45-96,2023-07-01,1.04
45-96,2023-10-01,1.05
45-96,2024-01-01,1.05
45-96,2024-04-01,1.05
45-96,2024-07-01,1.04
45-96,2024-10-01,1.04
45-96,2025-01-01,1.04
45-96,2025-04-01,1.04
45-96,2025-07-01,1.03
45-96,2025-10-01,1.03
45-96,2026-01-01,1.03
45-96,2026-04-01,1.04
49-53,2004-01-01,0.84
49-53,2004-04-01,0.87
49-53,2004-07-01,1
49-53,2004-10-01,0.87
49-53,2005-01-01,0.85
49-53,2005-04-01,1.01
49-53,2005-07-01,1.01
49-53,2005-10-01,0.86
49-53,2006-01-01,0.94
49-53,2006-04-01,1.06
49-53,2006-07-01,1.02
49-53,2006-10-01,0.9
49-53,2007-01-01,1.01
49-53,2007-04-01,1.06
49-53,2007-07-01,1.05
49-53,2007-10-01,0.91
49-53,2008-01-01,1.13
49-53,2008-04-01,1.04
49-53,2008-07-01,1.03
49-53,2008-10-01,0.98
49-53,2009-01-01,0.81
49-53,2009-04-01,0.98
49-53,2009-07-01,1
49-53,2009-10-01,1.01
49-53,2010-01-01,0.99
49-53,2010-04-01,1.04
49-53,2010-07-01,1.06
49-53,2010-10-01,1.03
49-53,2011-01-01,1.03
49-53,2011-04-01,1.05
49-53,2011-07-01,1.05
49-53,2011-10-01,1.02
49-53,2012-01-01,1.02
49-53,2012-04-01,1.04
49-53,2012-07-01,1.04
49-53,2012-10-01,1.01
49-53,2013-01-01,1
49-53,2013-04-01,1.03
49-53,2013-07-01,1
49-53,2013-10-01,1.02
49-53,2014-01-01,1.01
49-53,2014-04-01,1.03
49-53,2014-07-01,1.03
49-53,2014-10-01,1.02
49-53,2015-01-01,1.01
49-53,2015-04-01,1.02
49-53,2015-07-01,1.04
49-53,2015-10-01,1.03
49-53,2016-01-01,1.02
49-53,2016-04-01,1.03
49-53,2016-07-01,1.03
49-53,2016-10-01,1.04
49-53,2017-01-01,1.02
49-53,2017-04-01,1.04
49-53,2017-07-01,1.03
49-53,2017-10-01,1.05
49-53,2018-01-01,1.05
49-53,2018-04-01,1.05
49-53,2018-07-01,1.07
49-53,2018-10-01,1.05
49-53,2019-01-01,1.04
49-53,2019-04-01,1.06
49-53,2019-07-01,1.08
49-53,2019-10-01,1.06
49-53,2020-01-01,1
49-53,2020-04-01,0.96
49-53,2020-07-01,0.98
49-53,2020-10-01,0.95
49-53,2021-01-01,0.94
49-53,2021-04-01,1.03
49-53,2021-07-01,1.06
49-53,2021-10-01,1.08
49-53,2022-01-01,1.07
49-53,2022-04-01,1.1
49-53,2022-07-01,1.11
49-53,2022-10-01,1.09
49-53,2023-01-01,1.07
49-53,2023-04-01,1.08
49-53,2023-07-01,1.06
49-53,2023-10-01,1.07
49-53,2024-01-01,1.05
49-53,2024-04-01,1.05
49-53,2024-07-01,1.05
49-53,2024-10-01,1.08
49-53,2025-01-01,1.06
49-53,2025-04-01,1.06
49-53,2025-07-01,1.06
49-53,2025-10-01,1.04
49-53,2026-01-01,1.03
49-53,2026-04-01,1.05
5-43,2004-01-01,1.04
5-43,2004-04-01,1.05
5-43,2004-07-01,1.01
5-43,2004-10-01,1.02
5-43,2005-01-01,1.05
5-43,2005-04-01,1.05
5-43,2005-07-01,1.02
5-43,2005-10-01,1.05
5-43,2006-01-01,1.08
5-43,2006-04-01,1.09
5-43,2006-07-01,1.07
5-43,2006-10-01,1.1
5-43,2007-01-01,1.12
5-43,2007-04-01,1.13
5-43,2007-07-01,1.09
5-43,2007-10-01,1.11
5-43,2008-01-01,1.11
5-43,2008-04-01,1.11
5-43,2008-07-01,1.05
5-43,2008-10-01,0.98
5-43,2009-01-01,0.97
5-43,2009-04-01,0.96
5-43,2009-07-01,0.97
5-43,2009-10-01,1.01
5-43,2010-01-01,1.05
5-43,2010-04-01,1.07
5-43,2010-07-01,1.06
5-43,2010-10-01,1.07
5-43,2011-01-01,1.1
5-43,2011-04-01,1.09
5-43,2011-07-01,1.02
5-43,2011-10-01,1.03
5-43,2012-01-01,1.06
5-43,2012-04-01,1.05
5-43,2012-07-01,1.01
5-43,2012-10-01,1.02
5-43,2013-01-01,1.05
5-43,2013-04-01,1.03
5-43,2013-07-01,1.02
5-43,2013-10-01,1.03
5-43,2014-01-01,1.06
5-43,2014-04-01,1.05
5-43,2014-07-01,1.02
5-43,2014-10-01,1.03
5-43,2015-01-01,1.02
5-43,2015-04-01,1.01
5-43,2015-07-01,0.99
5-43,2015-10-01,1
5-43,2016-01-01,1.02
5-43,2016-04-01,1.02
5-43,2016-07-01,1
5-43,2016-10-01,1.01
5-43,2017-01-01,1.04
5-43,2017-04-01,1.04
5-43,2017-07-01,1.03
5-43,2017-10-01,1.06
5-43,2018-01-01,1.07
5-43,2018-04-01,1.06
5-43,2018-07-01,1.05
5-43,2018-10-01,1.06
5-43,2019-01-01,1.06
5-43,2019-04-01,1.06
5-43,2019-07-01,1.03
5-43,2019-10-01,1.03
5-43,2020-01-01,1
5-43,2020-04-01,1
5-43,2020-07-01,1
5-43,2020-10-01,1.01
5-43,2021-01-01,1.05
5-43,2021-04-01,1.08
5-43,2021-07-01,1.07
5-43,2021-10-01,1.08
5-43,2022-01-01,1.11
5-43,2022-04-01,1.1
5-43,2022-07-01,1.08
5-43,2022-10-01,1.09
5-43,2023-01-01,1.1
5-43,2023-04-01,1.08
5-43,2023-07-01,1.05
5-43,2023-10-01,1.06
5-43,2024-01-01,1.05
5-43,2024-04-01,1.04
5-43,2024-07-01,1.03
5-43,2024-10-01,1.03
5-43,2025-01-01,1.04
5-43,2025-04-01,1.04
5-43,2025-07-01,1.02
5-43,2025-10-01,1.03
5-43,2026-01-01,1.05
5-43,2026-04-01,1.05
5-96,2004-01-01,1.01
5-96,2004-04-01,1.02
5-96,2004-07-01,1
5-96,2004-10-01,1
5-96,2005-01-01,1.02
5-96,2005-04-01,1.02
5-96,2005-07-01,1
5-96,2005-10-01,1.01
5-96,2006-01-01,1.03
5-96,2006-04-01,1.05
5-96,2006-07-01,1.03
5-96,2006-10-01,1.05
5-96,2007-01-01,1.07
5-96,2007-04-01,1.08
5-96,2007-07-01,1.06
5-96,2007-10-01,1.05
5-96,2008-01-01,1.07
5-96,2008-04-01,1.07
5-96,2008-07-01,1.04
5-96,2008-10-01,1.01
5-96,2009-01-01,0.98
5-96,2009-04-01,1
5-96,2009-07-01,1
5-96,2009-10-01,1.01
5-96,2010-01-01,1.03
5-96,2010-04-01,1.04
5-96,2010-07-01,1.03
5-96,2010-10-01,1.04
5-96,2011-01-01,1.05
5-96,2011-04-01,1.06
5-96,2011-07-01,1.02
5-96,2011-10-01,1.02
5-96,2012-01-01,1.04
5-96,2012-04-01,1.03
5-96,2012-07-01,1.02
5-96,2012-10-01,1.02
5-96,2013-01-01,1.03
5-96,2013-04-01,1.03
5-96,2013-07-01,1.02
5-96,2013-10-01,1.03
5-96,2014-01-01,1.04
5-96,2014-04-01,1.03
5-96,2014-07-01,1.02
5-96,2014-10-01,1.02
5-96,2015-01-01,1.02
5-96,2015-04-01,1.02
5-96,2015-07-01,1.01
5-96,2015-10-01,1.02
5-96,2016-01-01,1.02
5-96,2016-04-01,1.02
5-96,2016-07-01,1.02
5-96,2016-10-01,1.02
5-96,2017-01-01,1.02
5-96,2017-04-01,1.03
5-96,2017-07-01,1.02
5-96,2017-10-01,1.03
5-96,2018-01-01,1.04
5-96,2018-04-01,1.04
5-96,2018-07-01,1.04
5-96,2018-10-01,1.04
5-96,2019-01-01,1.05
5-96,2019-04-01,1.05
5-96,2019-07-01,1.03
5-96,2019-10-01,1.03
5-96,2020-01-01,1
5-96,2020-04-01,1.01
5-96,2020-07-01,1.01
5-96,2020-10-01,1.01
5-96,2021-01-01,1.03
5-96,2021-04-01,1.05
5-96,2021-07-01,1.05
5-96,2021-10-01,1.06
5-96,2022-01-01,1.08
5-96,2022-04-01,1.08
5-96,2022-07-01,1.06
5-96,2022-10-01,1.07
5-96,2023-01-01,1.07
5-96,2023-04-01,1.06
5-96,2023-07-01,1.04
5-96,2023-10-01,1.05
5-96,2024-01-01,1.05
5-96,2024-04-01,1.05
5-96,2024-07-01,1.03
5-96,2024-10-01,1.04
5-96,2025-01-01,1.04
5-96,2025-04-01,1.04
5-96,2025-07-01,1.02
5-96,2025-10-01,1.03
5-96,2026-01-01,1.03
5-96,2026-04-01,1.04
55-56,2004-01-01,0.99
55-56,2004-04-01,1
55-56,2004-07-01,0.91
55-56,2004-10-01,0.98
55-56,2005-01-01,1
55-56,2005-04-01,0.99
55-56,2005-07-01,0.94
55-56,2005-10-01,0.99
55-56,2006-01-01,1.02
55-56,2006-04-01,1.02
55-56,2006-07-01,0.96
55-56,2006-10-01,1.03
55-56,2007-01-01,1.03
55-56,2007-04-01,1.02
55-56,2007-07-01,0.96
55-56,2007-10-01,1
55-56,2008-01-01,1.01
55-56,2008-04-01,1.03
55-56,2008-07-01,0.97
55-56,2008-10-01,0.98
55-56,2009-01-01,0.96
55-56,2009-04-01,0.99
55-56,2009-07-01,0.95
55-56,2009-10-01,1
55-56,2010-01-01,1
55-56,2010-04-01,1.01
55-56,2010-07-01,0.96
55-56,2010-10-01,0.98
55-56,2011-01-01,0.99
55-56,2011-04-01,1
55-56,2011-07-01,0.95
55-56,2011-10-01,0.96
55-56,2012-01-01,0.99
55-56,2012-04-01,0.98
55-56,2012-07-01,0.95
55-56,2012-10-01,0.98
55-56,2013-01-01,0.99
55-56,2013-04-01,1
55-56,2013-07-01,0.96
55-56,2013-10-01,1
55-56,2014-01-01,1
55-56,2014-04-01,1
55-56,2014-07-01,0.96
55-56,2014-10-01,0.99
55-56,2015-01-01,0.98
55-56,2015-04-01,1
55-56,2015-07-01,0.98
55-56,2015-10-01,0.98
55-56,2016-01-01,0.99
55-56,2016-04-01,1.01
55-56,2016-07-01,0.97
55-56,2016-10-01,0.99
55-56,2017-01-01,1
55-56,2017-04-01,1.02
55-56,2017-07-01,0.98
55-56,2017-10-01,0.99
55-56,2018-01-01,1.01
55-56,2018-04-01,1.01
55-56,2018-07-01,0.97
55-56,2018-10-01,1
55-56,2019-01-01,1.04
55-56,2019-04-01,1.03
55-56,2019-07-01,0.98
55-56,2019-10-01,1
55-56,2020-01-01,0.91
55-56,2020-04-01,0.99
55-56,2020-07-01,0.92
55-56,2020-10-01,0.89
55-56,2021-01-01,0.97
55-56,2021-04-01,1.08
55-56,2021-07-01,1.04
55-56,2021-10-01,1.04
55-56,2022-01-01,1.09
55-56,2022-04-01,1.12
55-56,2022-07-01,1.01
55-56,2022-10-01,1.06
55-56,2023-01-01,1.07
55-56,2023-04-01,1.04
55-56,2023-07-01,1
55-56,2023-10-01,1.01
55-56,2024-01-01,1.04
55-56,2024-04-01,1.02
55-56,2024-07-01,0.98
55-56,2024-10-01,0.98
55-56,2025-01-01,1.02
55-56,2025-04-01,1.02
55-56,2025-07-01,0.97
55-56,2025-10-01,1.02
55-56,2026-01-01,0.99
55-56,2026-04-01,1
58-63,2004-01-01,0.93
58-63,2004-04-01,0.96
58-63,2004-07-01,1.01
58-63,2004-10-01,0.95
58-63,2005-01-01,0.97
58-63,2005-04-01,1.04
58-63,2005-07-01,1.03
58-63,2005-10-01,0.98
58-63,2006-01-01,1.02
58-63,2006-04-01,1.06
58-63,2006-07-01,1.07
58-63,2006-10-01,1.02
58-63,2007-01-01,1.07
58-63,2007-04-01,1.09
58-63,2007-07-01,1.09
58-63,2007-10-01,1.03
58-63,2008-01-01,1.16
58-63,2008-04-01,1.1
58-63,2008-07-01,1.09
58-63,2008-10-01,1.05
58-63,2009-01-01,0.99
58-63,2009-04-01,1.02
58-63,2009-07-01,1.04
58-63,2009-10-01,1.06
58-63,2010-01-01,1.06
58-63,2010-04-01,1.07
58-63,2010-07-01,1.07
58-63,2010-10-01,1.09
58-63,2011-01-01,1.08
58-63,2011-04-01,1.09
58-63,2011-07-01,1.08
58-63,2011-10-01,1.08
58-63,2012-01-01,1.07
58-63,2012-04-01,1.05
58-63,2012-07-01,1.07
58-63,2012-10-01,1.04
58-63,2013-01-01,1.07
58-63,2013-04-01,1.08
58-63,2013-07-01,1.07
58-63,2013-10-01,1.09
58-63,2014-01-01,1.07
58-63,2014-04-01,1.06
58-63,2014-07-01,1.07
58-63,2014-10-01,1.07
58-63,2015-01-01,1.05
58-63,2015-04-01,1.06
58-63,2015-07-01,1.06
58-63,2015-10-01,1.06
58-63,2016-01-01,1.06
58-63,2016-04-01,1.06
58-63,2016-07-01,1.06
58-63,2016-10-01,1.08
58-63,2017-01-01,1.07
58-63,2017-04-01,1.08
58-63,2017-07-01,1.07
58-63,2017-10-01,1.08
58-63,2018-01-01,1.08
58-63,2018-04-01,1.1
58-63,2018-07-01,1.09
58-63,2018-10-01,1.11
58-63,2019-01-01,1.1
58-63,2019-04-01,1.1
58-63,2019-07-01,1.1
58-63,2019-10-01,1.1
58-63,2020-01-01,1.07
58-63,2020-04-01,1.07
58-63,2020-07-01,1.05
58-63,2020-10-01,1.08
58-63,2021-01-01,1.08
58-63,2021-04-01,1.08
58-63,2021-07-01,1.08
58-63,2021-10-01,1.11
58-63,2022-01-01,1.13
58-63,2022-04-01,1.12
58-63,2022-07-01,1.12
58-63,2022-10-01,1.11
58-63,2023-01-01,1.08
58-63,2023-04-01,1.08
58-63,2023-07-01,1.08
58-63,2023-10-01,1.09
58-63,2024-01-01,1.09
58-63,2024-04-01,1.07
58-63,2024-07-01,1.06
58-63,2024-10-01,1.05
58-63,2025-01-01,1.06
58-63,2025-04-01,1.07
58-63,2025-07-01,1.06
58-63,2025-10-01,1.04
58-63,2026-01-01,1.04
58-63,2026-04-01,1.05
62-63,2004-01-01,1.02
62-63,2004-04-01,1.06
62-63,2004-07-01,1.03
62-63,2004-10-01,1.03
62-63,2005-01-01,1.07
62-63,2005-04-01,1.07
62-63,2005-07-01,1.06
62-63,2005-10-01,1.08
62-63,2006-01-01,1.07
62-63,2006-04-01,1.11
62-63,2006-07-01,1.13
62-63,2006-10-01,1.14
62-63,2007-01-01,1.11
62-63,2007-04-01,1.15
62-63,2007-07-01,1.14
62-63,2007-10-01,1.14
62-63,2008-01-01,1.17
62-63,2008-04-01,1.15
62-63,2008-07-01,1.14
62-63,2008-10-01,1.1
62-63,2009-01-01,1.08
62-63,2009-04-01,1.04
62-63,2009-07-01,1.08
62-63,2009-10-01,1.09
62-63,2010-01-01,1.09
62-63,2010-04-01,1.12
62-63,2010-07-01,1.1
62-63,2010-10-01,1.13
62-63,2011-01-01,1.13
62-63,2011-04-01,1.13
62-63,2011-07-01,1.12
62-63,2011-10-01,1.12
62-63,2012-01-01,1.1
62-63,2012-04-01,1.08
62-63,2012-07-01,1.11
62-63,2012-10-01,1.07
62-63,2013-01-01,1.11
62-63,2013-04-01,1.09
62-63,2013-07-01,1.12
62-63,2013-10-01,1.14
62-63,2014-01-01,1.11
62-63,2014-04-01,1.09
62-63,2014-07-01,1.1
62-63,2014-10-01,1.1
62-63,2015-01-01,1.08
62-63,2015-04-01,1.1
62-63,2015-07-01,1.08
62-63,2015-10-01,1.11
62-63,2016-01-01,1.12
62-63,2016-04-01,1.11
62-63,2016-07-01,1.11
62-63,2016-10-01,1.12
62-63,2017-01-01,1.12
62-63,2017-04-01,1.13
62-63,2017-07-01,1.13
62-63,2017-10-01,1.14
62-63,2018-01-01,1.12
62-63,2018-04-01,1.15
62-63,2018-07-01,1.14
62-63,2018-10-01,1.17
62-63,2019-01-01,1.14
62-63,2019-04-01,1.14
62-63,2019-07-01,1.15
62-63,2019-10-01,1.14
62-63,2020-01-01,1.11
62-63,2020-04-01,1.11
62-63,2020-07-01,1.09
62-63,2020-10-01,1.13
62-63,2021-01-01,1.13
62-63,2021-04-01,1.14
62-63,2021-07-01,1.11
62-63,2021-10-01,1.15
62-63,2022-01-01,1.17
62-63,2022-04-01,1.17
62-63,2022-07-01,1.16
62-63,2022-10-01,1.15
62-63,2023-01-01,1.1
62-63,2023-04-01,1.11
62-63,2023-07-01,1.11
62-63,2023-10-01,1.12
62-63,2024-01-01,1.12
62-63,2024-04-01,1.11
62-63,2024-07-01,1.1
62-63,2024-10-01,1.08
62-63,2025-01-01,1.09
62-63,2025-04-01,1.1
62-63,2025-07-01,1.07
62-63,2025-10-01,1.06
62-63,2026-01-01,1.05
62-63,2026-04-01,1.07
64-66,2004-01-01,1.05
64-66,2004-04-01,1.06
64-66,2004-07-01,1.03
64-66,2004-10-01,1.02
64-66,2005-01-01,1.04
64-66,2005-04-01,1.03
64-66,2005-07-01,1.03
64-66,2005-10-01,1.05
64-66,2006-01-01,1.07
64-66,2006-04-01,1.09
64-66,2006-07-01,1.09
64-66,2006-10-01,1.15
64-66,2007-01-01,1.17
64-66,2007-04-01,1.18
64-66,2007-07-01,1.2
64-66,2007-10-01,1.16
64-66,2008-01-01,1.1
64-66,2008-04-01,1.09
64-66,2008-07-01,1.06
64-66,2008-10-01,1.04
64-66,2009-01-01,0.91
64-66,2009-04-01,0.94
64-66,2009-07-01,0.95
64-66,2009-10-01,0.97
64-66,2010-01-01,1.04
64-66,2010-04-01,1.05
64-66,2010-07-01,1.04
64-66,2010-10-01,1.05
64-66,2011-01-01,1.05
64-66,2011-04-01,1.05
64-66,2011-07-01,1.02
64-66,2011-10-01,1.02
64-66,2012-01-01,1.02
64-66,2012-04-01,1.03
64-66,2012-07-01,1.02
64-66,2012-10-01,1.01
64-66,2013-01-01,1.03
64-66,2013-04-01,1.01
64-66,2013-07-01,1.02
64-66,2013-10-01,1.01
64-66,2014-01-01,1.02
64-66,2014-04-01,1.04
64-66,2014-07-01,1.04
64-66,2014-10-01,1.03
64-66,2015-01-01,1.03
64-66,2015-04-01,1.04
64-66,2015-07-01,1.02
64-66,2015-10-01,1.04
64-66,2016-01-01,1.03
64-66,2016-04-01,1.03
64-66,2016-07-01,1.02
64-66,2016-10-01,1.02
64-66,2017-01-01,1.03
64-66,2017-04-01,1.03
64-66,2017-07-01,1.02
64-66,2017-10-01,1.03
64-66,2018-01-01,1.04
64-66,2018-04-01,1.05
64-66,2018-07-01,1.04
64-66,2018-10-01,1.04
64-66,2019-01-01,1.05
64-66,2019-04-01,1.05
64-66,2019-07-01,1.03
64-66,2019-10-01,1.05
64-66,2020-01-01,1.02
64-66,2020-04-01,1.02
64-66,2020-07-01,1.02
64-66,2020-10-01,1.01
64-66,2021-01-01,1.03
64-66,2021-04-01,1.04
64-66,2021-07-01,1.03
64-66,2021-10-01,1.05
64-66,2022-01-01,1.06
64-66,2022-04-01,1.06
64-66,2022-07-01,1.04
64-66,2022-10-01,1.06
64-66,2023-01-01,1.06
64-66,2023-04-01,1.09
64-66,2023-07-01,1.09
64-66,2023-10-01,1.05
64-66,2024-01-01,1.06
64-66,2024-04-01,1.08
64-66,2024-07-01,1.05
64-66,2024-10-01,1.05
64-66,2025-01-01,1.05
64-66,2025-04-01,1.02
64-66,2025-07-01,1.03
64-66,2025-10-01,1.04
64-66,2026-01-01,1.02
64-66,2026-04-01,1.04
68-75,2004-01-01,1.01
68-75,2004-04-01,1.02
68-75,2004-07-01,1
68-75,2004-10-01,1.01
68-75,2005-01-01,1.02
68-75,2005-04-01,1.02
68-75,2005-07-01,1.02
68-75,2005-10-01,1.04
68-75,2006-01-01,1.03
68-75,2006-04-01,1.04
68-75,2006-07-01,1.04
68-75,2006-10-01,1.04
68-75,2007-01-01,1.05
68-75,2007-04-01,1.07
68-75,2007-07-01,1.06
68-75,2007-10-01,1.05
68-75,2008-01-01,1.06
68-75,2008-04-01,1.06
68-75,2008-07-01,1.04
68-75,2008-10-01,1.03
68-75,2009-01-01,1.01
68-75,2009-04-01,1.02
68-75,2009-07-01,1.01
68-75,2009-10-01,1.02
68-75,2010-01-01,1.04
68-75,2010-04-01,1.04
68-75,2010-07-01,1.04
68-75,2010-10-01,1.05
68-75,2011-01-01,1.05
68-75,2011-04-01,1.06
68-75,2011-07-01,1.05
68-75,2011-10-01,1.03
68-75,2012-01-01,1.04
68-75,2012-04-01,1.04
68-75,2012-07-01,1.03
68-75,2012-10-01,1.03
68-75,2013-01-01,1.04
68-75,2013-04-01,1.03
68-75,2013-07-01,1.04
68-75,2013-10-01,1.03
68-75,2014-01-01,1.04
68-75,2014-04-01,1.04
68-75,2014-07-01,1.03
68-75,2014-10-01,1.03
68-75,2015-01-01,1.03
68-75,2015-04-01,1.03
68-75,2015-07-01,1.03
68-75,2015-10-01,1.03
68-75,2016-01-01,1.04
68-75,2016-04-01,1.04
68-75,2016-07-01,1.03
68-75,2016-10-01,1.04
68-75,2017-01-01,1.03
68-75,2017-04-01,1.03
68-75,2017-07-01,1.03
68-75,2017-10-01,1.04
68-75,2018-01-01,1.04
68-75,2018-04-01,1.04
68-75,2018-07-01,1.05
68-75,2018-10-01,1.05
68-75,2019-01-01,1.05
68-75,2019-04-01,1.06
68-75,2019-07-01,1.05
68-75,2019-10-01,1.05
68-75,2020-01-01,1.02
68-75,2020-04-01,1.04
68-75,2020-07-01,1.04
68-75,2020-10-01,1.04
68-75,2021-01-01,1.05
68-75,2021-04-01,1.06
68-75,2021-07-01,1.06
68-75,2021-10-01,1.08
68-75,2022-01-01,1.09
68-75,2022-04-01,1.09
68-75,2022-07-01,1.08
68-75,2022-10-01,1.07
68-75,2023-01-01,1.07
68-75,2023-04-01,1.06
68-75,2023-07-01,1.06
68-75,2023-10-01,1.05
68-75,2024-01-01,1.07
68-75,2024-04-01,1.05
68-75,2024-07-01,1.05
68-75,2024-10-01,1.05
68-75,2025-01-01,1.05
68-75,2025-04-01,1.04
68-75,2025-07-01,1.03
68-75,2025-10-01,1.03
68-75,2026-01-01,1.04
68-75,2026-04-01,1.04
77-82,2004-01-01,1.02
77-82,2004-04-01,1.03
77-82,2004-07-01,1
77-82,2004-10-01,1.02
77-82,2005-01-01,1.03
77-82,2005-04-01,1.03
77-82,2005-07-01,1.03
77-82,2005-10-01,1.05
77-82,2006-01-01,1.05
77-82,2006-04-01,1.06
77-82,2006-07-01,1.06
77-82,2006-10-01,1.06
77-82,2007-01-01,1.09
77-82,2007-04-01,1.11
77-82,2007-07-01,1.09
77-82,2007-10-01,1.08
77-82,2008-01-01,1.1
77-82,2008-04-01,1.09
77-82,2008-07-01,1.06
77-82,2008-10-01,1.04
77-82,2009-01-01,1.02
77-82,2009-04-01,1.02
77-82,2009-07-01,1.01
77-82,2009-10-01,1.03
77-82,2010-01-01,1.06
77-82,2010-04-01,1.06
77-82,2010-07-01,1.02
77-82,2010-10-01,1.04
77-82,2011-01-01,1.07
77-82,2011-04-01,1.09
77-82,2011-07-01,0.98
77-82,2011-10-01,1.03
77-82,2012-01-01,1.06
77-82,2012-04-01,1.01
77-82,2012-07-01,0.98
77-82,2012-10-01,1.01
77-82,2013-01-01,1.04
77-82,2013-04-01,1.03
77-82,2013-07-01,0.98
77-82,2013-10-01,1.01
77-82,2014-01-01,1.05
77-82,2014-04-01,1.03
77-82,2014-07-01,1
77-82,2014-10-01,1.04
77-82,2015-01-01,1.03
77-82,2015-04-01,1.05
77-82,2015-07-01,0.98
77-82,2015-10-01,1.04
77-82,2016-01-01,1.06
77-82,2016-04-01,1.07
77-82,2016-07-01,1
77-82,2016-10-01,1.01
77-82,2017-01-01,1.05
77-82,2017-04-01,1.04
77-82,2017-07-01,0.99
77-82,2017-10-01,1.05
77-82,2018-01-01,1.09
77-82,2018-04-01,1.08
77-82,2018-07-01,1
77-82,2018-10-01,1.07
77-82,2019-01-01,1.08
77-82,2019-04-01,1.08
77-82,2019-07-01,1.02
77-82,2019-10-01,1.03
77-82,2020-01-01,1.01
77-82,2020-04-01,1.01
77-82,2020-07-01,1
77-82,2020-10-01,0.99
77-82,2021-01-01,1.06
77-82,2021-04-01,1.07
77-82,2021-07-01,1.03
77-82,2021-10-01,1.07
77-82,2022-01-01,1.09
77-82,2022-04-01,1.09
77-82,2022-07-01,1.05
77-82,2022-10-01,1.08
77-82,2023-01-01,1.1
77-82,2023-04-01,1.08
77-82,2023-07-01,1.01
77-82,2023-10-01,1.07
77-82,2024-01-01,1.11
77-82,2024-04-01,1.09
77-82,2024-07-01,1.05
77-82,2024-10-01,1.08
77-82,2025-01-01,1.07
77-82,2025-04-01,1.06
77-82,2025-07-01,1
77-82,2025-10-01,1.05
77-82,2026-01-01,1.08
77-82,2026-04-01,1.06
84,2004-01-01,0.94
84,2004-04-01,0.93
84,2004-07-01,0.67
84,2004-10-01,0.67
84,2005-01-01,0.98
84,2005-04-01,0.72
84,2005-07-01,0.71
84,2005-10-01,0.75
84,2006-01-01,0.99
84,2006-04-01,0.99
84,2006-07-01,0.87
84,2006-10-01,0.85
84,2007-01-01,0.92
84,2007-04-01,1.04
84,2007-07-01,1.07
84,2007-10-01,0.67
84,2008-01-01,0.91
84,2008-04-01,1.05
84,2008-07-01,1.06
84,2008-10-01,1.02
84,2009-01-01,1.04
84,2009-04-01,1.06
84,2009-07-01,1.01
84,2009-10-01,0.97
84,2010-01-01,0.97
84,2010-04-01,1.03
84,2010-07-01,1.01
84,2010-10-01,1.02
84,2011-01-01,1.04
84,2011-04-01,1.04
84,2011-07-01,1.02
84,2011-10-01,1.03
84,2012-01-01,1.03
84,2012-04-01,1.02
84,2012-07-01,1.01
84,2012-10-01,0.98
84,2013-01-01,1.02
84,2013-04-01,1.05
84,2013-07-01,1.02
84,2013-10-01,1.02
84,2014-01-01,1.03
84,2014-04-01,1.02
84,2014-07-01,1.01
84,2014-10-01,1.03
84,2015-01-01,1.04
84,2015-04-01,1.02
84,2015-07-01,1.03
84,2015-10-01,1.02
84,2016-01-01,1.03
84,2016-04-01,1.04
84,2016-07-01,1.03
84,2016-10-01,1.01
84,2017-01-01,1
84,2017-04-01,1.03
84,2017-07-01,1
84,2017-10-01,1
84,2018-01-01,1.02
84,2018-04-01,1.01
84,2018-07-01,1.02
84,2018-10-01,1.05
84,2019-01-01,1.04
84,2019-04-01,1.04
84,2019-07-01,1.03
84,2019-10-01,1.02
84,2020-01-01,1.03
84,2020-04-01,1.03
84,2020-07-01,1.02
84,2020-10-01,1.01
84,2021-01-01,1.06
84,2021-04-01,1.02
84,2021-07-01,1.01
84,2021-10-01,1.04
84,2022-01-01,1.07
84,2022-04-01,1.04
84,2022-07-01,1.03
84,2022-10-01,1.05
84,2023-01-01,1.03
84,2023-04-01,1.04
84,2023-07-01,1.02
84,2023-10-01,1.05
84,2024-01-01,1.04
84,2024-04-01,1.04
84,2024-07-01,1
84,2024-10-01,1.05
84,2025-01-01,1.06
84,2025-04-01,1.03
84,2025-07-01,1.03
84,2025-10-01,1.04
84,2026-01-01,1.05
84,2026-04-01,1.05
85,2004-01-01,1.02
85,2004-04-01,1
85,2004-07-01,1.04
85,2004-10-01,1.01
85,2005-01-01,1.02
85,2005-04-01,1.02
85,2005-07-01,1.02
85,2005-10-01,1.03
85,2006-01-01,1.01
85,2006-04-01,1.05
85,2006-07-01,1.01
85,2006-10-01,1.04
85,2007-01-01,1.02
85,2007-04-01,1.04
85,2007-07-01,1.04
85,2007-10-01,1.04
85,2008-01-01,1.02
85,2008-04-01,1.03
85,2008-07-01,1.02
85,2008-10-01,1.05
85,2009-01-01,1.04
85,2009-04-01,1.05
85,2009-07-01,1.03
85,2009-10-01,1.03
85,2010-01-01,1.01
85,2010-04-01,1.04
85,2010-07-01,1.03
85,2010-10-01,1.03
85,2011-01-01,1.05
85,2011-04-01,1.07
85,2011-07-01,1.02
85,2011-10-01,1.03
85,2012-01-01,1.02
85,2012-04-01,1.06
85,2012-07-01,1.04
85,2012-10-01,1.01
85,2013-01-01,1.01
85,2013-04-01,1.01
85,2013-07-01,1.01
85,2013-10-01,1
85,2014-01-01,1
85,2014-04-01,1
85,2014-07-01,1.01
85,2014-10-01,1.01
85,2015-01-01,1.01
85,2015-04-01,1.02
85,2015-07-01,1.02
85,2015-10-01,1.03
85,2016-01-01,1.02
85,2016-04-01,1
85,2016-07-01,1.02
85,2016-10-01,1.01
85,2017-01-01,0.99
85,2017-04-01,1.03
85,2017-07-01,1
85,2017-10-01,1.01
85,2018-01-01,1.01
85,2018-04-01,1.04
85,2018-07-01,1.01
85,2018-10-01,1.01
85,2019-01-01,1.02
85,2019-04-01,1.02
85,2019-07-01,1.02
85,2019-10-01,1.02
85,2020-01-01,1.01
85,2020-04-01,1.02
85,2020-07-01,1.02
85,2020-10-01,1.01
85,2021-01-01,1.01
85,2021-04-01,1.02
85,2021-07-01,1.02
85,2021-10-01,1.01
85,2022-01-01,1.02
85,2022-04-01,1.02
85,2022-07-01,1.02
85,2022-10-01,1.03
85,2023-01-01,1.01
85,2023-04-01,1.04
85,2023-07-01,1.01
85,2023-10-01,1.01
85,2024-01-01,0.99
85,2024-04-01,1.03
85,2024-07-01,1.02
85,2024-10-01,1.02
85,2025-01-01,1.01
85,2025-04-01,1.02
85,2025-07-01,1.02
85,2025-10-01,1
85,2026-01-01,1.01
85,2026-04-01,1.01
86-88,2004-01-01,1.01
86-88,2004-04-01,1.01
86-88,2004-07-01,1
86-88,2004-10-01,1.01
86-88,2005-01-01,1.02
86-88,2005-04-01,1.01
86-88,2005-07-01,1
86-88,2005-10-01,1.01
86-88,2006-01-01,1.01
86-88,2006-04-01,0.99
86-88,2006-07-01,1.01
86-88,2006-10-01,1.02
86-88,2007-01-01,1.03
86-88,2007-04-01,1.02
86-88,2007-07-01,1.04
86-88,2007-10-01,1.03
86-88,2008-01-01,1.06
86-88,2008-04-01,1.04
86-88,2008-07-01,1.04
86-88,2008-10-01,1.05
86-88,2009-01-01,1.03
86-88,2009-04-01,1.03
86-88,2009-07-01,1.03
86-88,2009-10-01,1.03
86-88,2010-01-01,1.01
86-88,2010-04-01,1.03
86-88,2010-07-01,1.01
86-88,2010-10-01,1.02
86-88,2011-01-01,1.03
86-88,2011-04-01,1.03
86-88,2011-07-01,1.03
86-88,2011-10-01,1.03
86-88,2012-01-01,1.03
86-88,2012-04-01,1.04
86-88,2012-07-01,1.03
86-88,2012-10-01,1.05
86-88,2013-01-01,1.04
86-88,2013-04-01,1.04
86-88,2013-07-01,1.03
86-88,2013-10-01,1.05
86-88,2014-01-01,1.03
86-88,2014-04-01,1.04
86-88,2014-07-01,1.04
86-88,2014-10-01,1.04
86-88,2015-01-01,1.03
86-88,2015-04-01,1.03
86-88,2015-07-01,1.02
86-88,2015-10-01,1.04
86-88,2016-01-01,1.01
86-88,2016-04-01,1.02
86-88,2016-07-01,1.04
86-88,2016-10-01,1.05
86-88,2017-01-01,1.02
86-88,2017-04-01,1.03
86-88,2017-07-01,1.04
86-88,2017-10-01,1.03
86-88,2018-01-01,1.03
86-88,2018-04-01,1.03
86-88,2018-07-01,1.03
86-88,2018-10-01,1.03
86-88,2019-01-01,1.03
86-88,2019-04-01,1.04
86-88,2019-07-01,1.04
86-88,2019-10-01,1.04
86-88,2020-01-01,1.02
86-88,2020-04-01,1.02
86-88,2020-07-01,1.02
86-88,2020-10-01,1.03
86-88,2021-01-01,1.03
86-88,2021-04-01,1.04
86-88,2021-07-01,1.03
86-88,2021-10-01,1.05
86-88,2022-01-01,1.05
86-88,2022-04-01,1.05
86-88,2022-07-01,1.06
86-88,2022-10-01,1.07
86-88,2023-01-01,1.06
86-88,2023-04-01,1.06
86-88,2023-07-01,1.05
86-88,2023-10-01,1.05
86-88,2024-01-01,1.05
86-88,2024-04-01,1.07
86-88,2024-07-01,1.05
86-88,2024-10-01,1.06
86-88,2025-01-01,1.04
86-88,2025-04-01,1.04
86-88,2025-07-01,1.04
86-88,2025-10-01,1.03
86-88,2026-01-01,1.04
86-88,2026-04-01,1.05
90-96,2004-01-01,1.01
90-96,2004-04-01,1.02
90-96,2004-07-01,1
90-96,2004-10-01,1.01
90-96,2005-01-01,1.01
90-96,2005-04-01,1.01
90-96,2005-07-01,1.01
90-96,2005-10-01,1.01
90-96,2006-01-01,1.01
90-96,2006-04-01,1.02
90-96,2006-07-01,1.01
90-96,2006-10-01,1.03
90-96,2007-01-01,1.02
90-96,2007-04-01,1.04
90-96,2007-07-01,1.03
90-96,2007-10-01,1.04
90-96,2008-01-01,1.03
90-96,2008-04-01,1.04
90-96,2008-07-01,1.02
90-96,2008-10-01,1.02
90-96,2009-01-01,1.01
90-96,2009-04-01,1.01
90-96,2009-07-01,1
90-96,2009-10-01,1.02
90-96,2010-01-01,1.02
90-96,2010-04-01,1.02
90-96,2010-07-01,1.01
90-96,2010-10-01,1.03
90-96,2011-01-01,1.03
90-96,2011-04-01,1.03
90-96,2011-07-01,1.01
90-96,2011-10-01,1.02
90-96,2012-01-01,1.03
90-96,2012-04-01,1.03
90-96,2012-07-01,1.01
90-96,2012-10-01,1.03
90-96,2013-01-01,1.03
90-96,2013-04-01,1.02
90-96,2013-07-01,1.01
90-96,2013-10-01,1.03
90-96,2014-01-01,1.04
90-96,2014-04-01,1.03
90-96,2014-07-01,1.03
90-96,2014-10-01,1.03
90-96,2015-01-01,1.03
90-96,2015-04-01,1.02
90-96,2015-07-01,0.99
90-96,2015-10-01,1.01
90-96,2016-01-01,1.01
90-96,2016-04-01,1.01
90-96,2016-07-01,1.02
90-96,2016-10-01,1.02
90-96,2017-01-01,1
90-96,2017-04-01,1.03
90-96,2017-07-01,1.02
90-96,2017-10-01,1.01
90-96,2018-01-01,1.02
90-96,2018-04-01,1.03
90-96,2018-07-01,1.01
90-96,2018-10-01,1.02
90-96,2019-01-01,1.03
90-96,2019-04-01,1.02
90-96,2019-07-01,1.01
90-96,2019-10-01,1.02
90-96,2020-01-01,1
90-96,2020-04-01,1.02
90-96,2020-07-01,1.01
90-96,2020-10-01,1
90-96,2021-01-01,1.02
90-96,2021-04-01,1.03
90-96,2021-07-01,1.03
90-96,2021-10-01,1.03
90-96,2022-01-01,1.06
90-96,2022-04-01,1.04
90-96,2022-07-01,1.02
90-96,2022-10-01,1.04
90-96,2023-01-01,1.04
90-96,2023-04-01,1.04
90-96,2023-07-01,1.03
90-96,2023-10-01,1.03
90-96,2024-01-01,1.05
90-96,2024-04-01,1.04
90-96,2024-07-01,1.01
90-96,2024-10-01,1.03
90-96,2025-01-01,1.03
90-96,2025-04-01,1.03
90-96,2025-07-01,1.02
90-96,2025-10-01,1.02
90-96,2026-01-01,1.04
90-96,2026-04-01,1.03
