origin,sex,date,value
ch,tot,1991-01-01,1.5541299095049945
ch,tot,1991-02-01,1.6005764316680742
ch,tot,1991-03-01,1.640701222826931
ch,tot,1991-04-01,1.5936983698065945
ch,tot,1991-05-01,1.6680732173689006
ch,tot,1991-06-01,1.888092177824505
ch,tot,1991-07-01,2.101303101276394
ch,tot,1991-08-01,2.109842885388552
ch,tot,1991-09-01,1.9963929423350542
ch,tot,1991-10-01,1.8334931521060343
ch,tot,1991-11-01,1.978989072352819
ch,tot,1991-12-01,2.180147435541146
ch,tot,1992-01-01,2.4551036101769697
ch,tot,1992-02-01,2.6077635124859575
ch,tot,1992-03-01,2.595962453337072
ch,tot,1992-04-01,2.4547859885497463
ch,tot,1992-05-01,2.568603712792898
ch,tot,1992-06-01,2.9471546226573553
ch,tot,1992-07-01,3.402722101660855
ch,tot,1992-08-01,3.4971992935121174
ch,tot,1992-09-01,3.3821521938270287
ch,tot,1992-10-01,3.131077578023685
ch,tot,1992-11-01,3.2747084500231716
ch,tot,1992-12-01,3.4920153829531437
ch,tot,1993-01-01,3.6290982526596665
ch,tot,1993-02-01,3.745088730775456
ch,tot,1993-03-01,3.6449084375648773
ch,tot,1993-04-01,3.277951308449794
ch,tot,1993-05-01,3.380840527697319
ch,tot,1993-06-01,3.733019307852887
ch,tot,1993-07-01,4.296644353823059
ch,tot,1993-08-01,4.413778690836758
ch,tot,1993-09-01,4.115786858340183
ch,tot,1993-10-01,3.623517211469665
ch,tot,1993-11-01,3.718802802719665
ch,tot,1993-12-01,3.71080857081067
ch,tot,1994-01-01,3.678509562362343
ch,tot,1994-02-01,3.678509562362343
ch,tot,1994-03-01,3.412512086275313
ch,tot,1994-04-01,3.002097078932075
ch,tot,1994-05-01,2.920994754532076
ch,tot,1994-06-01,3.2009196615358495
ch,tot,1994-07-01,3.7307264395193744
ch,tot,1994-08-01,3.629567046708053
ch,tot,1994-09-01,3.362602151772573
ch,tot,1994-10-01,3.0814732535577316
ch,tot,1994-11-01,3.0814732535577316
ch,tot,1994-12-01,3.206181610884537
ch,tot,1995-01-01,3.332259219058946
ch,tot,1995-02-01,3.2389501065443826
ch,tot,1995-03-01,3.0396292633966713
ch,tot,1995-04-01,2.7356808595331206
ch,tot,1995-05-01,2.648796700390263
ch,tot,1995-06-01,2.826075479076616
ch,tot,1995-07-01,3.2214309932242005
ch,tot,1995-08-01,3.2214309932242005
ch,tot,1995-09-01,2.909442452551599
ch,tot,1995-10-01,2.6646189617765565
ch,tot,1995-11-01,2.754804085578755
ch,tot,1995-12-01,2.7874232186446886
ch,tot,1996-01-01,3.0545669993019193
ch,tot,1996-02-01,3.0545669993019193
ch,tot,1996-03-01,2.8891004413961605
ch,tot,1996-04-01,2.747968815037604
ch,tot,1996-05-01,2.747968815037604
ch,tot,1996-06-01,2.8809425789247927
ch,tot,1996-07-01,3.2966975816537203
ch,tot,1996-08-01,3.2966975816537203
ch,tot,1996-09-01,3.1941959316925597
ch,tot,1996-10-01,2.9881973362710657
ch,tot,1996-11-01,3.167322972099637
ch,tot,1996-12-01,3.248575572629298
ch,tot,1997-01-01,3.580016068459605
ch,tot,1997-02-01,3.580016068459605
ch,tot,1997-03-01,3.3553746660807913
ch,tot,1997-04-01,3.048672922761904
ch,tot,1997-05-01,2.9665094486285715
ch,tot,1997-06-01,3.2282084686095236
ch,tot,1997-07-01,3.64478793348826
ch,tot,1997-08-01,3.64478793348826
ch,tot,1997-09-01,3.3434534660234796
ch,tot,1997-10-01,2.937870747334394
ch,tot,1997-11-01,3.027369015631424
ch,tot,1997-12-01,3.0740853350341806
ch,tot,1998-01-01,3.1706522043826575
ch,tot,1998-02-01,3.0784059172972302
ch,tot,1998-03-01,2.9294474433201123
ch,tot,1998-04-01,2.704056205684523
ch,tot,1998-05-01,2.514978586327381
ch,tot,1998-06-01,2.7222252209880953
ch,tot,1998-07-01,3.1451464461478698
ch,tot,1998-08-01,3.0189016961478696
ch,tot,1998-09-01,2.736206732704261
ch,tot,1998-10-01,2.434704956504713
ch,tot,1998-11-01,2.434704956504713
ch,tot,1998-12-01,2.580053307990573
ch,tot,1999-01-01,2.6666551818091118
ch,tot,1999-02-01,2.5517352351673215
ch,tot,1999-03-01,2.4812460080235668
ch,tot,1999-04-01,2.3564522263405423
ch,tot,1999-05-01,2.118149338866858
ch,tot,1999-06-01,2.3170307277926008
ch,tot,1999-07-01,2.7240976375844643
ch,tot,1999-08-01,2.7240976375844643
ch,tot,1999-09-01,2.458441815831071
ch,tot,1999-10-01,2.2374107381206074
ch,tot,1999-11-01,2.2374107381206074
ch,tot,1999-12-01,2.4573309217587846
ch,tot,2000-01-01,2.492019031006508
ch,tot,2000-02-01,2.340030500038766
ch,tot,2000-03-01,2.235417158954725
ch,tot,2000-04-01,2.004607923772424
ch,tot,2000-05-01,1.8458515085355818
ch,tot,2000-06-01,2.182284346691994
ch,tot,2000-07-01,2.6599392203908963
ch,tot,2000-08-01,2.6599392203908963
ch,tot,2000-09-01,2.3065352592182085
ch,tot,2000-10-01,2.054614392925699
ch,tot,2000-11-01,2.2442474194474378
ch,tot,2000-12-01,2.2434776026268626
ch,tot,2001-01-01,2.311315594056338
ch,tot,2001-02-01,2.311315594056338
ch,tot,2001-03-01,2.104786503887324
ch,tot,2001-04-01,1.9818139041666671
ch,tot,2001-05-01,1.9818139041666671
ch,tot,2001-06-01,2.187881875666667
ch,tot,2001-07-01,2.5676458412307692
ch,tot,2001-08-01,2.5676458412307692
ch,tot,2001-09-01,2.2526258305384617
ch,tot,2001-10-01,1.9376286841102561
ch,tot,2001-11-01,2.270828529494872
ch,tot,2001-12-01,2.2889397713948716
ch,tot,2002-01-01,2.4662517702733333
ch,tot,2002-02-01,2.4662517702733333
ch,tot,2002-03-01,2.4075680554533334
ch,tot,2002-04-01,2.3025129729213836
ch,tot,2002-05-01,2.3025129729213836
ch,tot,2002-06-01,2.5297447931572328
ch,tot,2002-07-01,2.8890889869295795
ch,tot,2002-08-01,3.0557196077220325
ch,tot,2002-09-01,2.886614307348388
ch,tot,2002-10-01,2.539287676296349
ch,tot,2002-11-01,2.8018676713199713
ch,tot,2002-12-01,2.9957594943836794
ch,tot,2003-01-01,3.260340459085119
ch,tot,2003-02-01,3.260340459085119
ch,tot,2003-03-01,3.1478997868297625
ch,tot,2003-04-01,2.942483480567805
ch,tot,2003-05-01,2.942483480567805
ch,tot,2003-06-01,3.2929940438643888
ch,tot,2003-07-01,3.674482211709194
ch,tot,2003-08-01,3.8087021614910115
ch,tot,2003-09-01,3.589961483799794
ch,tot,2003-10-01,3.387660531955991
ch,tot,2003-11-01,3.5062561476170084
ch,tot,2003-12-01,3.6017953064269994
ch,tot,2004-01-01,3.775372039680345
ch,tot,2004-02-01,3.775372039680345
ch,tot,2004-03-01,3.5745256406393104
ch,tot,2004-04-01,3.275475327122708
ch,tot,2004-05-01,3.163769695563386
ch,tot,2004-06-01,3.4467033703139065
ch,tot,2004-07-01,3.983498207131295
ch,tot,2004-08-01,4.123392360569891
ch,tot,2004-09-01,3.8540595512988136
ch,tot,2004-10-01,3.484040101391648
ch,tot,2004-11-01,3.484040101391648
ch,tot,2004-12-01,3.6473740292167034
ch,tot,2005-01-01,3.8623146408155007
ch,tot,2005-02-01,3.7381942004858297
ch,tot,2005-03-01,3.6944512286986697
ch,tot,2005-04-01,3.471880947672865
ch,tot,2005-05-01,3.350676705462339
ch,tot,2005-06-01,3.5404050558647975
ch,tot,2005-07-01,4.108922805958615
ch,tot,2005-08-01,4.108922805958615
ch,tot,2005-09-01,3.8258842780827695
ch,tot,2005-10-01,3.4646298090694745
ch,tot,2005-11-01,3.4646298090694745
ch,tot,2005-12-01,3.5503668718610517
ch,tot,2006-01-01,3.578847624658824
ch,tot,2006-02-01,3.4574685269882357
ch,tot,2006-03-01,3.2809071503529417
ch,tot,2006-04-01,2.989835339088235
ch,tot,2006-05-01,2.8725438176372546
ch,tot,2006-06-01,3.11042223427451
ch,tot,2006-07-01,3.578378689349765
ch,tot,2006-08-01,3.578378689349765
ch,tot,2006-09-01,3.419251794300469
ch,tot,2006-10-01,3.178965231380282
ch,tot,2006-11-01,3.0453367896760564
ch,tot,2006-12-01,3.2633173399436624
ch,tot,2007-01-01,3.4202903264800177
ch,tot,2007-02-01,3.4202903264800177
ch,tot,2007-03-01,3.146122017039963
ch,tot,2007-04-01,2.946845719083824
ch,tot,2007-05-01,2.8055381842057754
ch,tot,2007-06-01,2.9380294917104015
ch,tot,2007-07-01,3.300847832794003
ch,tot,2007-08-01,3.470976298449176
ch,tot,2007-09-01,3.095626876756822
ch,tot,2007-10-01,2.783712636143515
ch,tot,2007-11-01,2.783712636143515
ch,tot,2007-12-01,2.9728346637129706
ch,tot,2008-01-01,3.080498106632353
ch,tot,2008-02-01,3.080498106632353
ch,tot,2008-03-01,2.9178610607352944
ch,tot,2008-04-01,2.6834111739228974
ch,tot,2008-05-01,2.6834111739228974
ch,tot,2008-06-01,2.815679635154206
ch,tot,2008-07-01,3.374304200908031
ch,tot,2008-08-01,3.374304200908031
ch,tot,2008-09-01,3.1443768211839385
ch,tot,2008-10-01,2.8172752276310966
ch,tot,2008-11-01,2.976643352639946
ch,tot,2008-12-01,3.2103804827289584
ch,tot,2009-01-01,3.4585686717030653
ch,tot,2009-02-01,3.4585686717030653
ch,tot,2009-03-01,3.445061151593869
ch,tot,2009-04-01,3.3390341825630774
ch,tot,2009-05-01,3.3390341825630774
ch,tot,2009-06-01,3.6375263718738466
ch,tot,2009-07-01,4.238904945658666
ch,tot,2009-08-01,4.388827049291803
ch,tot,2009-09-01,4.040685762049531
ch,tot,2009-10-01,3.564996272842366
ch,tot,2009-11-01,3.6909086325277594
ch,tot,2009-12-01,3.950295106629875
ch,tot,2010-01-01,3.915636669725365
ch,tot,2010-02-01,3.9854243349125817
ch,tot,2010-03-01,3.869842597567547
ch,tot,2010-04-01,3.5588205533982764
ch,tot,2010-05-01,3.3965585188007923
ch,tot,2010-06-01,3.4445188457674156
ch,tot,2010-07-01,3.850181792597915
ch,tot,2010-08-01,4.0079457713781
ch,tot,2010-09-01,3.8290129106130144
ch,tot,2010-10-01,3.245889720361137
ch,tot,2010-11-01,3.0574557693294504
ch,tot,2010-12-01,3.1981333255244113
ch,tot,2011-01-01,3.5758681171499136
ch,tot,2011-02-01,3.630250751138338
ch,tot,2011-03-01,3.4851819990706643
ch,tot,2011-04-01,3.087194565585109
ch,tot,2011-05-01,2.8362879965148755
ch,tot,2011-06-01,2.936032317281156
ch,tot,2011-07-01,3.5421282982481173
ch,tot,2011-08-01,3.8358382037599594
ch,tot,2011-09-01,3.7607465649228624
ch,tot,2011-10-01,3.3389598019580378
ch,tot,2011-11-01,3.262658135001304
ch,tot,2011-12-01,3.346277705159829
ch,tot,2012-01-01,3.419190763688528
ch,tot,2012-02-01,3.405122530481619
ch,tot,2012-03-01,3.2907701257691575
ch,tot,2012-04-01,3.031310904549829
ch,tot,2012-05-01,2.915635876313515
ch,tot,2012-06-01,3.009696008922243
ch,tot,2012-07-01,3.5070333837811383
ch,tot,2012-08-01,3.788735327872128
ch,tot,2012-09-01,3.757566156036713
ch,tot,2012-10-01,3.491970636605558
ch,tot,2012-11-01,3.502614176795686
ch,tot,2012-12-01,3.5958227638992395
ch,tot,2013-01-01,3.666670086119956
ch,tot,2013-02-01,3.6553668009539164
ch,tot,2013-03-01,3.518873497527739
ch,tot,2013-04-01,3.2767051768520594
ch,tot,2013-05-01,3.1626621535598205
ch,tot,2013-06-01,3.18008443232834
ch,tot,2013-07-01,3.5406801786403457
ch,tot,2013-08-01,3.743800098180103
ch,tot,2013-09-01,3.615222459330844
ch,tot,2013-10-01,3.1181127957322152
ch,tot,2013-11-01,2.9855114438410757
ch,tot,2013-12-01,3.179752193334509
ch,tot,2014-01-01,3.5755894910266712
ch,tot,2014-02-01,3.6569640903969254
ch,tot,2014-03-01,3.574908201923948
ch,tot,2014-04-01,3.4352356255180765
ch,tot,2014-05-01,3.336137151386964
ch,tot,2014-06-01,3.388194172644929
ch,tot,2014-07-01,3.8754129975269884
ch,tot,2014-08-01,4.111207961593979
ch,tot,2014-09-01,3.899274112857033
ch,tot,2014-10-01,3.1704519727179874
ch,tot,2014-11-01,2.9276759502995486
ch,tot,2014-12-01,3.061692995438293
ch,tot,2015-01-01,3.379755487265882
ch,tot,2015-02-01,3.4378047459720444
ch,tot,2015-03-01,3.3779459761001664
ch,tot,2015-04-01,3.1536273394831364
ch,tot,2015-05-01,3.041569472518011
ch,tot,2015-06-01,3.1688143105989495
ch,tot,2015-07-01,3.768745622022133
ch,tot,2015-08-01,4.071881467809231
ch,tot,2015-09-01,3.970718675265182
ch,tot,2015-10-01,3.425500149871448
ch,tot,2015-11-01,3.284516466825772
ch,tot,2015-12-01,3.4198694701841204
ch,tot,2016-01-01,3.6633884170441053
ch,tot,2016-02-01,3.712828914413834
ch,tot,2016-03-01,3.6326416756275104
ch,tot,2016-04-01,3.3926350072188702
ch,tot,2016-05-01,3.2859090276986027
ch,tot,2016-06-01,3.3545012135480805
ch,tot,2016-07-01,3.7569404762475154
ch,tot,2016-08-01,3.9921430471470907
ch,tot,2016-09-01,3.891469468118632
ch,tot,2016-10-01,3.352605059902683
ch,tot,2016-11-01,3.1952876085228747
ch,tot,2016-12-01,3.3375791395545433
ch,tot,2017-01-01,3.6899018495160507
ch,tot,2017-02-01,3.7613632056811563
ch,tot,2017-03-01,3.605723433586759
ch,tot,2017-04-01,3.207842594086776
ch,tot,2017-05-01,3.037729409651293
ch,tot,2017-06-01,3.1488722938191445
ch,tot,2017-07-01,3.6897301117139714
ch,tot,2017-08-01,3.9643757564084683
ch,tot,2017-09-01,3.87863742992983
ch,tot,2017-10-01,3.4938657237823274
ch,tot,2017-11-01,3.410705476862333
ch,tot,2017-12-01,3.53617322519989
ch,tot,2018-01-01,3.821236360769549
ch,tot,2018-02-01,3.8480713736469117
ch,tot,2018-03-01,3.6445024623197106
ch,tot,2018-04-01,3.2267155956228653
ch,tot,2018-05-01,3.033932090863157
ch,tot,2018-06-01,3.0239762103785703
ch,tot,2018-07-01,3.2531553127963875
ch,tot,2018-08-01,3.4187758936413513
ch,tot,2018-09-01,3.452361475915918
ch,tot,2018-10-01,3.4686216410654316
ch,tot,2018-11-01,3.531414335334434
ch,tot,2018-12-01,3.592519471217507
ch,tot,2019-01-01,3.6568942281277717
ch,tot,2019-02-01,3.635532672510734
ch,tot,2019-03-01,3.463155996186339
ch,tot,2019-04-01,3.125355961978197
ch,tot,2019-05-01,2.955183558851213
ch,tot,2019-06-01,2.9555920050959568
ch,tot,2019-07-01,3.279706597497552
ch,tot,2019-08-01,3.4644375669015943
ch,tot,2019-09-01,3.3774597196665717
ch,tot,2019-10-01,3.0494786223954207
ch,tot,2019-11-01,2.9591652384392138
ch,tot,2019-12-01,3.0786911355979654
ch,tot,2020-01-01,3.3266079811835465
ch,tot,2020-02-01,3.334846890904636
ch,tot,2020-03-01,3.4098559216524715
ch,tot,2020-04-01,3.3742802925233066
ch,tot,2020-05-01,3.4150870884567177
ch,tot,2020-06-01,3.5542807824130924
ch,tot,2020-07-01,3.9496914838342696
ch,tot,2020-08-01,4.104601809185794
ch,tot,2020-09-01,4.019409569363229
ch,tot,2020-10-01,3.771570259042444
ch,tot,2020-11-01,3.7526972600156734
ch,tot,2020-12-01,3.9472112329534017
ch,tot,2021-01-01,4.304720546427655
ch,tot,2021-02-01,4.375060585850171
ch,tot,2021-03-01,4.170253286829803
ch,tot,2021-04-01,3.617511059936039
ch,tot,2021-05-01,3.356892291898729
ch,tot,2021-06-01,3.4003535786405297
ch,tot,2021-07-01,3.8492149411832606
ch,tot,2021-08-01,3.9517384346745947
ch,tot,2021-09-01,3.7155995453138675
ch,tot,2021-10-01,3.148026883981588
ch,tot,2021-11-01,2.952350339849761
ch,tot,2021-12-01,3.0416447508554127
ch,tot,2022-01-01,3.2813217670656334
ch,tot,2022-02-01,3.302831816063641
ch,tot,2022-03-01,3.2358442635310527
ch,tot,2022-04-01,3.093883551397911
ch,tot,2022-05-01,2.9707620886555843
ch,tot,2022-06-01,2.956260128033294
ch,tot,2022-07-01,3.1546593610917504
ch,tot,2022-08-01,3.2333746675243034
ch,tot,2022-09-01,3.1180122810876223
ch,tot,2022-10-01,2.775314626904355
ch,tot,2022-11-01,2.688577524799935
ch,tot,2022-12-01,2.794671847688864
ch,tot,2023-01-01,3.070699344718904
ch,tot,2023-02-01,3.1284399648512697
ch,tot,2023-03-01,3.00794158437469
ch,tot,2023-04-01,2.6932511818291345
ch,tot,2023-05-01,2.57427832368591
ch,tot,2023-06-01,2.728510475794524
ch,tot,2023-07-01,3.2697088819311855
ch,tot,2023-08-01,3.555908836222335
ch,tot,2023-09-01,3.584778508643433
ch,tot,2023-10-01,3.1534480587577254
ch,tot,2023-11-01,2.9367424039169165
ch,tot,2023-12-01,2.9566419450656167
ch,tot,2024-01-01,2.9253465422295
ch,tot,2024-02-01,2.878699122018435
ch,tot,2024-03-01,2.8461514913601786
ch,tot,2024-04-01,2.809939576280555
ch,tot,2024-05-01,2.8035867965364543
ch,tot,2024-06-01,2.8979154802339226
ch,tot,2024-07-01,3.317505087786501
ch,tot,2024-08-01,3.562926660967906
ch,tot,2024-09-01,3.4939608010895364
ch,tot,2024-10-01,3.1265183466551596
ch,tot,2024-11-01,3.0357421359637073
ch,tot,2024-12-01,3.1196788920753384
ch,tot,2025-01-01,3.1953252158037224
ch,tot,2025-02-01,3.199504216281232
ch,tot,2025-03-01,3.242222271141996
ch,tot,2025-04-01,3.3269406613722152
ch,tot,2025-05-01,3.321358467586387
ch,tot,2025-06-01,3.3545210817296542
ch,tot,2025-07-01,3.5434733268504157
ch,tot,2025-08-01,3.675179485947914
ch,tot,2025-09-01,3.681632537402688
ch,tot,2025-10-01,3.5717962808992088
ch,tot,2025-11-01,3.560452321576737
ch,tot,2025-12-01,3.590960884235689
ch,tot,2026-01-01,3.604023661993537
ch,tot,2026-02-01,3.593600816701223
ch,tot,2026-03-01,3.592531168770737
ch,tot,2026-04-01,3.472033438249769
ch,tot,2026-05-01,3.420513368498626
ch,tot,2026-06-01,3.407233844876768
ex,tot,1991-01-01,2.414999079651907
ex,tot,1991-02-01,2.5065452824187098
ex,tot,1991-03-01,2.583169015929384
ex,tot,1991-04-01,2.5547513787668046
ex,tot,1991-05-01,2.688007029706947
ex,tot,1991-06-01,2.932809047526248
ex,tot,1991-07-01,3.139023497502657
ex,tot,1991-08-01,3.1584636971047946
ex,tot,1991-09-01,3.2028011603925486
ex,tot,1991-10-01,3.248881924773715
ex,tot,1991-11-01,3.46449757930192
ex,tot,1991-12-01,3.730493849924365
ex,tot,1992-01-01,4.175741302610563
ex,tot,1992-02-01,4.541413607874032
ex,tot,1992-03-01,4.479776656515405
ex,tot,1992-04-01,4.246965261604907
ex,tot,1992-05-01,4.414117378517728
ex,tot,1992-06-01,4.727680095877366
ex,tot,1992-07-01,4.966438822415398
ex,tot,1992-08-01,4.956119676249732
ex,tot,1992-09-01,5.024813773334869
ex,tot,1992-10-01,5.29120808354335
ex,tot,1992-11-01,5.585103103139515
ex,tot,1992-12-01,5.366538518317136
ex,tot,1993-01-01,6.264849131060076
ex,tot,1993-02-01,6.635713441829306
ex,tot,1993-03-01,6.384381587110619
ex,tot,1993-04-01,5.8576015244761015
ex,tot,1993-05-01,5.938351464905304
ex,tot,1993-06-01,6.453533547618594
ex,tot,1993-07-01,7.032969460452155
ex,tot,1993-08-01,7.217037244805841
ex,tot,1993-09-01,7.608042686742004
ex,tot,1993-10-01,7.818436650449737
ex,tot,1993-11-01,8.10968010680337
ex,tot,1993-12-01,8.77903645674689
ex,tot,1994-01-01,9.814811370014693
ex,tot,1994-02-01,9.814811370014693
ex,tot,1994-03-01,9.24597969897061
ex,tot,1994-04-01,8.630432503638552
ex,tot,1994-05-01,8.337543325673298
ex,tot,1994-06-01,8.318123201688149
ex,tot,1994-07-01,8.46465348383779
ex,tot,1994-08-01,8.46465348383779
ex,tot,1994-09-01,8.15477158332442
ex,tot,1994-10-01,7.815420865671466
ex,tot,1994-11-01,7.914515955988794
ex,tot,1994-12-01,8.003337309339742
ex,tot,1995-01-01,8.369844094127
ex,tot,1995-02-01,8.369844094127
ex,tot,1995-03-01,7.608270192745997
ex,tot,1995-04-01,6.800062930334727
ex,tot,1995-05-01,6.634615948686192
ex,tot,1995-06-01,6.336235427979079
ex,tot,1995-07-01,6.201015466342106
ex,tot,1995-08-01,6.201015466342106
ex,tot,1995-09-01,6.40583515831579
ex,tot,1995-10-01,6.736360300086081
ex,tot,1995-11-01,7.092569797736608
ex,tot,1995-12-01,7.32100882517731
ex,tot,1996-01-01,7.794865605098588
ex,tot,1996-02-01,7.971126635076366
ex,tot,1996-03-01,8.029246806825046
ex,tot,1996-04-01,8.106208647712524
ex,tot,1996-05-01,8.016814650729097
ex,tot,1996-06-01,8.14744688255838
ex,tot,1996-07-01,8.468729594521479
ex,tot,1996-08-01,8.563068001141145
ex,tot,1996-09-01,8.392402988337377
ex,tot,1996-10-01,8.02102818601691
ex,tot,1996-11-01,8.453661324980121
ex,tot,1996-12-01,9.396772199002967
ex,tot,1997-01-01,11.031145317091138
ex,tot,1997-02-01,11.125522891314649
ex,tot,1997-03-01,10.356406111594215
ex,tot,1997-04-01,9.337403893397504
ex,tot,1997-05-01,9.084550908010796
ex,tot,1997-06-01,9.476157919591698
ex,tot,1997-07-01,10.092561276252114
ex,tot,1997-08-01,9.994396103495978
ex,tot,1997-09-01,9.902502897251905
ex,tot,1997-10-01,9.54638937206739
ex,tot,1997-11-01,9.841261208326525
ex,tot,1997-12-01,10.197823657606085
ex,tot,1998-01-01,10.758127527796855
ex,tot,1998-02-01,10.459696617709618
ex,tot,1998-03-01,9.570298078493527
ex,tot,1998-04-01,8.499570173556716
ex,tot,1998-05-01,7.845453177854015
ex,tot,1998-06-01,7.8573054895892644
ex,tot,1998-07-01,8.346499768559376
ex,tot,1998-08-01,8.119107086756559
ex,tot,1998-09-01,7.751713756684066
ex,tot,1998-10-01,7.489593387080255
ex,tot,1998-11-01,7.828326800169411
ex,tot,1998-12-01,8.111140884750334
ex,tot,1999-01-01,8.138835750425525
ex,tot,1999-02-01,7.92213944617895
ex,tot,1999-03-01,7.667270118395524
ex,tot,1999-04-01,7.484334283519843
ex,tot,1999-05-01,6.900406547486784
ex,tot,1999-06-01,6.811835986993372
ex,tot,1999-07-01,7.019719873931025
ex,tot,1999-08-01,6.884241603119144
ex,tot,1999-09-01,6.620996550949831
ex,tot,1999-10-01,6.2630239396345715
ex,tot,1999-11-01,6.534623105379538
ex,tot,1999-12-01,7.436490802985892
ex,tot,2000-01-01,7.6421105828851825
ex,tot,2000-02-01,7.343943315946405
ex,tot,2000-03-01,6.9292402211684125
ex,tot,2000-04-01,6.367964527863663
ex,tot,2000-05-01,5.738606095968011
ex,tot,2000-06-01,5.987484293168326
ex,tot,2000-07-01,6.228708840237979
ex,tot,2000-08-01,6.228708840237979
ex,tot,2000-09-01,5.924871569524041
ex,tot,2000-10-01,5.8861108538917195
ex,tot,2000-11-01,6.25246549337172
ex,tot,2000-12-01,6.179155626736562
ex,tot,2001-01-01,5.731524335945229
ex,tot,2001-02-01,5.5820141419271305
ex,tot,2001-03-01,5.207337961127639
ex,tot,2001-04-01,5.220995002873388
ex,tot,2001-05-01,4.913285861748388
ex,tot,2001-06-01,4.635757909378222
ex,tot,2001-07-01,4.47751647741079
ex,tot,2001-08-01,4.47751647741079
ex,tot,2001-09-01,4.22264294417842
ex,tot,2001-10-01,3.7449326786171273
ex,tot,2001-11-01,4.3437929380288915
ex,tot,2001-12-01,5.146086116353981
ex,tot,2002-01-01,6.12352944243736
ex,tot,2002-02-01,6.12352944243736
ex,tot,2002-03-01,6.0091300031252795
ex,tot,2002-04-01,5.882748078694798
ex,tot,2002-05-01,5.753106966870622
ex,tot,2002-06-01,6.0601567184345795
ex,tot,2002-07-01,6.660461591002439
ex,tot,2002-08-01,6.809952287526075
ex,tot,2002-09-01,7.084556893471486
ex,tot,2002-10-01,7.18092893180966
ex,tot,2002-11-01,7.892899254504271
ex,tot,2002-12-01,8.705980591686071
ex,tot,2003-01-01,9.845341725747003
ex,tot,2003-02-01,10.136549601776416
ex,tot,2003-03-01,9.72131202747658
ex,tot,2003-04-01,9.331608690158609
ex,tot,2003-05-01,9.193820219862314
ex,tot,2003-06-01,9.37673632497908
ex,tot,2003-07-01,9.663384841336946
ex,tot,2003-08-01,9.663384841336946
ex,tot,2003-09-01,9.658314702326111
ex,tot,2003-10-01,9.491638739485609
ex,tot,2003-11-01,9.907285942772322
ex,tot,2003-12-01,10.319850352742069
ex,tot,2004-01-01,11.004976577948296
ex,tot,2004-02-01,10.866508636325978
ex,tot,2004-03-01,10.391545183725727
ex,tot,2004-04-01,9.603760545191147
ex,tot,2004-05-01,9.203990475799637
ex,tot,2004-06-01,9.442667216009216
ex,tot,2004-07-01,9.844182424153846
ex,tot,2004-08-01,9.99678598696923
ex,tot,2004-09-01,9.916726337876923
ex,tot,2004-10-01,9.695525395243903
ex,tot,2004-11-01,10.13218488260754
ex,tot,2004-12-01,10.592900675148561
ex,tot,2005-01-01,11.247312755269022
ex,tot,2005-02-01,11.247312755269022
ex,tot,2005-03-01,10.474226050461958
ex,tot,2005-04-01,9.649946480207507
ex,tot,2005-05-01,9.238827717740355
ex,tot,2005-06-01,9.27286103105214
ex,tot,2005-07-01,9.4487232071231535
ex,tot,2005-08-01,9.599673796980296
ex,tot,2005-09-01,9.481264478896552
ex,tot,2005-10-01,9.189769186939245
ex,tot,2005-11-01,9.617368465141215
ex,tot,2005-12-01,10.127080172919541
ex,tot,2006-01-01,10.837028725412187
ex,tot,2006-02-01,10.547400738301075
ex,tot,2006-03-01,9.895393144286738
ex,tot,2006-04-01,9.274450776037359
ex,tot,2006-05-01,8.703753815908327
ex,tot,2006-06-01,8.559204054054316
ex,tot,2006-07-01,8.807174479786779
ex,tot,2006-08-01,8.807174479786779
ex,tot,2006-09-01,8.51707209842644
ex,tot,2006-10-01,8.228415087622956
ex,tot,2006-11-01,8.523104298270521
ex,tot,2006-12-01,8.960114243106524
ex,tot,2007-01-01,9.425790356787141
ex,tot,2007-02-01,9.1314252668579865
ex,tot,2007-03-01,8.450781377354872
ex,tot,2007-04-01,7.866255539412937
ex,tot,2007-05-01,7.290425529329335
ex,tot,2007-06-01,7.228710573257727
ex,tot,2007-07-01,7.628925957997062
ex,tot,2007-08-01,7.795236288953265
ex,tot,2007-09-01,7.360353094049673
ex,tot,2007-10-01,7.040477914437734
ex,tot,2007-11-01,7.482685012318922
ex,tot,2007-12-01,7.808295516243347
ex,tot,2008-01-01,8.154288275649709
ex,tot,2008-02-01,7.867963296016683
ex,tot,2008-03-01,7.384815513333608
ex,tot,2008-04-01,6.879855788904599
ex,tot,2008-05-01,6.473078642883909
ex,tot,2008-06-01,6.307960959211496
ex,tot,2008-07-01,6.405497171123705
ex,tot,2008-08-01,6.552074074146433
ex,tot,2008-09-01,6.390579953729861
ex,tot,2008-10-01,5.970418695083211
ex,tot,2008-11-01,6.604466704444233
ex,tot,2008-12-01,7.270817293472552
ex,tot,2009-01-01,7.813480130073552
ex,tot,2009-02-01,8.052586768304709
ex,tot,2009-03-01,7.925043605621738
ex,tot,2009-04-01,7.571241889636129
ex,tot,2009-05-01,7.346459685132426
ex,tot,2009-06-01,7.841496631231441
ex,tot,2009-07-01,8.13909483599228
ex,tot,2009-08-01,8.379774378236883
ex,tot,2009-09-01,8.57197306477084
ex,tot,2009-10-01,8.267502346191122
ex,tot,2009-11-01,8.846075088537846
ex,tot,2009-12-01,10.252913278271029
ex,tot,2010-01-01,10.341505119063696
ex,tot,2010-02-01,10.522528134234973
ex,tot,2010-03-01,10.114399710234718
ex,tot,2010-04-01,9.066864341216153
ex,tot,2010-05-01,8.396218944805959
ex,tot,2010-06-01,8.142003105597219
ex,tot,2010-07-01,8.35836223775723
ex,tot,2010-08-01,8.356991411185552
ex,tot,2010-09-01,8.197114891905912
ex,tot,2010-10-01,7.798202592664451
ex,tot,2010-11-01,7.825420560319153
ex,tot,2010-12-01,8.10470726477803
ex,tot,2011-01-01,8.41141164071771
ex,tot,2011-02-01,8.361179786764366
ex,tot,2011-03-01,8.091189811693246
ex,tot,2011-04-01,7.518004076838553
ex,tot,2011-05-01,6.9422984207135965
ex,tot,2011-06-01,6.841910595088901
ex,tot,2011-07-01,7.332629529624422
ex,tot,2011-08-01,7.541831646583971
ex,tot,2011-09-01,7.569451567069388
ex,tot,2011-10-01,7.542438107292501
ex,tot,2011-11-01,7.868958224128638
ex,tot,2011-12-01,8.230557551258038
ex,tot,2012-01-01,8.329222116997554
ex,tot,2012-02-01,8.317478379379626
ex,tot,2012-03-01,8.103461064443145
ex,tot,2012-04-01,7.67053823787532
ex,tot,2012-05-01,7.339619954504352
ex,tot,2012-06-01,7.203527059803772
ex,tot,2012-07-01,7.4834438684224445
ex,tot,2012-08-01,7.695553573847229
ex,tot,2012-09-01,7.788249369998633
ex,tot,2012-10-01,7.73013728513071
ex,tot,2012-11-01,8.110536510324257
ex,tot,2012-12-01,8.777705249758375
ex,tot,2013-01-01,9.717222751824881
ex,tot,2013-02-01,10.045714546437747
ex,tot,2013-03-01,9.68602862605363
ex,tot,2013-04-01,8.885531602415032
ex,tot,2013-05-01,8.42816879165759
ex,tot,2013-06-01,8.23467694936421
ex,tot,2013-07-01,8.55750540113633
ex,tot,2013-08-01,8.655851351795125
ex,tot,2013-09-01,8.548868683561457
ex,tot,2013-10-01,8.062468006281492
ex,tot,2013-11-01,8.180330539015996
ex,tot,2013-12-01,8.90900937739438
ex,tot,2014-01-01,10.256716807225406
ex,tot,2014-02-01,10.66633421835622
ex,tot,2014-03-01,10.145307738913917
ex,tot,2014-04-01,8.953737456976807
ex,tot,2014-05-01,8.246732846193103
ex,tot,2014-06-01,7.972620086959976
ex,tot,2014-07-01,8.234777599693997
ex,tot,2014-08-01,8.263291092140951
ex,tot,2014-09-01,8.119639800392653
ex,tot,2014-10-01,7.702395773923633
ex,tot,2014-11-01,7.736124286260739
ex,tot,2014-12-01,8.096865190668959
ex,tot,2015-01-01,8.48796362691374
ex,tot,2015-02-01,8.614735921388785
ex,tot,2015-03-01,8.578961573121363
ex,tot,2015-04-01,8.371748085676035
ex,tot,2015-05-01,8.103278943955806
ex,tot,2015-06-01,8.071445094528993
ex,tot,2015-07-01,8.482834593923046
ex,tot,2015-08-01,8.671378629579873
ex,tot,2015-09-01,8.745444001994246
ex,tot,2015-10-01,8.723319544985564
ex,tot,2015-11-01,9.008348997425264
ex,tot,2015-12-01,9.490497490340639
ex,tot,2016-01-01,10.040134858319032
ex,tot,2016-02-01,10.179002490802633
ex,tot,2016-03-01,9.762127313410504
ex,tot,2016-04-01,8.637459134184347
ex,tot,2016-05-01,8.042967426106863
ex,tot,2016-06-01,7.976266955166654
ex,tot,2016-07-01,8.48651377324996
ex,tot,2016-08-01,8.682441766019735
ex,tot,2016-09-01,8.567182233010975
ex,tot,2016-10-01,8.008685505778889
ex,tot,2016-11-01,8.07986556354416
ex,tot,2016-12-01,8.662662419126494
ex,tot,2017-01-01,9.651799277181498
ex,tot,2017-02-01,9.914441142899292
ex,tot,2017-03-01,9.432735740654609
ex,tot,2017-04-01,8.314529744766508
ex,tot,2017-05-01,7.729437818959782
ex,tot,2017-06-01,7.645855214454876
ex,tot,2017-07-01,8.123598933819377
ex,tot,2017-08-01,8.248098105556641
ex,tot,2017-09-01,8.002040357199185
ex,tot,2017-10-01,7.269862142786736
ex,tot,2017-11-01,7.2894854880942646
ex,tot,2017-12-01,7.947760099957132
ex,tot,2018-01-01,9.110070894311278
ex,tot,2018-02-01,9.424060859188826
ex,tot,2018-03-01,9.26322231917933
ex,tot,2018-04-01,9.221878073656969
ex,tot,2018-05-01,8.933626998584703
ex,tot,2018-06-01,8.2727883225814125
ex,tot,2018-07-01,7.446943504257578
ex,tot,2018-08-01,7.197494804911235
ex,tot,2018-09-01,7.147435190940363
ex,tot,2018-10-01,7.131512135552702
ex,tot,2018-11-01,7.37287149320088
ex,tot,2018-12-01,7.886122049617347
ex,tot,2019-01-01,8.604440543513723
ex,tot,2019-02-01,8.79216261383756
ex,tot,2019-03-01,8.415914611167354
ex,tot,2019-04-01,7.615850798253162
ex,tot,2019-05-01,7.162824343972178
ex,tot,2019-06-01,7.103678668185676
ex,tot,2019-07-01,7.7980880230226965
ex,tot,2019-08-01,8.027928311930681
ex,tot,2019-09-01,7.58545723986441
ex,tot,2019-10-01,6.29682881297401
ex,tot,2019-11-01,5.986681087538346
ex,tot,2019-12-01,6.4782429401775765
ex,tot,2020-01-01,7.407797668994538
ex,tot,2020-02-01,7.545297712433483
ex,tot,2020-03-01,7.602747505393793
ex,tot,2020-04-01,7.492309199391451
ex,tot,2020-05-01,7.528847581291924
ex,tot,2020-06-01,7.70468110954204
ex,tot,2020-07-01,8.3850618790096
ex,tot,2020-08-01,8.647120599888785
ex,tot,2020-09-01,8.452074313829627
ex,tot,2020-10-01,7.649371365128607
ex,tot,2020-11-01,7.611787635193585
ex,tot,2020-12-01,8.31026607107026
ex,tot,2021-01-01,9.559073208146609
ex,tot,2021-02-01,10.004822889878557
ex,tot,2021-03-01,9.880412990624427
ex,tot,2021-04-01,9.480406556107832
ex,tot,2021-05-01,9.153924377138585
ex,tot,2021-06-01,8.70603796874607
ex,tot,2021-07-01,8.370830037798003
ex,tot,2021-08-01,8.141631661858282
ex,tot,2021-09-01,7.855155024976981
ex,tot,2021-10-01,7.3986254414320705
ex,tot,2021-11-01,7.284803193757415
ex,tot,2021-12-01,7.5322658019723345
ex,tot,2022-01-01,7.8655543966569015
ex,tot,2022-02-01,7.8473034542254485
ex,tot,2022-03-01,7.498355133549942
ex,tot,2022-04-01,6.8665624444702535
ex,tot,2022-05-01,6.450274979844443
ex,tot,2022-06-01,6.26930651995892
ex,tot,2022-07-01,6.2700655626807755
ex,tot,2022-08-01,6.229335824157833
ex,tot,2022-09-01,6.389475683430991
ex,tot,2022-10-01,6.892800908540335
ex,tot,2022-11-01,7.216730722046225
ex,tot,2022-12-01,7.313565632754533
ex,tot,2023-01-01,7.120357406087481
ex,tot,2023-02-01,7.0153223554792286
ex,tot,2023-03-01,6.845215972639836
ex,tot,2023-04-01,6.662273456007785
ex,tot,2023-05-01,6.467344250462785
ex,tot,2023-06-01,6.302289548584521
ex,tot,2023-07-01,6.2402916944233615
ex,tot,2023-08-01,6.277459490971907
ex,tot,2023-09-01,6.293089820048064
ex,tot,2023-10-01,6.151575489674781
ex,tot,2023-11-01,6.372590191078682
ex,tot,2023-12-01,6.864658878941976
ex,tot,2024-01-01,7.61321119305412
ex,tot,2024-02-01,7.876271045615578
ex,tot,2024-03-01,7.623361774482781
ex,tot,2024-04-01,6.963358937892796
ex,tot,2024-05-01,6.726594480985022
ex,tot,2024-06-01,6.878617714808276
ex,tot,2024-07-01,7.684539550088393
ex,tot,2024-08-01,8.042610241959432
ex,tot,2024-09-01,7.905194276290027
ex,tot,2024-10-01,7.303194337922123
ex,tot,2024-11-01,7.312323453320337
ex,tot,2024-12-01,7.712934566705037
ex,tot,2025-01-01,8.235428600391254
ex,tot,2025-02-01,8.35662303659216
ex,tot,2025-03-01,8.234444598824574
ex,tot,2025-04-01,7.839043818175076
ex,tot,2025-05-01,7.5892598212041325
ex,tot,2025-06-01,7.716391901034014
ex,tot,2025-07-01,8.416910813719216
ex,tot,2025-08-01,8.690215423579442
ex,tot,2025-09-01,8.569341126573619
ex,tot,2025-10-01,8.080425187776468
ex,tot,2025-11-01,8.075202479888013
ex,tot,2025-12-01,8.419193897009407
ex,tot,2026-01-01,8.986002158903373
ex,tot,2026-02-01,8.831003224770399
ex,tot,2026-03-01,8.967281991144278
ex,tot,2026-04-01,8.565535255189454
ex,tot,2026-05-01,8.252319449418957
ex,tot,2026-06-01,8.081106341816271
tot,men,1991-01-01,1.3537348487236873
tot,men,1991-02-01,1.3922746956985825
tot,men,1991-03-01,1.36701442857773
tot,men,1991-04-01,1.249450382680596
tot,men,1991-05-01,1.2871351201844594
tot,men,1991-06-01,1.440173973134945
tot,men,1991-07-01,1.5700163399337863
tot,men,1991-08-01,1.567780271959465
tot,men,1991-09-01,1.5418517551067485
tot,men,1991-10-01,1.4664967395709239
tot,men,1991-11-01,1.6553335006011536
tot,men,1991-12-01,1.956647396827922
tot,men,1992-01-01,2.3634971586711067
tot,men,1992-02-01,2.571217393508721
tot,men,1992-03-01,2.502914019820172
tot,men,1992-04-01,2.297660046083832
tot,men,1992-05-01,2.3873818508712352
tot,men,1992-06-01,2.6870690390449323
tot,men,1992-07-01,3.012827173041646
tot,men,1992-08-01,3.014585691575204
tot,men,1992-09-01,2.9561248723831497
tot,men,1992-10-01,2.9525196259855786
tot,men,1992-11-01,3.181911735883367
tot,men,1992-12-01,3.116397324131054
tot,men,1993-01-01,3.7209119818816583
tot,men,1993-02-01,3.8145206248060286
tot,men,1993-03-01,3.6039959013123135
tot,men,1993-04-01,3.168438101708065
tot,men,1993-05-01,3.247210970660821
tot,men,1993-06-01,3.5885052846311143
tot,men,1993-07-01,4.19054458128842
tot,men,1993-08-01,4.19054458128842
tot,men,1993-09-01,4.11231788542316
tot,men,1993-10-01,3.8290188721383336
tot,men,1993-11-01,4.089910112216905
tot,men,1993-12-01,4.255995552644762
tot,men,1994-01-01,4.670369308632551
tot,men,1994-02-01,4.5801761050525505
tot,men,1994-03-01,4.278435123314898
tot,men,1994-04-01,3.780879935349026
tot,men,1994-05-01,3.617762734569242
tot,men,1994-06-01,3.8972234840817332
tot,men,1994-07-01,4.237710726894545
tot,men,1994-08-01,4.139742156054544
tot,men,1994-09-01,3.8686184720509087
tot,men,1994-10-01,3.4404372964951873
tot,men,1994-11-01,3.619058926858824
tot,men,1994-12-01,3.7471124136459903
tot,men,1995-01-01,4.010041609512067
tot,men,1995-02-01,4.010041609512067
tot,men,1995-03-01,3.6022690799758674
tot,men,1995-04-01,3.226366180915243
tot,men,1995-05-01,3.0660509792229345
tot,men,1995-06-01,3.0860221388618236
tot,men,1995-07-01,3.092696455071707
tot,men,1995-08-01,3.092696455071707
tot,men,1995-09-01,3.056163447856585
tot,men,1995-10-01,3.096429714662421
tot,men,1995-11-01,3.273173871110851
tot,men,1995-12-01,3.4838831362267277
tot,men,1996-01-01,3.8530832821496834
tot,men,1996-02-01,3.9431536158072715
tot,men,1996-03-01,3.777800977043047
tot,men,1996-04-01,3.6587908565775065
tot,men,1996-05-01,3.5722220254830184
tot,men,1996-06-01,3.7632286669394746
tot,men,1996-07-01,4.140903078638554
tot,men,1996-08-01,4.241012176686747
tot,men,1996-09-01,4.081667451674698
tot,men,1996-10-01,3.86209667018845
tot,men,1996-11-01,4.23218168618845
tot,men,1996-12-01,4.7199153226231
tot,men,1997-01-01,5.68958067257531
tot,men,1997-02-01,5.68958067257531
tot,men,1997-03-01,5.196386676849378
tot,men,1997-04-01,4.6781950176345335
tot,men,1997-05-01,4.498273603544211
tot,men,1997-06-01,4.767440970821258
tot,men,1997-07-01,5.4487172323168975
tot,men,1997-08-01,5.336296129921214
tot,men,1997-09-01,4.841519870761891
tot,men,1997-10-01,4.28172352938245
tot,men,1997-11-01,4.482026274685822
tot,men,1997-12-01,4.606458444931729
tot,men,1998-01-01,4.756150260631745
tot,men,1998-02-01,4.659227423088889
tot,men,1998-03-01,4.153819572279365
tot,men,1998-04-01,3.5640057644738237
tot,men,1998-05-01,3.2896628100738234
tot,men,1998-06-01,3.434192215452354
tot,men,1998-07-01,3.8189935630690917
tot,men,1998-08-01,3.6956509108996003
tot,men,1998-09-01,3.4011802430313063
tot,men,1998-10-01,3.2039442989372553
tot,men,1998-11-01,3.443550290160784
tot,men,1998-12-01,3.5357600379019605
tot,men,1999-01-01,3.5419448631366874
tot,men,1999-02-01,3.4316513025883006
tot,men,1999-03-01,3.2837049652750125
tot,men,1999-04-01,2.9864595337543656
tot,men,1999-05-01,2.755852994204696
tot,men,1999-06-01,2.9630843400409397
tot,men,1999-07-01,3.201046623669559
tot,men,1999-08-01,3.201046623669559
tot,men,1999-09-01,2.981862943660881
tot,men,1999-10-01,2.7280135226907407
tot,men,1999-11-01,2.876375292790741
tot,men,1999-12-01,3.2973173905185185
tot,men,2000-01-01,3.5875858076883858
tot,men,2000-02-01,3.2950610870661636
tot,men,2000-03-01,2.9900624262454514
tot,men,2000-04-01,2.646904787144627
tot,men,2000-05-01,2.3568748545621028
tot,men,2000-06-01,2.464491122293271
tot,men,2000-07-01,2.7854879917748936
tot,men,2000-08-01,2.6067888609473067
tot,men,2000-09-01,2.381135338277799
tot,men,2000-10-01,2.02146213384826
tot,men,2000-11-01,2.167925047151631
tot,men,2000-12-01,2.328212461000109
tot,men,2001-01-01,2.3900564961756405
tot,men,2001-02-01,2.2591981020203002
tot,men,2001-03-01,2.0899527008040604
tot,men,2001-04-01,1.890053213318182
tot,men,2001-05-01,1.7639931950454544
tot,men,2001-06-01,1.892594395636364
tot,men,2001-07-01,2.0742524287641513
tot,men,2001-08-01,2.0742524287641513
tot,men,2001-09-01,1.9176231134716981
tot,men,2001-10-01,1.7725934093411948
tot,men,2001-11-01,2.138761415001572
tot,men,2001-12-01,2.5576132756572325
tot,men,2002-01-01,2.9879482756049165
tot,men,2002-02-01,3.1147937188549166
tot,men,2002-03-01,3.030129919540168
tot,men,2002-04-01,2.945171848160655
tot,men,2002-05-01,2.945171848160655
tot,men,2002-06-01,3.169716630678691
tot,men,2002-07-01,3.5033223871056336
tot,men,2002-08-01,3.6532086006126763
tot,men,2002-09-01,3.4853901712816904
tot,men,2002-10-01,3.1730319230830766
tot,men,2002-11-01,3.6709112914030766
tot,men,2002-12-01,4.047167967513845
tot,men,2003-01-01,4.619023946205561
tot,men,2003-02-01,4.743661267689724
tot,men,2003-03-01,4.409738810104713
tot,men,2003-04-01,4.0789294052147
tot,men,2003-05-01,3.9656047937900407
tot,men,2003-06-01,4.364510751995262
tot,men,2003-07-01,4.83091956553831
tot,men,2003-08-01,4.83091956553831
tot,men,2003-09-01,4.6996825449233794
tot,men,2003-10-01,4.358116418477855
tot,men,2003-11-01,4.599452628443072
tot,men,2003-12-01,4.919263026079074
tot,men,2004-01-01,5.281478778100742
tot,men,2004-02-01,5.162819907275838
tot,men,2004-03-01,4.803366215623421
tot,men,2004-04-01,4.327783207661099
tot,men,2004-05-01,4.102381168450574
tot,men,2004-06-01,4.417751858888327
tot,men,2004-07-01,4.980723255235028
tot,men,2004-08-01,5.124325573677336
tot,men,2004-09-01,4.829592289087636
tot,men,2004-10-01,4.34547154675489
tot,men,2004-11-01,4.598992379686397
tot,men,2004-12-01,4.935801676558713
tot,men,2005-01-01,5.176688332947016
tot,men,2005-02-01,5.176688332947016
tot,men,2005-03-01,4.783921823105967
tot,men,2005-04-01,4.321107575541667
tot,men,2005-05-01,4.086661411930556
tot,men,2005-06-01,4.252323847527778
tot,men,2005-07-01,4.757885770602941
tot,men,2005-08-01,4.757885770602941
tot,men,2005-09-01,4.489965152794118
tot,men,2005-10-01,4.055548245279412
tot,men,2005-11-01,4.180782719897059
tot,men,2005-12-01,4.53758544582353
tot,men,2006-01-01,4.794716633786312
tot,men,2006-02-01,4.670503818516043
tot,men,2006-03-01,4.322402042697644
tot,men,2006-04-01,3.8191634906685774
tot,men,2006-05-01,3.582129419588363
tot,men,2006-06-01,3.680049912743059
tot,men,2006-07-01,4.08744703766836
tot,men,2006-08-01,4.08744703766836
tot,men,2006-09-01,3.719043114663278
tot,men,2006-10-01,3.416334469503394
tot,men,2006-11-01,3.5420389376196733
tot,men,2006-12-01,3.8522108508769324
tot,men,2007-01-01,4.233636740625296
tot,men,2007-02-01,4.104141112700971
tot,men,2007-03-01,3.640567729673732
tot,men,2007-04-01,3.226000679866231
tot,men,2007-05-01,3.101868373317211
tot,men,2007-06-01,3.1682523978165573
tot,men,2007-07-01,3.438012382122507
tot,men,2007-08-01,3.5895054397669512
tot,men,2007-09-01,3.198263569110541
tot,men,2007-10-01,2.8461962270198136
tot,men,2007-11-01,2.9758939380268066
tot,men,2007-12-01,3.451296171953381
tot,men,2008-01-01,3.8682766816465373
tot,men,2008-02-01,3.7321857039057975
tot,men,2008-03-01,3.422906811447665
tot,men,2008-04-01,3.181293060403058
tot,men,2008-05-01,2.915046614837841
tot,men,2008-06-01,3.089162696759101
tot,men,2008-07-01,3.4770279388029395
tot,men,2008-08-01,3.4770279388029395
tot,men,2008-09-01,3.357335040394121
tot,men,2008-10-01,3.008077914308046
tot,men,2008-11-01,3.418300148228046
tot,men,2008-12-01,3.829177785463908
tot,men,2009-01-01,4.294601845407192
tot,men,2009-02-01,4.422270233958917
tot,men,2009-03-01,4.241469358633888
tot,men,2009-04-01,4.018664837410335
tot,men,2009-05-01,3.9013279274486123
tot,men,2009-06-01,4.341714326141053
tot,men,2009-07-01,4.804024336762928
tot,men,2009-08-01,4.9327897233229265
tot,men,2009-09-01,4.749291927914148
tot,men,2009-10-01,4.2011593487051115
tot,men,2009-11-01,4.539415018851453
tot,men,2009-12-01,5.127908108443434
tot,men,2010-01-01,5.349274619934988
tot,men,2010-02-01,5.514250022935293
tot,men,2010-03-01,5.240638268271143
tot,men,2010-04-01,4.5423687878541745
tot,men,2010-05-01,4.15078372489294
tot,men,2010-06-01,4.073133081167676
tot,men,2010-07-01,4.344834319317876
tot,men,2010-08-01,4.403911642358879
tot,men,2010-09-01,4.266550928414431
tot,men,2010-10-01,3.9014062942891967
tot,men,2010-11-01,3.8610947038375127
tot,men,2010-12-01,4.126677062894749
tot,men,2011-01-01,4.475326542216567
tot,men,2011-02-01,4.48432963716435
tot,men,2011-03-01,4.355924631533605
tot,men,2011-04-01,4.136439704556905
tot,men,2011-05-01,3.8233068687937863
tot,men,2011-06-01,3.698008803606709
tot,men,2011-07-01,3.866527165389026
tot,men,2011-08-01,3.9846146821329094
tot,men,2011-09-01,3.991972862008549
tot,men,2011-10-01,3.8608306492697473
tot,men,2011-11-01,3.9935798824465083
tot,men,2011-12-01,4.2962645269584465
tot,men,2012-01-01,4.50679475239851
tot,men,2012-02-01,4.534003934916797
tot,men,2012-03-01,4.324349710148705
tot,men,2012-04-01,3.8184668564262245
tot,men,2012-05-01,3.5613386791530033
tot,men,2012-06-01,3.6493895467417192
tot,men,2012-07-01,4.286505304861641
tot,men,2012-08-01,4.606578508992378
tot,men,2012-09-01,4.578493310681901
tot,men,2012-10-01,4.279645840413015
tot,men,2012-11-01,4.423572050122545
tot,men,2012-12-01,4.791072215269552
tot,men,2013-01-01,5.123310309599953
tot,men,2013-02-01,5.179609217129969
tot,men,2013-03-01,4.942562786440826
tot,men,2013-04-01,4.442921559373887
tot,men,2013-05-01,4.1713776176327615
tot,men,2013-06-01,4.178859164453927
tot,men,2013-07-01,4.684784995084333
tot,men,2013-08-01,4.887664665494011
tot,men,2013-09-01,4.721766309708542
tot,men,2013-10-01,4.148363079116341
tot,men,2013-11-01,4.124156695674837
tot,men,2013-12-01,4.601268327937389
tot,men,2014-01-01,5.339437485239067
tot,men,2014-02-01,5.5067056669363295
tot,men,2014-03-01,5.272126894229318
tot,men,2014-04-01,4.806405969822249
tot,men,2014-05-01,4.492570928304008
tot,men,2014-06-01,4.41727648008966
tot,men,2014-07-01,4.80384688195889
tot,men,2014-08-01,4.945652222416016
tot,men,2014-09-01,4.706643318334001
tot,men,2014-10-01,3.9539511725777023
tot,men,2014-11-01,3.814783983212843
tot,men,2014-12-01,4.2201433729484945
tot,men,2015-01-01,4.890522740915672
tot,men,2015-02-01,5.057019632197546
tot,men,2015-03-01,4.92509921188555
tot,men,2015-04-01,4.495789143458623
tot,men,2015-05-01,4.239628819379189
tot,men,2015-06-01,4.2709296081669565
tot,men,2015-07-01,4.761817264229984
tot,men,2015-08-01,4.981695471310959
tot,men,2015-09-01,4.904833788478125
tot,men,2015-10-01,4.472433505702746
tot,men,2015-11-01,4.5082300701182065
tot,men,2015-12-01,4.9327547390657145
tot,men,2016-01-01,5.497448594957136
tot,men,2016-02-01,5.624039939137164
tot,men,2016-03-01,5.374603055099047
tot,men,2016-04-01,4.730998369704826
tot,men,2016-05-01,4.405177940491369
tot,men,2016-06-01,4.417457432094952
tot,men,2016-07-01,4.868352439848354
tot,men,2016-08-01,5.060879029646627
tot,men,2016-09-01,4.9116622744144
tot,men,2016-10-01,4.301911774680829
tot,men,2016-11-01,4.246754957595705
tot,men,2016-12-01,4.664223061624105
tot,men,2017-01-01,5.38777346795755
tot,men,2017-02-01,5.542995330699937
tot,men,2017-03-01,5.161482412343267
tot,men,2017-04-01,4.290669732329358
tot,men,2017-05-01,3.8865153208154384
tot,men,2017-06-01,3.9381539589305845
tot,men,2017-07-01,4.519265504370889
tot,men,2017-08-01,4.738907642358034
tot,men,2017-09-01,4.5996265077860174
tot,men,2017-10-01,4.135483823858372
tot,men,2017-11-01,4.136082223193725
tot,men,2017-12-01,4.519508704423018
tot,men,2018-01-01,5.1050032899453734
tot,men,2018-02-01,5.186224247591075
tot,men,2018-03-01,4.89693261326647
tot,men,2018-04-01,4.348996694615388
tot,men,2018-05-01,4.014742046014831
tot,men,2018-06-01,3.901939279631259
tot,men,2018-07-01,4.127330202361327
tot,men,2018-08-01,4.26559257699979
tot,men,2018-09-01,4.190974179130426
tot,men,2018-10-01,3.9694549702636266
tot,men,2018-11-01,4.063735881387791
tot,men,2018-12-01,4.352590850769196
tot,men,2019-01-01,4.60571429743535
tot,men,2019-02-01,4.60580999245117
tot,men,2019-03-01,4.41371760846282
tot,men,2019-04-01,4.097385802315293
tot,men,2019-05-01,3.872248765351881
tot,men,2019-06-01,3.839458587627178
tot,men,2019-07-01,4.225711602319634
tot,men,2019-08-01,4.395526562736288
tot,men,2019-09-01,4.211248824372445
tot,men,2019-10-01,3.6432167509255526
tot,men,2019-11-01,3.56665548462957
tot,men,2019-12-01,3.8992355610310114
tot,men,2020-01-01,4.369056655398896
tot,men,2020-02-01,4.403250019648257
tot,men,2020-03-01,4.523219571158962
tot,men,2020-04-01,4.698579392361099
tot,men,2020-05-01,4.806930922498847
tot,men,2020-06-01,4.8061517568156
tot,men,2020-07-01,4.901915732965087
tot,men,2020-08-01,4.937144274045661
tot,men,2020-09-01,4.801572634176841
tot,men,2020-10-01,4.416058124159399
tot,men,2020-11-01,4.41450799798558
tot,men,2020-12-01,4.800711887607811
tot,men,2021-01-01,5.33076813376645
tot,men,2021-02-01,5.436297678231989
tot,men,2021-03-01,5.321664610120685
tot,men,2021-04-01,5.071381103533914
tot,men,2021-05-01,4.855598388920382
tot,men,2021-06-01,4.74066029835903
tot,men,2021-07-01,4.891808919056243
tot,men,2021-08-01,4.878103030172366
tot,men,2021-09-01,4.65332530280875
tot,men,2021-10-01,4.210717033688003
tot,men,2021-11-01,4.107526135979618
tot,men,2021-12-01,4.299056934739697
tot,men,2022-01-01,4.53631615118518
tot,men,2022-02-01,4.494199434966119
tot,men,2022-03-01,4.282156598940778
tot,men,2022-04-01,3.8915028926652577
tot,men,2022-05-01,3.625413270788183
tot,men,2022-06-01,3.556204926240609
tot,men,2022-07-01,3.7272113484450182
tot,men,2022-08-01,3.7682470270068102
tot,men,2022-09-01,3.7135053113717738
tot,men,2022-10-01,3.5950777137791565
tot,men,2022-11-01,3.6683572676525182
tot,men,2022-12-01,3.8855291416710402
tot,men,2023-01-01,4.1216349311517435
tot,men,2023-02-01,4.133003895427448
tot,men,2023-03-01,3.958445127189773
tot,men,2023-04-01,3.632305408412606
tot,men,2023-05-01,3.4580219528337204
tot,men,2023-06-01,3.480152210739356
tot,men,2023-07-01,3.725540515590476
tot,men,2023-08-01,3.9024439176772723
tot,men,2023-09-01,4.042552674349686
tot,men,2023-10-01,3.820008570188186
tot,men,2023-11-01,3.7332788697406887
tot,men,2023-12-01,3.9738109880816106
tot,men,2024-01-01,4.221493117475477
tot,men,2024-02-01,4.244770545230903
tot,men,2024-03-01,4.107629693141105
tot,men,2024-04-01,3.8255087560108683
tot,men,2024-05-01,3.7130749182815865
tot,men,2024-06-01,3.814044469214952
tot,men,2024-07-01,4.337079143707329
tot,men,2024-08-01,4.596021345977111
tot,men,2024-09-01,4.499545665477504
tot,men,2024-10-01,4.043299919307724
tot,men,2024-11-01,4.018579019063308
tot,men,2024-12-01,4.352466115718194
tot,men,2025-01-01,4.81224520211881
tot,men,2025-02-01,4.910814963099015
tot,men,2025-03-01,4.845450618518515
tot,men,2025-04-01,4.662662619201987
tot,men,2025-05-01,4.550994391711349
tot,men,2025-06-01,4.612408573941328
tot,men,2025-07-01,4.9828959959529495
tot,men,2025-08-01,5.138611015057766
tot,men,2025-09-01,5.052140950653007
tot,men,2025-10-01,4.72498776113545
tot,men,2025-11-01,4.724777379593133
tot,men,2025-12-01,4.955649898665808
tot,men,2026-01-01,5.3505700770595075
tot,men,2026-02-01,5.208794974385523
tot,men,2026-03-01,5.316931582478157
tot,men,2026-04-01,5.1428526841796804
tot,men,2026-05-01,4.9500663442527575
tot,men,2026-06-01,4.870137295566811
tot,tot,1991-01-01,1.7344520676234612
tot,tot,1991-02-01,1.7901731940462262
tot,tot,1991-03-01,1.8318054143303124
tot,tot,1991-04-01,1.788327802843
tot,tot,1991-05-01,1.8743637445256183
tot,tot,1991-06-01,2.0752809106313816
tot,tot,1991-07-01,2.2516056650913727
tot,tot,1991-08-01,2.2624508784883433
tot,tot,1991-09-01,2.1992577044202855
tot,tot,1991-10-01,2.097149176513259
tot,tot,1991-11-01,2.256403713768877
tot,tot,1991-12-01,2.4867547807178654
tot,tot,1992-01-01,2.8233115071242993
tot,tot,1992-02-01,3.021609252618301
tot,tot,1992-03-01,2.991140496257399
tot,tot,1992-04-01,2.8299172743958034
tot,tot,1992-05-01,2.955859605094
tot,tot,1992-06-01,3.2894301655101983
tot,tot,1992-07-01,3.6467762197649
tot,tot,1992-08-01,3.7158305982592057
tot,tot,1992-09-01,3.6695050449758932
tot,tot,1992-10-01,3.5851084192272853
tot,tot,1992-11-01,3.759957740184394
tot,tot,1992-12-01,3.8419261995883187
tot,tot,1993-01-01,4.186818721973077
tot,tot,1993-02-01,4.399476120628678
tot,tot,1993-03-01,4.226313426398243
tot,tot,1993-04-01,3.886395380808767
tot,tot,1993-05-01,3.886395380808767
tot,tot,1993-06-01,4.226735748382467
tot,tot,1993-07-01,4.808985719044994
tot,tot,1993-08-01,4.913247158131325
tot,tot,1993-09-01,4.77010715582368
tot,tot,1993-10-01,4.4577808918181665
tot,tot,1993-11-01,4.645686983207997
tot,tot,1993-12-01,4.754606364973836
tot,tot,1994-01-01,4.999950912583529
tot,tot,1994-02-01,4.999950912583529
tot,tot,1994-03-01,4.606522123832943
tot,tot,1994-04-01,4.177234449990518
tot,tot,1994-05-01,4.090868443838794
tot,tot,1994-06-01,4.254967998170691
tot,tot,1994-07-01,4.739035782958334
tot,tot,1994-08-01,4.638024926083334
tot,tot,1994-09-01,4.360415825958333
tot,tot,1994-10-01,4.066322771249084
tot,tot,1994-11-01,4.159306435249084
tot,tot,1994-12-01,4.1876899375018315
tot,tot,1995-01-01,4.421915301305789
tot,tot,1995-02-01,4.421915301305789
tot,tot,1995-03-01,4.020632780388423
tot,tot,1995-04-01,3.627208659828084
tot,tot,1995-05-01,3.542635880245407
tot,tot,1995-06-01,3.570898466926509
tot,tot,1995-07-01,3.813370258647098
tot,tot,1995-08-01,3.813370258647098
tot,tot,1995-09-01,3.7064419077058024
tot,tot,1995-10-01,3.5065326279678506
tot,tot,1995-11-01,3.684726166623721
tot,tot,1995-12-01,3.8121922174084286
tot,tot,1996-01-01,4.065578140557442
tot,tot,1996-02-01,4.156459527627552
tot,tot,1996-03-01,4.092390279815007
tot,tot,1996-04-01,3.9218925592148146
tot,tot,1996-05-01,3.9218925592148146
tot,tot,1996-06-01,4.049143507570371
tot,tot,1996-07-01,4.455872538085522
tot,tot,1996-08-01,4.455872538085522
tot,tot,1996-09-01,4.3026293068289565
tot,tot,1996-10-01,4.035685576292919
tot,tot,1996-11-01,4.2965825813232215
tot,tot,1996-12-01,4.582133591383858
tot,tot,1997-01-01,5.232480742575043
tot,tot,1997-02-01,5.232480742575043
tot,tot,1997-03-01,4.898486270849914
tot,tot,1997-04-01,4.462990376592631
tot,tot,1997-05-01,4.297978966487368
tot,tot,1997-06-01,4.56370202292
tot,tot,1997-07-01,5.064121135999249
tot,tot,1997-08-01,5.064121135999249
tot,tot,1997-09-01,4.781345642001503
tot,tot,1997-10-01,4.373022154019178
tot,tot,1997-11-01,4.464934580606209
tot,tot,1997-12-01,4.627213760374613
tot,tot,1998-01-01,4.801812238669399
tot,tot,1998-02-01,4.707085141955114
tot,tot,1998-03-01,4.415985836375487
tot,tot,1998-04-01,3.9752620659875055
tot,tot,1998-05-01,3.691983125684227
tot,tot,1998-06-01,3.8527650473282664
tot,tot,1998-07-01,4.290788291033881
tot,tot,1998-08-01,4.171691929713493
tot,tot,1998-09-01,3.804444995252625
tot,tot,1998-10-01,3.5244046737832515
tot,tot,1998-11-01,3.6354351468648836
tot,tot,1998-12-01,3.7211465413518647
tot,tot,1999-01-01,3.8520720483658444
tot,tot,1999-02-01,3.7425309328486023
tot,tot,1999-03-01,3.5238202437855546
tot,tot,1999-04-01,3.3640332331787226
tot,tot,1999-05-01,3.130768723758604
tot,tot,1999-06-01,3.3606235660626735
tot,tot,1999-07-01,3.6786510270829256
tot,tot,1999-08-01,3.5353659187563955
tot,tot,1999-09-01,3.3174385161606774
tot,tot,1999-10-01,3.0481131684793903
tot,tot,1999-11-01,3.1849076425216443
tot,tot,1999-12-01,3.479386845998964
tot,tot,2000-01-01,3.522705551349264
tot,tot,2000-02-01,3.373296298952206
tot,tot,2000-03-01,3.2638273126985298
tot,tot,2000-04-01,2.882446972011634
tot,tot,2000-05-01,2.729233884743777
tot,tot,2000-06-01,2.9682520302445887
tot,tot,2000-07-01,3.471890732606061
tot,tot,2000-08-01,3.272532794424243
tot,tot,2000-09-01,3.123794412969697
tot,tot,2000-10-01,2.8811081322803735
tot,tot,2000-11-01,3.0618737727803738
tot,tot,2000-12-01,3.0953001199392522
tot,tot,2001-01-01,2.9676942498671703
tot,tot,2001-02-01,2.9676942498671703
tot,tot,2001-03-01,2.859723023265659
tot,tot,2001-04-01,2.7525079475134437
tot,tot,2001-05-01,2.581475294747486
tot,tot,2001-06-01,2.704551437739069
tot,tot,2001-07-01,2.903652419098901
tot,tot,2001-08-01,2.903652419098901
tot,tot,2001-09-01,2.721342796802198
tot,tot,2001-10-01,2.2720752557959725
tot,tot,2001-11-01,2.695746510992401
tot,tot,2001-12-01,2.9407083302116264
tot,tot,2002-01-01,3.28848542306383
tot,tot,2002-02-01,3.28848542306383
tot,tot,2002-03-01,3.1390544928723405
tot,tot,2002-04-01,3.0703598095310345
tot,tot,2002-05-01,3.0703598095310345
tot,tot,2002-06-01,3.298891968937931
tot,tot,2002-07-01,3.790880400635262
tot,tot,2002-08-01,3.790880400635262
tot,tot,2002-09-01,3.777417886729476
tot,tot,2002-10-01,3.5184990673749157
tot,tot,2002-11-01,3.9131142397138996
tot,tot,2002-12-01,4.209534276911184
tot,tot,2003-01-01,4.67076756114218
tot,tot,2003-02-01,4.804326755293839
tot,tot,2003-03-01,4.615400666563981
tot,tot,2003-04-01,4.336241193023041
tot,tot,2003-05-01,4.336241193023041
tot,tot,2003-06-01,4.618354049953917
tot,tot,2003-07-01,5.054320353462641
tot,tot,2003-08-01,5.054320353462641
tot,tot,2003-09-01,4.944240989074718
tot,tot,2003-10-01,4.676121048817765
tot,tot,2003-11-01,4.926694538561356
tot,tot,2003-12-01,5.055733562620879
tot,tot,2004-01-01,5.4317809284553915
tot,tot,2004-02-01,5.30631114557444
tot,tot,2004-03-01,5.07110056897017
tot,tot,2004-04-01,4.610331910917868
tot,tot,2004-05-01,4.490215337486833
tot,tot,2004-06-01,4.832975269595298
tot,tot,2004-07-01,5.313352841618123
tot,tot,2004-08-01,5.458489766699941
tot,tot,2004-09-01,5.193219150681938
tot,tot,2004-10-01,4.760041432607095
tot,tot,2004-11-01,5.021637378336352
tot,tot,2004-12-01,5.194689082056553
tot,tot,2005-01-01,5.5077837074064195
tot,tot,2005-02-01,5.5077837074064195
tot,tot,2005-03-01,5.13307770318716
tot,tot,2005-04-01,4.784763226398255
tot,tot,2005-05-01,4.657436397011589
tot,tot,2005-06-01,4.882068682590156
tot,tot,2005-07-01,5.23586508203991
tot,tot,2005-08-01,5.382745195591312
tot,tot,2005-09-01,5.09756187236878
tot,tot,2005-10-01,4.800132218567567
tot,tot,2005-11-01,4.800132218567567
tot,tot,2005-12-01,4.944797673864865
tot,tot,2006-01-01,5.210400283231526
tot,tot,2006-02-01,5.078646379231527
tot,tot,2006-03-01,4.730898393536946
tot,tot,2006-04-01,4.4288069874178975
tot,tot,2006-05-01,4.17465919916174
tot,tot,2006-06-01,4.294534067420361
tot,tot,2006-07-01,4.752408524221631
tot,tot,2006-08-01,4.752408524221631
tot,tot,2006-09-01,4.557191044556738
tot,tot,2006-10-01,4.225695780737874
tot,tot,2006-11-01,4.225695780737874
tot,tot,2006-12-01,4.577921365524253
tot,tot,2007-01-01,4.807560876987931
tot,tot,2007-02-01,4.664405337070833
tot,tot,2007-03-01,4.342543387941237
tot,tot,2007-04-01,4.086497722633706
tot,tot,2007-05-01,3.8049267587055633
tot,tot,2007-06-01,3.864163262660732
tot,tot,2007-07-01,4.294136392252152
tot,tot,2007-08-01,4.462186471646889
tot,tot,2007-09-01,4.01548317010096
tot,tot,2007-10-01,3.6919316595838323
tot,tot,2007-11-01,3.8376894812064735
tot,tot,2007-12-01,4.058125678209695
tot,tot,2008-01-01,4.306521379399901
tot,tot,2008-02-01,4.155429388107219
tot,tot,2008-03-01,3.9275925184928795
tot,tot,2008-04-01,3.749123807865106
tot,tot,2008-05-01,3.4587467296369176
tot,tot,2008-06-01,3.608675626497977
tot,tot,2008-07-01,4.005727086355867
tot,tot,2008-08-01,4.1765780112069315
tot,tot,2008-09-01,3.862685104437203
tot,tot,2008-10-01,3.5116394246237053
tot,tot,2008-11-01,3.801025789864212
tot,tot,2008-12-01,4.118096212512082
tot,tot,2009-01-01,4.479066058363636
tot,tot,2009-02-01,4.615958632636364
tot,tot,2009-03-01,4.457340162
tot,tot,2009-04-01,4.360705524799999
tot,tot,2009-05-01,4.233143448799999
tot,tot,2009-06-01,4.6726069304
tot,tot,2009-07-01,5.151112253056141
tot,tot,2009-08-01,5.2889154029228065
tot,tot,2009-09-01,5.062826704021052
tot,tot,2009-10-01,4.567218888119388
tot,tot,2009-11-01,4.805502946953396
tot,tot,2009-12-01,5.341318797927215
tot,tot,2010-01-01,5.389114555103988
tot,tot,2010-02-01,5.486542913228673
tot,tot,2010-03-01,5.309834218087317
tot,tot,2010-04-01,4.833326854476597
tot,tot,2010-05-01,4.555969287791119
tot,tot,2010-06-01,4.534624564504652
tot,tot,2010-07-01,4.897909844183285
tot,tot,2010-08-01,5.020623847514717
tot,tot,2010-09-01,4.847061679532154
tot,tot,2010-10-01,4.307294230921441
tot,tot,2010-11-01,4.171970775196754
tot,tot,2010-12-01,4.35066500526901
tot,tot,2011-01-01,4.716782657671086
tot,tot,2011-02-01,4.749580372570496
tot,tot,2011-03-01,4.576718754168063
tot,tot,2011-04-01,4.138630427707751
tot,tot,2011-05-01,3.810550620117386
tot,tot,2011-06-01,3.8622414763063078
tot,tot,2011-07-01,4.440538893325599
tot,tot,2011-08-01,4.714563748969618
tot,tot,2011-09-01,4.665957428663991
tot,tot,2011-10-01,4.342509294375704
tot,tot,2011-11-01,4.367666460258992
tot,tot,2011-12-01,4.5235292165536345
tot,tot,2012-01-01,4.605532843907367
tot,tot,2012-02-01,4.594913591191479
tot,tot,2012-03-01,4.460033612115232
tot,tot,2012-04-01,4.162586327453835
tot,tot,2012-05-01,3.996670653210762
tot,tot,2012-06-01,4.034186717621019
tot,tot,2012-07-01,4.477380565474512
tot,tot,2012-08-01,4.7431048077096865
tot,tot,2012-09-01,4.745358500414134
tot,tot,2012-10-01,4.537870577323195
tot,tot,2012-11-01,4.6457161112466965
tot,tot,2012-12-01,4.878969462188742
tot,tot,2013-01-01,5.154932063130483
tot,tot,2013-02-01,5.221082450661416
tot,tot,2013-03-01,5.036627171898736
tot,tot,2013-04-01,4.664539548068778
tot,tot,2013-05-01,4.469896502403567
tot,tot,2013-06-01,4.442213642178454
tot,tot,2013-07-01,4.806124099311041
tot,tot,2013-08-01,4.99098060290802
tot,tot,2013-09-01,4.86817505566908
tot,tot,2013-10-01,4.372732281489884
tot,tot,2013-11-01,4.306438843980299
tot,tot,2013-12-01,4.636432811347689
tot,tot,2014-01-01,5.271421448398249
tot,tot,2014-02-01,5.432702994900949
tot,tot,2014-03-01,5.243419174683106
tot,tot,2014-04-01,4.838259394433838
tot,tot,2014-05-01,4.585675281315265
tot,tot,2014-06-01,4.557084936140005
tot,tot,2014-07-01,4.991393423343786
tot,tot,2014-08-01,5.177330759695238
tot,tot,2014-09-01,4.983806514799741
tot,tot,2014-10-01,4.337430563851109
tot,tot,2014-11-01,4.168895994929831
tot,tot,2014-12-01,4.360955013584149
tot,tot,2015-01-01,4.691572700485546
tot,tot,2015-02-01,4.764979165649926
tot,tot,2015-03-01,4.717949953107551
tot,tot,2015-04-01,4.509791939321736
tot,tot,2015-05-01,4.361587638840157
tot,tot,2015-06-01,4.445930644570041
tot,tot,2015-07-01,4.992619284474074
tot,tot,2015-08-01,5.265179651891468
tot,tot,2015-09-01,5.213823323419269
tot,tot,2015-10-01,4.815585291416234
tot,tot,2015-11-01,4.794560620570386
tot,tot,2015-12-01,5.024341891901196
tot,tot,2016-01-01,5.347649514334931
tot,tot,2016-02-01,5.420202887809275
tot,tot,2016-03-01,5.2507340325122405
tot,tot,2016-04-01,4.774239973796885
tot,tot,2016-05-01,4.537228498717809
tot,tot,2016-06-01,4.566897362633736
tot,tot,2016-07-01,4.993623265429618
tot,tot,2016-08-01,5.216202720995099
tot,tot,2016-09-01,5.113668496080259
tot,tot,2016-10-01,4.573846027943941
tot,tot,2016-11-01,4.480915800699443
tot,tot,2016-12-01,4.742742428875461
tot,tot,2017-01-01,5.265619391758618
tot,tot,2017-02-01,5.388457126561586
tot,tot,2017-03-01,5.148875510699581
tot,tot,2017-04-01,4.560969150000256
tot,tot,2017-05-01,4.281798053772372
tot,tot,2017-06-01,4.34213132494564
tot,tot,2017-07-01,4.869244129416303
tot,tot,2017-08-01,5.105194601646962
tot,tot,2017-09-01,4.973519565330042
tot,tot,2017-10-01,4.491234120730976
tot,tot,2017-11-01,4.434358220487137
tot,tot,2017-12-01,4.701619555186839
tot,tot,2018-01-01,5.220536742185193
tot,tot,2018-02-01,5.321862748228189
tot,tot,2018-03-01,5.133101846854221
tot,tot,2018-04-01,4.82348088702208
tot,tot,2018-05-01,4.607165824677863
tot,tot,2018-06-01,4.425193746905073
tot,tot,2018-07-01,4.373064391383403
tot,tot,2018-08-01,4.4308782822382025
tot,tot,2018-09-01,4.444900759240203
tot,tot,2018-10-01,4.457621680279579
tot,tot,2018-11-01,4.573709881493055
tot,tot,2018-12-01,4.755933424659715
tot,tot,2019-01-01,4.990389026952969
tot,tot,2019-02-01,5.02065582758911
tot,tot,2019-03-01,4.795518403376692
tot,tot,2019-04-01,4.337114602710628
tot,tot,2019-05-01,4.0915452471340545
tot,tot,2019-06-01,4.0754612607101395
tot,tot,2019-07-01,4.500586784756028
tot,tot,2019-08-01,4.698154926920498
tot,tot,2019-09-01,4.516319656937399
tot,tot,2019-10-01,3.9249069405960917
tot,tot,2019-11-01,3.780221301149863
tot,tot,2019-12-01,4.0037844642150295
tot,tot,2020-01-01,4.440617594282033
tot,tot,2020-02-01,4.4858634402415065
tot,tot,2020-03-01,4.557928360965113
tot,tot,2020-04-01,4.504892629516663
tot,tot,2020-05-01,4.546512361441433
tot,tot,2020-06-01,4.694321117455459
tot,tot,2020-07-01,5.166028936008823
tot,tot,2020-08-01,5.349475408546931
tot,tot,2020-09-01,5.235834235942562
tot,tot,2020-10-01,4.837558141016663
tot,tot,2020-11-01,4.815701221145117
tot,tot,2020-12-01,5.146951372704946
tot,tot,2021-01-01,5.745224845243979
tot,tot,2021-02-01,5.913840858173034
tot,tot,2021-03-01,5.73008367644383
tot,tot,2021-04-01,5.21839826846916
tot,tot,2021-05-01,4.936954931011727
tot,tot,2021-06-01,4.847408079886425
tot,tot,2021-07-01,5.083092981388765
tot,tot,2021-08-01,5.09717045416014
tot,tot,2021-09-01,4.850811497631036
tot,tot,2021-10-01,4.320548954221056
tot,tot,2021-11-01,4.152316529066901
tot,tot,2021-12-01,4.284417716416184
tot,tot,2022-01-01,4.544048512914163
tot,tot,2022-02-01,4.551526727721733
tot,tot,2022-03-01,4.407371745046781
tot,tot,2022-04-01,4.130432161962259
tot,tot,2022-05-01,3.926921628056771
tot,tot,2022-06-01,3.8690936547141717
tot,tot,2022-07-01,4.016974526059624
tot,tot,2022-08-01,4.06509466855454
tot,tot,2022-09-01,4.027145877786404
tot,tot,2022-10-01,3.922101861173784
tot,tot,2022-11-01,3.952408822817461
tot,tot,2022-12-01,4.060293717960066
tot,tot,2023-01-01,4.208239884787495
tot,tot,2023-02-01,4.222700961105178
tot,tot,2023-03-01,4.08672856031281
tot,tot,2023-04-01,3.803852441225488
tot,tot,2023-05-01,3.661908976774679
tot,tot,2023-06-01,3.733038923728651
tot,tot,2023-07-01,4.113503809792916
tot,tot,2023-08-01,4.334041445637284
tot,tot,2023-09-01,4.357673122211419
tot,tot,2023-10-01,4.005923018476504
tot,tot,2023-11-01,3.9151809546751792
tot,tot,2023-12-01,4.073749723507747
tot,tot,2024-01-01,4.273548357002264
tot,tot,2024-02-01,4.319609699038262
tot,tot,2024-03-01,4.224255754657763
tot,tot,2024-04-01,4.006672890225638
tot,tot,2024-05-01,3.9344401034245866
tot,tot,2024-06-01,4.04608791014934
tot,tot,2024-07-01,4.579159574460583
tot,tot,2024-08-01,4.858531091332937
tot,tot,2024-09-01,4.772707681206605
tot,tot,2024-10-01,4.340280465485564
tot,tot,2024-11-01,4.282904411402281
tot,tot,2024-12-01,4.463449139131098
tot,tot,2025-01-01,4.673985154229628
tot,tot,2025-02-01,4.714961651512146
tot,tot,2025-03-01,4.711469098135282
tot,tot,2025-04-01,4.656722768788323
tot,tot,2025-05-01,4.580273778882125
tot,tot,2025-06-01,4.639498349907886
tot,tot,2025-07-01,4.976044309789256
tot,tot,2025-08-01,5.148052923405908
tot,tot,2025-09-01,5.123761423667015
tot,tot,2025-10-01,4.913271558267259
tot,tot,2025-11-01,4.91112409344144
tot,tot,2025-12-01,5.0326572328936585
tot,tot,2026-01-01,5.202319236854551
tot,tot,2026-02-01,5.140306707736824
tot,tot,2026-03-01,5.184323757831956
tot,tot,2026-04-01,4.982949582903845
tot,tot,2026-05-01,4.85338899703252
tot,tot,2026-06-01,4.79400911046938
tot,wom,1991-01-01,2.2473691988215854
tot,wom,1991-02-01,2.325062861430289
tot,wom,1991-03-01,2.4402315117481277
tot,wom,1991-04-01,2.4933595954822283
tot,wom,1991-05-01,2.6409611846412266
tot,wom,1991-06-01,2.850378686876545
tot,wom,1991-07-01,3.017925799955965
tot,wom,1991-08-01,3.041084997624064
tot,wom,1991-09-01,2.937983235419972
tot,wom,1991-10-01,2.810686546603519
tot,wom,1991-11-01,2.933336218493238
tot,wom,1991-12-01,3.0742255679032433
tot,wom,1992-01-01,3.30427523651895
tot,wom,1992-02-01,3.4879682352637422
tot,wom,1992-03-01,3.5456507242173085
tot,wom,1992-04-01,3.492369155925797
tot,wom,1992-05-01,3.6628544041365143
tot,wom,1992-06-01,4.04325213593769
tot,wom,1992-07-01,4.4572270124689455
tot,wom,1992-08-01,4.608212715640462
tot,wom,1992-09-01,4.540203012890591
tot,wom,1992-10-01,4.282824010587252
tot,wom,1992-11-01,4.395175811424672
tot,wom,1992-12-01,4.727607298988076
tot,wom,1993-01-01,4.708728050320104
tot,wom,1993-02-01,4.825970812434857
tot,wom,1993-03-01,4.7689181152450395
tot,wom,1993-04-01,4.657828481316864
tot,wom,1993-05-01,4.766771459655209
tot,wom,1993-06-01,5.064816178027926
tot,wom,1993-07-01,5.653319115905216
tot,wom,1993-08-01,5.887648702150114
tot,wom,1993-09-01,5.682256770944671
tot,wom,1993-10-01,5.244386201663493
tot,wom,1993-11-01,5.344638628730158
tot,wom,1993-12-01,5.200732432606348
tot,wom,1994-01-01,5.158854936803686
tot,wom,1994-02-01,5.158854936803686
tot,wom,1994-03-01,4.948632862392627
tot,wom,1994-04-01,4.633065502252688
tot,wom,1994-05-01,4.542598217297849
tot,wom,1994-06-01,4.846765448449462
tot,wom,1994-07-01,5.301003541666667
tot,wom,1994-08-01,5.301003541666667
tot,wom,1994-09-01,5.064490901666667
tot,wom,1994-10-01,4.761299324302632
tot,wom,1994-11-01,4.761299324302632
tot,wom,1994-12-01,4.724823496394737
tot,wom,1995-01-01,4.748092431649871
tot,wom,1995-02-01,4.748092431649871
tot,wom,1995-03-01,4.440692332700256
tot,wom,1995-04-01,4.200675313107716
tot,wom,1995-05-01,4.027419442724442
tot,wom,1995-06-01,4.203013944167842
tot,wom,1995-07-01,4.684294722169082
tot,wom,1995-08-01,4.684294722169082
tot,wom,1995-09-01,4.404472508661835
tot,wom,1995-10-01,4.021049516321407
tot,wom,1995-11-01,4.107171098784565
tot,wom,1995-12-01,4.144104885894031
tot,wom,1996-01-01,4.274786422819113
tot,wom,1996-02-01,4.274786422819113
tot,wom,1996-03-01,4.292688977361775
tot,wom,1996-04-01,4.304156400145199
tot,wom,1996-05-01,4.304156400145199
tot,wom,1996-06-01,4.340998991709604
tot,wom,1996-07-01,4.742314328347133
tot,wom,1996-08-01,4.835923610049119
tot,wom,1996-09-01,4.556763598603745
tot,wom,1996-10-01,4.2654888818493255
tot,wom,1996-11-01,4.344760883045645
tot,wom,1996-12-01,4.31108643010503
tot,wom,1997-01-01,4.43872401155277
tot,wom,1997-02-01,4.43872401155277
tot,wom,1997-03-01,4.28923684789446
tot,wom,1997-04-01,4.135857709515687
tot,wom,1997-05-01,4.063179819369915
tot,wom,1997-06-01,4.265220631114399
tot,wom,1997-07-01,4.801756656246561
tot,wom,1997-08-01,4.801756656246561
tot,wom,1997-09-01,4.685994347506877
tot,wom,1997-10-01,4.434145701243474
tot,wom,1997-11-01,4.434145701243474
tot,wom,1997-12-01,4.566357338513051
tot,wom,1998-01-01,4.657294738497202
tot,wom,1998-02-01,4.485327096049253
tot,wom,1998-03-01,4.485813829453546
tot,wom,1998-04-01,4.43899582924547
tot,wom,1998-05-01,4.160349840471276
tot,wom,1998-06-01,4.357692808283255
tot,wom,1998-07-01,4.795194469733068
tot,wom,1998-08-01,4.795194469733068
tot,wom,1998-09-01,4.3025771035338645
tot,wom,1998-10-01,3.7582682939066667
tot,wom,1998-11-01,3.7582682939066667
tot,wom,1998-12-01,3.897430896186667
tot,wom,1999-01-01,3.9752473425070627
tot,wom,1999-02-01,3.8709706500003964
tot,wom,1999-03-01,3.884909914492542
tot,wom,1999-04-01,3.7671972473562247
tot,wom,1999-05-01,3.656353001682957
tot,wom,1999-06-01,3.7717185639608175
tot,wom,1999-07-01,4.088283810411108
tot,wom,1999-08-01,3.9633014517408944
tot,wom,1999-09-01,3.696756452847999
tot,wom,1999-10-01,3.347159175285271
tot,wom,1999-11-01,3.231614325963237
tot,wom,1999-12-01,3.6469456637514917
tot,wom,2000-01-01,3.426529487983767
tot,wom,2000-02-01,3.426529487983767
tot,wom,2000-03-01,3.3843167040324666
tot,wom,2000-04-01,3.266252556442178
tot,wom,2000-05-01,3.098619976509974
tot,wom,2000-06-01,3.525449683047847
tot,wom,2000-07-01,4.076751725918879
tot,wom,2000-08-01,4.076751725918879
tot,wom,2000-09-01,3.856250832162242
tot,wom,2000-10-01,3.8400540337969695
tot,wom,2000-11-01,3.8400540337969695
tot,wom,2000-12-01,3.7506079334060605
tot,wom,2001-01-01,3.799374892881553
tot,wom,2001-02-01,3.5976334225360986
tot,wom,2001-03-01,3.6987725535823475
tot,wom,2001-04-01,3.662950822339806
tot,wom,2001-05-01,3.662950822339806
tot,wom,2001-06-01,3.6425246613203885
tot,wom,2001-07-01,3.726680344865534
tot,wom,2001-08-01,3.726680344865534
tot,wom,2001-09-01,3.391307111268932
tot,wom,2001-10-01,2.746352105175912
tot,wom,2001-11-01,3.0461821844759123
tot,wom,2001-12-01,3.2023680893481754
tot,wom,2002-01-01,3.4712200094053975
tot,wom,2002-02-01,3.4712200094053975
tot,wom,2002-03-01,3.365790585189203
tot,wom,2002-04-01,3.1590337228321985
tot,wom,2002-05-01,3.1590337228321985
tot,wom,2002-06-01,3.5034878433356047
tot,wom,2002-07-01,3.826581983469458
tot,wom,2002-08-01,4.143072797747603
tot,wom,2002-09-01,3.977873457782937
tot,wom,2002-10-01,3.762425188938547
tot,wom,2002-11-01,4.030998262905028
tot,wom,2002-12-01,4.225221608156424
tot,wom,2003-01-01,4.522851621738095
tot,wom,2003-02-01,4.6608842092380955
tot,wom,2003-03-01,4.61952291902381
tot,wom,2003-04-01,4.660862773001905
tot,wom,2003-05-01,4.660862773001905
tot,wom,2003-06-01,4.9162293489961915
tot,wom,2003-07-01,5.292253022970377
tot,wom,2003-08-01,5.434506315930376
tot,wom,2003-09-01,5.2767361190992474
tot,wom,2003-10-01,5.046721433957747
tot,wom,2003-11-01,5.046721433957747
tot,wom,2003-12-01,5.067220152084505
tot,wom,2004-01-01,5.242451917546124
tot,wom,2004-02-01,5.242451917546124
tot,wom,2004-03-01,5.117970047907753
tot,wom,2004-04-01,5.044717137728813
tot,wom,2004-05-01,4.91665420188983
tot,wom,2004-06-01,5.150055089381356
tot,wom,2004-07-01,5.7983693620037675
tot,wom,2004-08-01,5.9454567095969875
tot,wom,2004-09-01,5.612480944399247
tot,wom,2004-10-01,5.171171189333787
tot,wom,2004-11-01,5.30160974866712
tot,wom,2004-12-01,5.375504020999093
tot,wom,2005-01-01,5.503139162708498
tot,wom,2005-02-01,5.503139162708498
tot,wom,2005-03-01,5.414008527583001
tot,wom,2005-04-01,5.382317483303797
tot,wom,2005-05-01,5.246028699177215
tot,wom,2005-06-01,5.521874736518987
tot,wom,2005-07-01,5.9593198715569615
tot,wom,2005-08-01,6.109754606316455
tot,wom,2005-09-01,5.757441591126582
tot,wom,2005-10-01,5.444398107728813
tot,wom,2005-11-01,5.444398107728813
tot,wom,2005-12-01,5.315132032542373
tot,wom,2006-01-01,5.344232547496478
tot,wom,2006-02-01,5.211235813055801
tot,wom,2006-03-01,5.138146303447721
tot,wom,2006-04-01,4.988986727571833
tot,wom,2006-05-01,4.85283698129786
tot,wom,2006-06-01,5.066573508130309
tot,wom,2006-07-01,5.5322004311022015
tot,wom,2006-08-01,5.688343678696541
tot,wom,2006-09-01,5.330640135201259
tot,wom,2006-10-01,5.033643779130082
tot,wom,2006-11-01,5.033643779130082
tot,wom,2006-12-01,5.118391663739838
tot,wom,2007-01-01,5.26539825461324
tot,wom,2007-02-01,5.115930001949826
tot,wom,2007-03-01,4.939167641436934
tot,wom,2007-04-01,4.865536296464906
tot,wom,2007-05-01,4.708432159750619
tot,wom,2007-06-01,4.7225079847844755
tot,wom,2007-07-01,5.3113163233025045
tot,wom,2007-08-01,5.3113163233025045
tot,wom,2007-09-01,4.99520193039499
tot,wom,2007-10-01,4.614068630755299
tot,wom,2007-11-01,4.614068630755299
tot,wom,2007-12-01,4.583287458489403
tot,wom,2008-01-01,4.582817489753561
tot,wom,2008-02-01,4.582817489753561
tot,wom,2008-03-01,4.382788122492881
tot,wom,2008-04-01,4.259129600187144
tot,wom,2008-05-01,4.105600445552999
tot,wom,2008-06-01,4.224660634259855
tot,wom,2008-07-01,4.644797645084079
tot,wom,2008-08-01,4.819295210744456
tot,wom,2008-09-01,4.408463614171467
tot,wom,2008-10-01,3.9585087983500413
tot,wom,2008-11-01,4.102574393893901
tot,wom,2008-12-01,4.2565252267560565
tot,wom,2009-01-01,4.442340470679442
tot,wom,2009-02-01,4.587065082044522
tot,wom,2009-03-01,4.647070221276035
tot,wom,2009-04-01,4.6160587509358155
tot,wom,2009-05-01,4.6160587509358155
tot,wom,2009-06-01,5.0758675331283705
tot,wom,2009-07-01,5.58604685526146
tot,wom,2009-08-01,5.8852968939983015
tot,wom,2009-09-01,5.585908458740238
tot,wom,2009-10-01,5.0533887063724645
tot,wom,2009-11-01,5.180563053009562
tot,wom,2009-12-01,5.535667223617972
tot,wom,2010-01-01,5.436013873459578
tot,wom,2010-02-01,5.4539743832253755
tot,wom,2010-03-01,5.391485491659845
tot,wom,2010-04-01,5.178630970290907
tot,wom,2010-05-01,5.038445150397416
tot,wom,2010-06-01,5.083754718116512
tot,wom,2010-07-01,5.554518971453607
tot,wom,2010-08-01,5.752119709876991
tot,wom,2010-09-01,5.534410027064728
tot,wom,2010-10-01,4.787983990888233
tot,wom,2010-11-01,4.539978304542972
tot,wom,2010-12-01,4.615776464855376
tot,wom,2011-01-01,5.001808101036103
tot,wom,2011-02-01,5.061865689809031
tot,wom,2011-03-01,4.836620821693607
tot,wom,2011-04-01,4.141212752974286
tot,wom,2011-05-01,3.795526592829638
tot,wom,2011-06-01,4.056241366465277
tot,wom,2011-07-01,5.121622963095002
tot,wom,2011-08-01,5.58355768202658
tot,wom,2011-09-01,5.46489858258994
tot,wom,2011-10-01,4.910400552612233
tot,wom,2011-11-01,4.807366214285226
tot,wom,2011-12-01,4.7902083806097675
tot,wom,2012-01-01,4.720836672539662
tot,wom,2012-02-01,4.665743878998667
tot,wom,2012-03-01,4.618118469045567
tot,wom,2012-04-01,4.56460855995711
tot,wom,2012-05-01,4.506017070080716
tot,wom,2012-06-01,4.48520452690508
tot,wom,2012-07-01,4.701964421494831
tot,wom,2012-08-01,4.904041125456404
tot,wom,2012-09-01,4.942161812773259
tot,wom,2012-10-01,4.842796004653141
tot,wom,2012-11-01,4.908571709627196
tot,wom,2012-12-01,4.9828360920498
tot,wom,2013-01-01,5.192053632816018
tot,wom,2013-02-01,5.269542437569876
tot,wom,2013-03-01,5.14643965935419
tot,wom,2013-04-01,4.923154470283446
tot,wom,2013-05-01,4.81775060585942
tot,wom,2013-06-01,4.74887083573779
tot,wom,2013-07-01,4.947468953536482
tot,wom,2013-08-01,5.111197150327664
tot,wom,2013-09-01,5.0384657401801904
tot,wom,2013-10-01,4.633822848407341
tot,wom,2013-11-01,4.518875581581444
tot,wom,2013-12-01,4.677457258300652
tot,wom,2014-01-01,5.192207722868369
tot,wom,2014-02-01,5.346706038199624
tot,wom,2014-03-01,5.210088528014365
tot,wom,2014-04-01,4.875228786152093
tot,wom,2014-05-01,4.69359770235162
tot,wom,2014-06-01,4.718965759551957
tot,wom,2014-07-01,5.208611557490219
tot,wom,2014-08-01,5.445378430251675
tot,wom,2014-09-01,5.3027119815739425
tot,wom,2014-10-01,4.774473076597871
tot,wom,2014-11-01,4.570990865013763
tot,wom,2014-12-01,4.521535921806971
tot,wom,2015-01-01,4.463025169855744
tot,wom,2015-02-01,4.428934312727379
tot,wom,2015-03-01,4.47930409649659
tot,wom,2015-04-01,4.5259242838929445
tot,wom,2015-05-01,4.502187463753595
tot,wom,2015-06-01,4.64761436859003
tot,wom,2015-07-01,5.2584961366772545
tot,wom,2015-08-01,5.591635314075949
tot,wom,2015-09-01,5.568991697610588
tot,wom,2015-10-01,5.209588803173473
tot,wom,2015-11-01,5.12333022574457
tot,wom,2015-12-01,5.12932408680342
tot,wom,2016-01-01,5.176949644179076
tot,wom,2016-02-01,5.189064321072268
tot,wom,2016-03-01,5.10987071073492
tot,wom,2016-04-01,4.823670057282584
tot,wom,2016-05-01,4.68857730830126
tot,wom,2016-06-01,4.738540578930636
tot,wom,2016-07-01,5.138032091367947
tot,wom,2016-08-01,5.395582342803578
tot,wom,2016-09-01,5.346384449015503
tot,wom,2016-10-01,4.8861473459153535
tot,wom,2016-11-01,4.749691851882905
tot,wom,2016-12-01,4.832750014626286
tot,wom,2017-01-01,5.126379595785224
tot,wom,2017-02-01,5.213042858547305
tot,wom,2017-03-01,5.134503379662088
tot,wom,2017-04-01,4.87129164112107
tot,wom,2017-05-01,4.737704429949174
tot,wom,2017-06-01,4.808915790616336
tot,wom,2017-07-01,5.274796341754978
tot,wom,2017-08-01,5.530341522707979
tot,wom,2017-09-01,5.406414342415081
tot,wom,2017-10-01,4.9022727399622585
tot,wom,2017-11-01,4.77864240699418
tot,wom,2017-12-01,4.911092932148676
tot,wom,2018-01-01,5.352062223661823
tot,wom,2018-02-01,5.475256674989221
tot,wom,2018-03-01,5.40151394585892
tot,wom,2018-04-01,5.3684135505733375
tot,wom,2018-05-01,5.290581650461458
tot,wom,2018-06-01,5.026425085998358
tot,wom,2018-07-01,4.653588461755264
tot,wom,2018-08-01,4.618862808661746
tot,wom,2018-09-01,4.734112258224513
tot,wom,2018-10-01,5.015619051303219
tot,wom,2018-11-01,5.158313103331154
tot,wom,2018-12-01,5.217566169417378
tot,wom,2019-01-01,5.42736782849088
tot,wom,2019-02-01,5.489700534995
tot,wom,2019-03-01,5.227683074568879
tot,wom,2019-04-01,4.609991237332945
tot,wom,2019-05-01,4.341367431079013
tot,wom,2019-06-01,4.343828246695865
tot,wom,2019-07-01,4.812213485301195
tot,wom,2019-08-01,5.040528511470957
tot,wom,2019-09-01,4.861027045524826
tot,wom,2019-10-01,4.242831714505861
tot,wom,2019-11-01,4.021053092480697
tot,wom,2019-12-01,4.122315932988308
tot,wom,2020-01-01,4.522258079805111
tot,wom,2020-02-01,4.580372459888287
tot,wom,2020-03-01,4.597708037540712
tot,wom,2020-04-01,4.281608796337584
tot,wom,2020-05-01,4.245608410608806
tot,wom,2020-06-01,4.565698357014655
tot,wom,2020-07-01,5.466825107401932
tot,wom,2020-08-01,5.816936892437714
tot,wom,2020-09-01,5.726541253272069
tot,wom,2020-10-01,5.31160489079537
tot,wom,2020-11-01,5.265878859850137
tot,wom,2020-12-01,5.536860156376406
tot,wom,2021-01-01,6.213325708753401
tot,wom,2021-02-01,6.4537567625965115
tot,wom,2021-03-01,6.193237043534385
tot,wom,2021-04-01,5.386573425263232
tot,wom,2021-05-01,5.030291868557841
tot,wom,2021-06-01,4.96935855555593
tot,wom,2021-07-01,5.300011726231911
tot,wom,2021-08-01,5.34455572356446
tot,wom,2021-09-01,5.073267273894115
tot,wom,2021-10-01,4.443920123371785
tot,wom,2021-11-01,4.202553240957701
tot,wom,2021-12-01,4.267927850588567
tot,wom,2022-01-01,4.55280161679326
tot,wom,2022-02-01,4.616548642912758
tot,wom,2022-03-01,4.549424366839212
tot,wom,2022-04-01,4.40093730978624
tot,wom,2022-05-01,4.268393795696731
tot,wom,2022-06-01,4.224817197117373
tot,wom,2022-07-01,4.349104077468562
tot,wom,2022-08-01,4.406669009456613
tot,wom,2022-09-01,4.386350293399074
tot,wom,2022-10-01,4.2934286588595505
tot,wom,2022-11-01,4.273881076057829
tot,wom,2022-12-01,4.258454379993967
tot,wom,2023-01-01,4.3066564949019694
tot,wom,2023-02-01,4.324569725140966
tot,wom,2023-03-01,4.232410254749824
tot,wom,2023-04-01,3.9986647120574084
tot,wom,2023-05-01,3.8934627875219765
tot,wom,2023-06-01,4.020388497169209
tot,wom,2023-07-01,4.554375492472696
tot,wom,2023-08-01,4.824801071831841
tot,wom,2023-09-01,4.716173594855419
tot,wom,2023-10-01,4.217614493968378
tot,wom,2023-11-01,4.121900180860981
tot,wom,2023-12-01,4.186870704925898
tot,wom,2024-01-01,4.331991392985007
tot,wom,2024-02-01,4.40309528042782
tot,wom,2024-03-01,4.354284423222933
tot,wom,2024-04-01,4.2087033942468715
tot,wom,2024-05-01,4.181174645188131
tot,wom,2024-06-01,4.305382362432951
tot,wom,2024-07-01,4.850727522403486
tot,wom,2024-08-01,5.153702063444339
tot,wom,2024-09-01,5.080123231481228
tot,wom,2024-10-01,4.675257496416956
tot,wom,2024-11-01,4.581585713787961
tot,wom,2024-12-01,4.588581819071454
tot,wom,2025-01-01,4.518838427235646
tot,wom,2025-02-01,4.496162686189578
tot,wom,2025-03-01,4.561770646220831
tot,wom,2025-04-01,4.650077994697906
tot,wom,2025-05-01,4.613051326648952
tot,wom,2025-06-01,4.669856821446199
tot,wom,2025-07-01,4.9683590645005005
tot,wom,2025-08-01,5.158650407952449
tot,wom,2025-09-01,5.204290265805686
tot,wom,2025-10-01,5.125653370049227
tot,wom,2025-11-01,5.121986387482136
tot,wom,2025-12-01,5.119774152978848
tot,wom,2026-01-01,5.0345689855725135
tot,wom,2026-02-01,5.063161291864795
tot,wom,2026-03-01,5.035068885832141
tot,wom,2026-04-01,4.803224483421764
tot,wom,2026-05-01,4.745117051139223
tot,wom,2026-06-01,4.708975340596412
