NOGA,ADJUSTMENT,INDICATOR_KE,date,value
G,N,UEXP,2021-01-01,103.96
G,N,UEXP,2021-04-01,100.18
G,N,UEXP,2021-07-01,96.56
G,N,UEXP,2021-10-01,99.3
G,N,UEXP,2022-01-01,123.43
G,N,UEXP,2022-04-01,122.43
G,N,UEXP,2022-07-01,120.55
G,N,UEXP,2022-10-01,123.45
G,N,UEXP,2023-01-01,111.36
G,N,UEXP,2023-04-01,91.79
G,N,UEXP,2023-07-01,85.89
G,N,UEXP,2023-10-01,92.86
G,N,UEXP,2024-01-01,82.7
G,N,UEXP,2024-04-01,85.26
G,N,UEXP,2024-07-01,80.17
G,N,UEXP,2024-10-01,83.44
G,N,UEXP,2025-01-01,85.67
G,N,UEXP,2025-04-01,77.74
G,N,UEXP,2025-07-01,80.54
G,N,UEXP,2025-10-01,86.11
G,N,UEXP,2026-01-01,84.16
G,N,UEXP,2026-04-01,94.88
G,N,UINL,2021-01-01,99.39
G,N,UINL,2021-04-01,98.11
G,N,UINL,2021-07-01,96.69
G,N,UINL,2021-10-01,105.81
G,N,UINL,2022-01-01,111.27
G,N,UINL,2022-04-01,108.15
G,N,UINL,2022-07-01,108.31
G,N,UINL,2022-10-01,117.4
G,N,UINL,2023-01-01,106.95
G,N,UINL,2023-04-01,105.19
G,N,UINL,2023-07-01,98.91
G,N,UINL,2023-10-01,109.21
G,N,UINL,2024-01-01,95.43
G,N,UINL,2024-04-01,99.95
G,N,UINL,2024-07-01,96.09
G,N,UINL,2024-10-01,106.21
G,N,UINL,2025-01-01,96.28
G,N,UINL,2025-04-01,100.19
G,N,UINL,2025-07-01,96.18
G,N,UINL,2025-10-01,105.08
G,N,UINL,2026-01-01,95.16
G,N,UINL,2026-04-01,103.09
G,N,UTOT,2021-01-01,100.59
G,N,UTOT,2021-04-01,100.45
G,N,UTOT,2021-07-01,96.19
G,N,UTOT,2021-10-01,102.77
G,N,UTOT,2022-01-01,115.11
G,N,UTOT,2022-04-01,115.8
G,N,UTOT,2022-07-01,113.56
G,N,UTOT,2022-10-01,119.78
G,N,UTOT,2023-01-01,107.94
G,N,UTOT,2023-04-01,97.16
G,N,UTOT,2023-07-01,91.8
G,N,UTOT,2023-10-01,100.98
G,N,UTOT,2024-01-01,89.16
G,N,UTOT,2024-04-01,92.9
G,N,UTOT,2024-07-01,87.86
G,N,UTOT,2024-10-01,94.73
G,N,UTOT,2025-01-01,91.03
G,N,UTOT,2025-04-01,88.4
G,N,UTOT,2025-07-01,88.41
G,N,UTOT,2025-10-01,96.7
G,N,UTOT,2026-01-01,89.96
G,N,UTOT,2026-04-01,99.4
G,W,UEXP,2021-01-01,103.78
G,W,UEXP,2021-04-01,100.94
G,W,UEXP,2021-07-01,96.51
G,W,UEXP,2021-10-01,98.77
G,W,UEXP,2022-01-01,122.38
G,W,UEXP,2022-04-01,123.39
G,W,UEXP,2022-07-01,121.3
G,W,UEXP,2022-10-01,124.5
G,W,UEXP,2023-01-01,110.17
G,W,UEXP,2023-04-01,92.78
G,W,UEXP,2023-07-01,87.08
G,W,UEXP,2023-10-01,94.32
G,W,UEXP,2024-01-01,85.17
G,W,UEXP,2024-04-01,85.55
G,W,UEXP,2024-07-01,80.64
G,W,UEXP,2024-10-01,84.16
G,W,UEXP,2025-01-01,85.95
G,W,UEXP,2025-04-01,78.56
G,W,UEXP,2025-07-01,81.05
G,W,UEXP,2025-10-01,86.79
G,W,UEXP,2026-01-01,84.41
G,W,UEXP,2026-04-01,95.86
G,W,UINL,2021-01-01,99.61
G,W,UINL,2021-04-01,98.69
G,W,UINL,2021-07-01,96.53
G,W,UINL,2021-10-01,105.18
G,W,UINL,2022-01-01,110.91
G,W,UINL,2022-04-01,108.75
G,W,UINL,2022-07-01,108.77
G,W,UINL,2022-10-01,118.13
G,W,UINL,2023-01-01,106.37
G,W,UINL,2023-04-01,106.01
G,W,UINL,2023-07-01,99.99
G,W,UINL,2023-10-01,110.59
G,W,UINL,2024-01-01,96.13
G,W,UINL,2024-04-01,100.14
G,W,UINL,2024-07-01,96.5
G,W,UINL,2024-10-01,106.89
G,W,UINL,2025-01-01,97.03
G,W,UINL,2025-04-01,101.01
G,W,UINL,2025-07-01,96.54
G,W,UINL,2025-10-01,105.75
G,W,UINL,2026-01-01,95.82
G,W,UINL,2026-04-01,103.91
G,W,UTOT,2021-01-01,100.66
G,W,UTOT,2021-04-01,101.11
G,W,UTOT,2021-07-01,96.08
G,W,UTOT,2021-10-01,102.15
G,W,UTOT,2022-01-01,114.49
G,W,UTOT,2022-04-01,116.56
G,W,UTOT,2022-07-01,114.16
G,W,UTOT,2022-10-01,120.63
G,W,UTOT,2023-01-01,107.11
G,W,UTOT,2023-04-01,98.04
G,W,UTOT,2023-07-01,92.93
G,W,UTOT,2023-10-01,102.41
G,W,UTOT,2024-01-01,90.68
G,W,UTOT,2024-04-01,93.14
G,W,UTOT,2024-07-01,88.31
G,W,UTOT,2024-10-01,95.44
G,W,UTOT,2025-01-01,91.57
G,W,UTOT,2025-04-01,89.22
G,W,UTOT,2025-07-01,88.86
G,W,UTOT,2025-10-01,97.38
G,W,UTOT,2026-01-01,90.44
G,W,UTOT,2026-04-01,100.3
G,Y,UEXP,2021-01-01,103.07
G,Y,UEXP,2021-04-01,103.41
G,Y,UEXP,2021-07-01,98.85
G,Y,UEXP,2021-10-01,94.67
G,Y,UEXP,2022-01-01,121.4
G,Y,UEXP,2022-04-01,126.45
G,Y,UEXP,2022-07-01,124.25
G,Y,UEXP,2022-10-01,119.46
G,Y,UEXP,2023-01-01,109.23
G,Y,UEXP,2023-04-01,95.2
G,Y,UEXP,2023-07-01,89.23
G,Y,UEXP,2023-10-01,90.57
G,Y,UEXP,2024-01-01,84.24
G,Y,UEXP,2024-04-01,87.84
G,Y,UEXP,2024-07-01,82.74
G,Y,UEXP,2024-10-01,80.85
G,Y,UEXP,2025-01-01,84.93
G,Y,UEXP,2025-04-01,80.66
G,Y,UEXP,2025-07-01,83.16
G,Y,UEXP,2025-10-01,83.45
G,Y,UEXP,2026-01-01,83.1
G,Y,UEXP,2026-04-01,98.43
G,Y,UINL,2021-01-01,102.35
G,Y,UINL,2021-04-01,99.77
G,Y,UINL,2021-07-01,99.45
G,Y,UINL,2021-10-01,98.43
G,Y,UINL,2022-01-01,114.3
G,Y,UINL,2022-04-01,109.8
G,Y,UINL,2022-07-01,112.1
G,Y,UINL,2022-10-01,110.5
G,Y,UINL,2023-01-01,109.93
G,Y,UINL,2023-04-01,106.75
G,Y,UINL,2023-07-01,103.06
G,Y,UINL,2023-10-01,103.4
G,Y,UINL,2024-01-01,99.72
G,Y,UINL,2024-04-01,100.51
G,Y,UINL,2024-07-01,99.58
G,Y,UINL,2024-10-01,99.96
G,Y,UINL,2025-01-01,100.96
G,Y,UINL,2025-04-01,101.09
G,Y,UINL,2025-07-01,99.65
G,Y,UINL,2025-10-01,98.86
G,Y,UINL,2026-01-01,99.54
G,Y,UINL,2026-04-01,103.84
G,Y,UTOT,2021-01-01,102.22
G,Y,UTOT,2021-04-01,102.61
G,Y,UTOT,2021-07-01,98.71
G,Y,UTOT,2021-10-01,96.46
G,Y,UTOT,2022-01-01,116.3
G,Y,UTOT,2022-04-01,118.28
G,Y,UTOT,2022-07-01,117.33
G,Y,UTOT,2022-10-01,113.93
G,Y,UTOT,2023-01-01,108.9
G,Y,UTOT,2023-04-01,99.45
G,Y,UTOT,2023-07-01,95.54
G,Y,UTOT,2023-10-01,96.7
G,Y,UTOT,2024-01-01,92.09
G,Y,UTOT,2024-04-01,94.5
G,Y,UTOT,2024-07-01,90.88
G,Y,UTOT,2024-10-01,90.08
G,Y,UTOT,2025-01-01,93.04
G,Y,UTOT,2025-04-01,90.47
G,Y,UTOT,2025-07-01,91.48
G,Y,UTOT,2025-10-01,91.95
G,Y,UTOT,2026-01-01,91.68
G,Y,UTOT,2026-04-01,101.69
G-NxK,N,UEXP,2021-01-01,102.58
G-NxK,N,UEXP,2021-04-01,100.04
G-NxK,N,UEXP,2021-07-01,97.28
G-NxK,N,UEXP,2021-10-01,100.1
G-NxK,N,UEXP,2022-01-01,121.75
G-NxK,N,UEXP,2022-04-01,122.44
G-NxK,N,UEXP,2022-07-01,121.77
G-NxK,N,UEXP,2022-10-01,124.64
G-NxK,N,UEXP,2023-01-01,112.52
G-NxK,N,UEXP,2023-04-01,96.88
G-NxK,N,UEXP,2023-07-01,91.39
G-NxK,N,UEXP,2023-10-01,97.63
G-NxK,N,UEXP,2024-01-01,87.06
G-NxK,N,UEXP,2024-04-01,91.34
G-NxK,N,UEXP,2024-07-01,86.35
G-NxK,N,UEXP,2024-10-01,89.6
G-NxK,N,UEXP,2025-01-01,89.93
G-NxK,N,UEXP,2025-04-01,83.76
G-NxK,N,UEXP,2025-07-01,85.89
G-NxK,N,UEXP,2025-10-01,91.19
G-NxK,N,UEXP,2026-01-01,88.41
G-NxK,N,UEXP,2026-04-01,99.07
G-NxK,N,UINL,2021-01-01,97.24
G-NxK,N,UINL,2021-04-01,98.17
G-NxK,N,UINL,2021-07-01,97.54
G-NxK,N,UINL,2021-10-01,107.05
G-NxK,N,UINL,2022-01-01,107.81
G-NxK,N,UINL,2022-04-01,108.75
G-NxK,N,UINL,2022-07-01,109.59
G-NxK,N,UINL,2022-10-01,119.08
G-NxK,N,UINL,2023-01-01,107.41
G-NxK,N,UINL,2023-04-01,107.91
G-NxK,N,UINL,2023-07-01,104.36
G-NxK,N,UINL,2023-10-01,114.41
G-NxK,N,UINL,2024-01-01,101.1
G-NxK,N,UINL,2024-04-01,105.31
G-NxK,N,UINL,2024-07-01,103.27
G-NxK,N,UINL,2024-10-01,112.3
G-NxK,N,UINL,2025-01-01,101.44
G-NxK,N,UINL,2025-04-01,105.56
G-NxK,N,UINL,2025-07-01,104.52
G-NxK,N,UINL,2025-10-01,112.04
G-NxK,N,UINL,2026-01-01,101.78
G-NxK,N,UINL,2026-04-01,108.59
G-NxK,N,UTOT,2021-01-01,98.38
G-NxK,N,UTOT,2021-04-01,99.88
G-NxK,N,UTOT,2021-07-01,97.28
G-NxK,N,UTOT,2021-10-01,104.47
G-NxK,N,UTOT,2022-01-01,111.39
G-NxK,N,UTOT,2022-04-01,114.5
G-NxK,N,UTOT,2022-07-01,113.79
G-NxK,N,UTOT,2022-10-01,120.69
G-NxK,N,UTOT,2023-01-01,108.68
G-NxK,N,UTOT,2023-04-01,103.01
G-NxK,N,UTOT,2023-07-01,99.44
G-NxK,N,UTOT,2023-10-01,108.09
G-NxK,N,UTOT,2024-01-01,96.44
G-NxK,N,UTOT,2024-04-01,100.69
G-NxK,N,UTOT,2024-07-01,97.37
G-NxK,N,UTOT,2024-10-01,104.21
G-NxK,N,UTOT,2025-01-01,97.79
G-NxK,N,UTOT,2025-04-01,97.41
G-NxK,N,UTOT,2025-07-01,98.24
G-NxK,N,UTOT,2025-10-01,105.48
G-NxK,N,UTOT,2026-01-01,97.99
G-NxK,N,UTOT,2026-04-01,105.94
G-NxK,W,UEXP,2021-01-01,102.5
G-NxK,W,UEXP,2021-04-01,100.72
G-NxK,W,UEXP,2021-07-01,97.21
G-NxK,W,UEXP,2021-10-01,99.56
G-NxK,W,UEXP,2022-01-01,120.89
G-NxK,W,UEXP,2022-04-01,123.31
G-NxK,W,UEXP,2022-07-01,122.46
G-NxK,W,UEXP,2022-10-01,125.6
G-NxK,W,UEXP,2023-01-01,111.48
G-NxK,W,UEXP,2023-04-01,97.82
G-NxK,W,UEXP,2023-07-01,92.56
G-NxK,W,UEXP,2023-10-01,99.07
G-NxK,W,UEXP,2024-01-01,89.19
G-NxK,W,UEXP,2024-04-01,91.64
G-NxK,W,UEXP,2024-07-01,86.82
G-NxK,W,UEXP,2024-10-01,90.31
G-NxK,W,UEXP,2025-01-01,90.3
G-NxK,W,UEXP,2025-04-01,84.59
G-NxK,W,UEXP,2025-07-01,86.37
G-NxK,W,UEXP,2025-10-01,91.86
G-NxK,W,UEXP,2026-01-01,88.73
G-NxK,W,UEXP,2026-04-01,99.99
G-NxK,W,UINL,2021-01-01,97.42
G-NxK,W,UINL,2021-04-01,98.64
G-NxK,W,UINL,2021-07-01,97.44
G-NxK,W,UINL,2021-10-01,106.5
G-NxK,W,UINL,2022-01-01,107.53
G-NxK,W,UINL,2022-04-01,109.26
G-NxK,W,UINL,2022-07-01,110.01
G-NxK,W,UINL,2022-10-01,119.67
G-NxK,W,UINL,2023-01-01,106.94
G-NxK,W,UINL,2023-04-01,108.58
G-NxK,W,UINL,2023-07-01,105.29
G-NxK,W,UINL,2023-10-01,115.63
G-NxK,W,UINL,2024-01-01,101.8
G-NxK,W,UINL,2024-04-01,105.52
G-NxK,W,UINL,2024-07-01,103.64
G-NxK,W,UINL,2024-10-01,112.9
G-NxK,W,UINL,2025-01-01,102.04
G-NxK,W,UINL,2025-04-01,106.28
G-NxK,W,UINL,2025-07-01,104.87
G-NxK,W,UINL,2025-10-01,112.61
G-NxK,W,UINL,2026-01-01,102.34
G-NxK,W,UINL,2026-04-01,109.27
G-NxK,W,UTOT,2021-01-01,98.52
G-NxK,W,UTOT,2021-04-01,100.35
G-NxK,W,UTOT,2021-07-01,97.19
G-NxK,W,UTOT,2021-10-01,103.94
G-NxK,W,UTOT,2022-01-01,111.04
G-NxK,W,UTOT,2022-04-01,115.05
G-NxK,W,UTOT,2022-07-01,114.23
G-NxK,W,UTOT,2022-10-01,121.32
G-NxK,W,UTOT,2023-01-01,108.15
G-NxK,W,UTOT,2023-04-01,103.66
G-NxK,W,UTOT,2023-07-01,100.34
G-NxK,W,UTOT,2023-10-01,109.26
G-NxK,W,UTOT,2024-01-01,97.35
G-NxK,W,UTOT,2024-04-01,100.91
G-NxK,W,UTOT,2024-07-01,97.73
G-NxK,W,UTOT,2024-10-01,104.8
G-NxK,W,UTOT,2025-01-01,98.31
G-NxK,W,UTOT,2025-04-01,98.09
G-NxK,W,UTOT,2025-07-01,98.59
G-NxK,W,UTOT,2025-10-01,106.01
G-NxK,W,UTOT,2026-01-01,98.48
G-NxK,W,UTOT,2026-04-01,106.62
G-NxK,Y,UEXP,2021-01-01,103.08
G-NxK,Y,UEXP,2021-04-01,102.62
G-NxK,Y,UEXP,2021-07-01,98.65
G-NxK,Y,UEXP,2021-10-01,95.66
G-NxK,Y,UEXP,2022-01-01,121.49
G-NxK,Y,UEXP,2022-04-01,125.57
G-NxK,Y,UEXP,2022-07-01,124.33
G-NxK,Y,UEXP,2022-10-01,120.73
G-NxK,Y,UEXP,2023-01-01,112.13
G-NxK,Y,UEXP,2023-04-01,99.67
G-NxK,Y,UEXP,2023-07-01,94
G-NxK,Y,UEXP,2023-10-01,95.23
G-NxK,Y,UEXP,2024-01-01,89.62
G-NxK,Y,UEXP,2024-04-01,93.3
G-NxK,Y,UEXP,2024-07-01,88.31
G-NxK,Y,UEXP,2024-10-01,86.85
G-NxK,Y,UEXP,2025-01-01,90.69
G-NxK,Y,UEXP,2025-04-01,86.06
G-NxK,Y,UEXP,2025-07-01,87.84
G-NxK,Y,UEXP,2025-10-01,88.41
G-NxK,Y,UEXP,2026-01-01,88.84
G-NxK,Y,UEXP,2026-04-01,101.76
G-NxK,Y,UINL,2021-01-01,100.86
G-NxK,Y,UINL,2021-04-01,99.93
G-NxK,Y,UINL,2021-07-01,99.51
G-NxK,Y,UINL,2021-10-01,99.7
G-NxK,Y,UINL,2022-01-01,111.46
G-NxK,Y,UINL,2022-04-01,110.6
G-NxK,Y,UINL,2022-07-01,112.33
G-NxK,Y,UINL,2022-10-01,112.06
G-NxK,Y,UINL,2023-01-01,111.01
G-NxK,Y,UINL,2023-04-01,109.74
G-NxK,Y,UINL,2023-07-01,107.44
G-NxK,Y,UINL,2023-10-01,108.33
G-NxK,Y,UINL,2024-01-01,105.85
G-NxK,Y,UINL,2024-04-01,106.46
G-NxK,Y,UINL,2024-07-01,105.74
G-NxK,Y,UINL,2024-10-01,105.97
G-NxK,Y,UINL,2025-01-01,106.2
G-NxK,Y,UINL,2025-04-01,107.03
G-NxK,Y,UINL,2025-07-01,106.95
G-NxK,Y,UINL,2025-10-01,105.82
G-NxK,Y,UINL,2026-01-01,106.35
G-NxK,Y,UINL,2026-04-01,109.94
G-NxK,Y,UTOT,2021-01-01,101.33
G-NxK,Y,UTOT,2021-04-01,101.68
G-NxK,Y,UTOT,2021-07-01,98.84
G-NxK,Y,UTOT,2021-10-01,98.15
G-NxK,Y,UTOT,2022-01-01,114.26
G-NxK,Y,UTOT,2022-04-01,116.51
G-NxK,Y,UTOT,2022-07-01,116.16
G-NxK,Y,UTOT,2022-10-01,114.61
G-NxK,Y,UTOT,2023-01-01,111.42
G-NxK,Y,UTOT,2023-04-01,104.9
G-NxK,Y,UTOT,2023-07-01,101.96
G-NxK,Y,UTOT,2023-10-01,103.28
G-NxK,Y,UTOT,2024-01-01,100.28
G-NxK,Y,UTOT,2024-04-01,102.01
G-NxK,Y,UTOT,2024-07-01,99.31
G-NxK,Y,UTOT,2024-10-01,99.2
G-NxK,Y,UTOT,2025-01-01,101.34
G-NxK,Y,UTOT,2025-04-01,99.02
G-NxK,Y,UTOT,2025-07-01,100.14
G-NxK,Y,UTOT,2025-10-01,100.49
G-NxK,Y,UTOT,2026-01-01,101.36
G-NxK,Y,UTOT,2026-04-01,107.59
H,N,UEXP,2021-01-01,89.18
H,N,UEXP,2021-04-01,103.26
H,N,UEXP,2021-07-01,108.92
H,N,UEXP,2021-10-01,98.65
H,N,UEXP,2022-01-01,125.69
H,N,UEXP,2022-04-01,155.55
H,N,UEXP,2022-07-01,172.26
H,N,UEXP,2022-10-01,161.76
H,N,UEXP,2023-01-01,154.18
H,N,UEXP,2023-04-01,173.06
H,N,UEXP,2023-07-01,165.44
H,N,UEXP,2023-10-01,166.73
H,N,UEXP,2024-01-01,129.25
H,N,UEXP,2024-04-01,157.39
H,N,UEXP,2024-07-01,158.41
H,N,UEXP,2024-10-01,148.6
H,N,UEXP,2025-01-01,130.57
H,N,UEXP,2025-04-01,147.05
H,N,UEXP,2025-07-01,148.02
H,N,UEXP,2025-10-01,140.72
H,N,UEXP,2026-01-01,119.96
H,N,UEXP,2026-04-01,149.74
H,N,UINL,2021-01-01,91.64
H,N,UINL,2021-04-01,100.3
H,N,UINL,2021-07-01,100.92
H,N,UINL,2021-10-01,107.14
H,N,UINL,2022-01-01,105.33
H,N,UINL,2022-04-01,117.06
H,N,UINL,2022-07-01,118.72
H,N,UINL,2022-10-01,125.26
H,N,UINL,2023-01-01,116.85
H,N,UINL,2023-04-01,113.76
H,N,UINL,2023-07-01,117.11
H,N,UINL,2023-10-01,117.05
H,N,UINL,2024-01-01,115.96
H,N,UINL,2024-04-01,119.8
H,N,UINL,2024-07-01,116.88
H,N,UINL,2024-10-01,120.44
H,N,UINL,2025-01-01,110.42
H,N,UINL,2025-04-01,114.6
H,N,UINL,2025-07-01,113.69
H,N,UINL,2025-10-01,113.56
H,N,UINL,2026-01-01,115.66
H,N,UINL,2026-04-01,120.36
H,N,UTOT,2021-01-01,92.11
H,N,UTOT,2021-04-01,101.11
H,N,UTOT,2021-07-01,101.86
H,N,UTOT,2021-10-01,104.92
H,N,UTOT,2022-01-01,108.79
H,N,UTOT,2022-04-01,122.33
H,N,UTOT,2022-07-01,125.4
H,N,UTOT,2022-10-01,128.64
H,N,UTOT,2023-01-01,122.6
H,N,UTOT,2023-04-01,121.64
H,N,UTOT,2023-07-01,122.73
H,N,UTOT,2023-10-01,123.08
H,N,UTOT,2024-01-01,117.32
H,N,UTOT,2024-04-01,124.44
H,N,UTOT,2024-07-01,121.44
H,N,UTOT,2024-10-01,123.11
H,N,UTOT,2025-01-01,112.82
H,N,UTOT,2025-04-01,118.51
H,N,UTOT,2025-07-01,116.81
H,N,UTOT,2025-10-01,115.99
H,N,UTOT,2026-01-01,115.54
H,N,UTOT,2026-04-01,123.87
H,W,UEXP,2021-01-01,88.66
H,W,UEXP,2021-04-01,103.72
H,W,UEXP,2021-07-01,109.05
H,W,UEXP,2021-10-01,98.58
H,W,UEXP,2022-01-01,124.55
H,W,UEXP,2022-04-01,156.22
H,W,UEXP,2022-07-01,172.99
H,W,UEXP,2022-10-01,162.62
H,W,UEXP,2023-01-01,152.62
H,W,UEXP,2023-04-01,173.95
H,W,UEXP,2023-07-01,166.66
H,W,UEXP,2023-10-01,168.07
H,W,UEXP,2024-01-01,133.74
H,W,UEXP,2024-04-01,157.96
H,W,UEXP,2024-07-01,159.03
H,W,UEXP,2024-10-01,149.3
H,W,UEXP,2025-01-01,130.12
H,W,UEXP,2025-04-01,147.95
H,W,UEXP,2025-07-01,148.58
H,W,UEXP,2025-10-01,141.35
H,W,UEXP,2026-01-01,119.52
H,W,UEXP,2026-04-01,150.6
H,W,UINL,2021-01-01,92.12
H,W,UINL,2021-04-01,100.38
H,W,UINL,2021-07-01,100.73
H,W,UINL,2021-10-01,106.76
H,W,UINL,2022-01-01,105.67
H,W,UINL,2022-04-01,117.15
H,W,UINL,2022-07-01,118.76
H,W,UINL,2022-10-01,125.39
H,W,UINL,2023-01-01,117.12
H,W,UINL,2023-04-01,113.9
H,W,UINL,2023-07-01,117.42
H,W,UINL,2023-10-01,117.44
H,W,UINL,2024-01-01,114.12
H,W,UINL,2024-04-01,119.77
H,W,UINL,2024-07-01,116.92
H,W,UINL,2024-10-01,120.57
H,W,UINL,2025-01-01,111.19
H,W,UINL,2025-04-01,114.81
H,W,UINL,2025-07-01,113.7
H,W,UINL,2025-10-01,113.66
H,W,UINL,2026-01-01,116.45
H,W,UINL,2026-04-01,120.53
H,W,UTOT,2021-01-01,92.47
H,W,UTOT,2021-04-01,101.26
H,W,UTOT,2021-07-01,101.71
H,W,UTOT,2021-10-01,104.56
H,W,UTOT,2022-01-01,108.95
H,W,UTOT,2022-04-01,122.5
H,W,UTOT,2022-07-01,125.53
H,W,UTOT,2022-10-01,128.88
H,W,UTOT,2023-01-01,122.66
H,W,UTOT,2023-04-01,121.89
H,W,UTOT,2023-07-01,123.18
H,W,UTOT,2023-10-01,123.62
H,W,UTOT,2024-01-01,116.23
H,W,UTOT,2024-04-01,124.48
H,W,UTOT,2024-07-01,121.56
H,W,UTOT,2024-10-01,123.33
H,W,UTOT,2025-01-01,113.48
H,W,UTOT,2025-04-01,118.83
H,W,UTOT,2025-07-01,116.9
H,W,UTOT,2025-10-01,116.17
H,W,UTOT,2026-01-01,116.2
H,W,UTOT,2026-04-01,124.16
H,Y,UEXP,2021-01-01,98.96
H,Y,UEXP,2021-04-01,101.14
H,Y,UEXP,2021-07-01,102.21
H,Y,UEXP,2021-10-01,97.7
H,Y,UEXP,2022-01-01,138.94
H,Y,UEXP,2022-04-01,152.19
H,Y,UEXP,2022-07-01,162.36
H,Y,UEXP,2022-10-01,160.99
H,Y,UEXP,2023-01-01,170.63
H,Y,UEXP,2023-04-01,169.61
H,Y,UEXP,2023-07-01,156.67
H,Y,UEXP,2023-10-01,165.92
H,Y,UEXP,2024-01-01,151
H,Y,UEXP,2024-04-01,153.34
H,Y,UEXP,2024-07-01,149.79
H,Y,UEXP,2024-10-01,146.91
H,Y,UEXP,2025-01-01,146.54
H,Y,UEXP,2025-04-01,143.87
H,Y,UEXP,2025-07-01,140.13
H,Y,UEXP,2025-10-01,138.71
H,Y,UEXP,2026-01-01,134.71
H,Y,UEXP,2026-04-01,146.29
H,Y,UINL,2021-01-01,96.2
H,Y,UINL,2021-04-01,99.2
H,Y,UINL,2021-07-01,100.16
H,Y,UINL,2021-10-01,104.44
H,Y,UINL,2022-01-01,110.29
H,Y,UINL,2022-04-01,115.72
H,Y,UINL,2022-07-01,118.08
H,Y,UINL,2022-10-01,122.72
H,Y,UINL,2023-01-01,122.24
H,Y,UINL,2023-04-01,112.42
H,Y,UINL,2023-07-01,116.67
H,Y,UINL,2023-10-01,115.11
H,Y,UINL,2024-01-01,119.03
H,Y,UINL,2024-04-01,118.28
H,Y,UINL,2024-07-01,116.08
H,Y,UINL,2024-10-01,118.38
H,Y,UINL,2025-01-01,115.92
H,Y,UINL,2025-04-01,113.39
H,Y,UINL,2025-07-01,112.74
H,Y,UINL,2025-10-01,111.77
H,Y,UINL,2026-01-01,121.33
H,Y,UINL,2026-04-01,118.99
H,Y,UTOT,2021-01-01,97.38
H,Y,UTOT,2021-04-01,99.46
H,Y,UTOT,2021-07-01,100.53
H,Y,UTOT,2021-10-01,102.63
H,Y,UTOT,2022-01-01,114.72
H,Y,UTOT,2022-04-01,120.25
H,Y,UTOT,2022-07-01,124.1
H,Y,UTOT,2022-10-01,126.45
H,Y,UTOT,2023-01-01,129.26
H,Y,UTOT,2023-04-01,119.54
H,Y,UTOT,2023-07-01,121.78
H,Y,UTOT,2023-10-01,121.26
H,Y,UTOT,2024-01-01,122.61
H,Y,UTOT,2024-04-01,122.11
H,Y,UTOT,2024-07-01,120.18
H,Y,UTOT,2024-10-01,120.95
H,Y,UTOT,2025-01-01,119.78
H,Y,UTOT,2025-04-01,116.6
H,Y,UTOT,2025-07-01,115.54
H,Y,UTOT,2025-10-01,113.88
H,Y,UTOT,2026-01-01,122.69
H,Y,UTOT,2026-04-01,121.76
I,N,UINL,2021-01-01,85.88
I,N,UINL,2021-04-01,99.98
I,N,UINL,2021-07-01,116.13
I,N,UINL,2021-10-01,98
I,N,UINL,2022-01-01,117.39
I,N,UINL,2022-04-01,140.09
I,N,UINL,2022-07-01,161.13
I,N,UINL,2022-10-01,140.1
I,N,UINL,2023-01-01,141.31
I,N,UINL,2023-04-01,153.47
I,N,UINL,2023-07-01,173.33
I,N,UINL,2023-10-01,146.34
I,N,UINL,2024-01-01,147.23
I,N,UINL,2024-04-01,157.63
I,N,UINL,2024-07-01,172.78
I,N,UINL,2024-10-01,148
I,N,UINL,2025-01-01,147.2
I,N,UINL,2025-04-01,157.87
I,N,UINL,2025-07-01,178.14
I,N,UINL,2025-10-01,151.79
I,N,UINL,2026-01-01,147.46
I,N,UINL,2026-04-01,158.45
I,N,UTOT,2021-01-01,85.88
I,N,UTOT,2021-04-01,99.98
I,N,UTOT,2021-07-01,116.13
I,N,UTOT,2021-10-01,98
I,N,UTOT,2022-01-01,117.39
I,N,UTOT,2022-04-01,140.09
I,N,UTOT,2022-07-01,161.13
I,N,UTOT,2022-10-01,140.1
I,N,UTOT,2023-01-01,141.31
I,N,UTOT,2023-04-01,153.47
I,N,UTOT,2023-07-01,173.33
I,N,UTOT,2023-10-01,146.34
I,N,UTOT,2024-01-01,147.23
I,N,UTOT,2024-04-01,157.63
I,N,UTOT,2024-07-01,172.78
I,N,UTOT,2024-10-01,148
I,N,UTOT,2025-01-01,147.2
I,N,UTOT,2025-04-01,157.87
I,N,UTOT,2025-07-01,178.14
I,N,UTOT,2025-10-01,151.79
I,N,UTOT,2026-01-01,147.46
I,N,UTOT,2026-04-01,158.45
I,W,UINL,2021-01-01,86.13
I,W,UINL,2021-04-01,100.27
I,W,UINL,2021-07-01,116.06
I,W,UINL,2021-10-01,97.54
I,W,UINL,2022-01-01,118.32
I,W,UINL,2022-04-01,140.06
I,W,UINL,2022-07-01,160.65
I,W,UINL,2022-10-01,139.43
I,W,UINL,2023-01-01,141.7
I,W,UINL,2023-04-01,153.41
I,W,UINL,2023-07-01,172.82
I,W,UINL,2023-10-01,146.66
I,W,UINL,2024-01-01,145.59
I,W,UINL,2024-04-01,157.98
I,W,UINL,2024-07-01,172.19
I,W,UINL,2024-10-01,147.9
I,W,UINL,2025-01-01,147.29
I,W,UINL,2025-04-01,157.73
I,W,UINL,2025-07-01,179.07
I,W,UINL,2025-10-01,152
I,W,UINL,2026-01-01,147.9
I,W,UINL,2026-04-01,158.59
I,W,UTOT,2021-01-01,86.13
I,W,UTOT,2021-04-01,100.27
I,W,UTOT,2021-07-01,116.06
I,W,UTOT,2021-10-01,97.54
I,W,UTOT,2022-01-01,118.32
I,W,UTOT,2022-04-01,140.06
I,W,UTOT,2022-07-01,160.65
I,W,UTOT,2022-10-01,139.43
I,W,UTOT,2023-01-01,141.7
I,W,UTOT,2023-04-01,153.41
I,W,UTOT,2023-07-01,172.82
I,W,UTOT,2023-10-01,146.66
I,W,UTOT,2024-01-01,145.59
I,W,UTOT,2024-04-01,157.98
I,W,UTOT,2024-07-01,172.19
I,W,UTOT,2024-10-01,147.9
I,W,UTOT,2025-01-01,147.29
I,W,UTOT,2025-04-01,157.73
I,W,UTOT,2025-07-01,179.07
I,W,UTOT,2025-10-01,152
I,W,UTOT,2026-01-01,147.9
I,W,UTOT,2026-04-01,158.59
I,Y,UINL,2021-01-01,92.19
I,Y,UINL,2021-04-01,99.07
I,Y,UINL,2021-07-01,104.05
I,Y,UINL,2021-10-01,104.7
I,Y,UINL,2022-01-01,126.5
I,Y,UINL,2022-04-01,138.37
I,Y,UINL,2022-07-01,144.1
I,Y,UINL,2022-10-01,149.53
I,Y,UINL,2023-01-01,152.02
I,Y,UINL,2023-04-01,151.99
I,Y,UINL,2023-07-01,155.07
I,Y,UINL,2023-10-01,156.8
I,Y,UINL,2024-01-01,156.28
I,Y,UINL,2024-04-01,156.98
I,Y,UINL,2024-07-01,154.43
I,Y,UINL,2024-10-01,157.59
I,Y,UINL,2025-01-01,158.2
I,Y,UINL,2025-04-01,156.95
I,Y,UINL,2025-07-01,160.56
I,Y,UINL,2025-10-01,161.51
I,Y,UINL,2026-01-01,159
I,Y,UINL,2026-04-01,158.15
I,Y,UTOT,2021-01-01,92.19
I,Y,UTOT,2021-04-01,99.07
I,Y,UTOT,2021-07-01,104.05
I,Y,UTOT,2021-10-01,104.7
I,Y,UTOT,2022-01-01,126.5
I,Y,UTOT,2022-04-01,138.37
I,Y,UTOT,2022-07-01,144.1
I,Y,UTOT,2022-10-01,149.53
I,Y,UTOT,2023-01-01,152.02
I,Y,UTOT,2023-04-01,151.99
I,Y,UTOT,2023-07-01,155.07
I,Y,UTOT,2023-10-01,156.8
I,Y,UTOT,2024-01-01,156.28
I,Y,UTOT,2024-04-01,156.98
I,Y,UTOT,2024-07-01,154.43
I,Y,UTOT,2024-10-01,157.59
I,Y,UTOT,2025-01-01,158.2
I,Y,UTOT,2025-04-01,156.95
I,Y,UTOT,2025-07-01,160.56
I,Y,UTOT,2025-10-01,161.51
I,Y,UTOT,2026-01-01,159
I,Y,UTOT,2026-04-01,158.15
J,N,UEXP,2021-01-01,98.44
J,N,UEXP,2021-04-01,99.62
J,N,UEXP,2021-07-01,97.64
J,N,UEXP,2021-10-01,104.3
J,N,UEXP,2022-01-01,110.32
J,N,UEXP,2022-04-01,113.99
J,N,UEXP,2022-07-01,112.45
J,N,UEXP,2022-10-01,119.58
J,N,UEXP,2023-01-01,113.22
J,N,UEXP,2023-04-01,114.82
J,N,UEXP,2023-07-01,111.3
J,N,UEXP,2023-10-01,113.85
J,N,UEXP,2024-01-01,117.2
J,N,UEXP,2024-04-01,112.54
J,N,UEXP,2024-07-01,117.42
J,N,UEXP,2024-10-01,133.16
J,N,UEXP,2025-01-01,113.5
J,N,UEXP,2025-04-01,118.82
J,N,UEXP,2025-07-01,115.39
J,N,UEXP,2025-10-01,133.21
J,N,UEXP,2026-01-01,134.31
J,N,UEXP,2026-04-01,127.7
J,N,UINL,2021-01-01,101.13
J,N,UINL,2021-04-01,98.15
J,N,UINL,2021-07-01,94.79
J,N,UINL,2021-10-01,105.93
J,N,UINL,2022-01-01,107.06
J,N,UINL,2022-04-01,104.72
J,N,UINL,2022-07-01,102.13
J,N,UINL,2022-10-01,113.74
J,N,UINL,2023-01-01,108.89
J,N,UINL,2023-04-01,107.47
J,N,UINL,2023-07-01,103.63
J,N,UINL,2023-10-01,118.37
J,N,UINL,2024-01-01,113.24
J,N,UINL,2024-04-01,107.5
J,N,UINL,2024-07-01,105.81
J,N,UINL,2024-10-01,115.87
J,N,UINL,2025-01-01,111.93
J,N,UINL,2025-04-01,109.77
J,N,UINL,2025-07-01,107.83
J,N,UINL,2025-10-01,119.85
J,N,UINL,2026-01-01,114.4
J,N,UINL,2026-04-01,112.12
J,N,UTOT,2021-01-01,100.3
J,N,UTOT,2021-04-01,98.56
J,N,UTOT,2021-07-01,95.73
J,N,UTOT,2021-10-01,105.42
J,N,UTOT,2022-01-01,108.53
J,N,UTOT,2022-04-01,107.59
J,N,UTOT,2022-07-01,105.59
J,N,UTOT,2022-10-01,115.75
J,N,UTOT,2023-01-01,110.45
J,N,UTOT,2023-04-01,109.84
J,N,UTOT,2023-07-01,105.1
J,N,UTOT,2023-10-01,117.02
J,N,UTOT,2024-01-01,113.82
J,N,UTOT,2024-04-01,108.43
J,N,UTOT,2024-07-01,108.2
J,N,UTOT,2024-10-01,119.71
J,N,UTOT,2025-01-01,113.35
J,N,UTOT,2025-04-01,111.78
J,N,UTOT,2025-07-01,109.5
J,N,UTOT,2025-10-01,122.1
J,N,UTOT,2026-01-01,120.47
J,N,UTOT,2026-04-01,116.92
J,W,UEXP,2021-01-01,98.96
J,W,UEXP,2021-04-01,100.03
J,W,UEXP,2021-07-01,97.54
J,W,UEXP,2021-10-01,103.47
J,W,UEXP,2022-01-01,110.36
J,W,UEXP,2022-04-01,114.55
J,W,UEXP,2022-07-01,112.86
J,W,UEXP,2022-10-01,120.13
J,W,UEXP,2023-01-01,112.99
J,W,UEXP,2023-04-01,115.5
J,W,UEXP,2023-07-01,112.16
J,W,UEXP,2023-10-01,115.4
J,W,UEXP,2024-01-01,117.45
J,W,UEXP,2024-04-01,112.87
J,W,UEXP,2024-07-01,118
J,W,UEXP,2024-10-01,134.1
J,W,UEXP,2025-01-01,114.56
J,W,UEXP,2025-04-01,119.8
J,W,UEXP,2025-07-01,115.69
J,W,UEXP,2025-10-01,133.97
J,W,UEXP,2026-01-01,135.37
J,W,UEXP,2026-04-01,128.46
J,W,UINL,2021-01-01,101.28
J,W,UINL,2021-04-01,98.18
J,W,UINL,2021-07-01,94.74
J,W,UINL,2021-10-01,105.8
J,W,UINL,2022-01-01,107.14
J,W,UINL,2022-04-01,104.75
J,W,UINL,2022-07-01,102.15
J,W,UINL,2022-10-01,113.77
J,W,UINL,2023-01-01,108.95
J,W,UINL,2023-04-01,107.52
J,W,UINL,2023-07-01,103.72
J,W,UINL,2023-10-01,118.52
J,W,UINL,2024-01-01,112.81
J,W,UINL,2024-04-01,107.5
J,W,UINL,2024-07-01,105.83
J,W,UINL,2024-10-01,115.92
J,W,UINL,2025-01-01,112.14
J,W,UINL,2025-04-01,109.85
J,W,UINL,2025-07-01,107.85
J,W,UINL,2025-10-01,119.9
J,W,UINL,2026-01-01,114.61
J,W,UINL,2026-04-01,112.17
J,W,UTOT,2021-01-01,100.49
J,W,UTOT,2021-04-01,98.77
J,W,UTOT,2021-07-01,95.68
J,W,UTOT,2021-10-01,105.07
J,W,UTOT,2022-01-01,108.47
J,W,UTOT,2022-04-01,107.84
J,W,UTOT,2022-07-01,105.78
J,W,UTOT,2022-10-01,116
J,W,UTOT,2023-01-01,110.28
J,W,UTOT,2023-04-01,110.15
J,W,UTOT,2023-07-01,105.53
J,W,UTOT,2023-10-01,117.66
J,W,UTOT,2024-01-01,114.04
J,W,UTOT,2024-04-01,108.55
J,W,UTOT,2024-07-01,108.38
J,W,UTOT,2024-10-01,120.04
J,W,UTOT,2025-01-01,113.7
J,W,UTOT,2025-04-01,112.17
J,W,UTOT,2025-07-01,109.67
J,W,UTOT,2025-10-01,122.4
J,W,UTOT,2026-01-01,120.86
J,W,UTOT,2026-04-01,117.24
J,Y,UEXP,2021-01-01,100.32
J,Y,UEXP,2021-04-01,100.29
J,Y,UEXP,2021-07-01,98.86
J,Y,UEXP,2021-10-01,100.53
J,Y,UEXP,2022-01-01,111.74
J,Y,UEXP,2022-04-01,115.22
J,Y,UEXP,2022-07-01,114.14
J,Y,UEXP,2022-10-01,116.6
J,Y,UEXP,2023-01-01,113.95
J,Y,UEXP,2023-04-01,117.28
J,Y,UEXP,2023-07-01,111.92
J,Y,UEXP,2023-10-01,111.12
J,Y,UEXP,2024-01-01,118.24
J,Y,UEXP,2024-04-01,116.16
J,Y,UEXP,2024-07-01,117.95
J,Y,UEXP,2024-10-01,131.72
J,Y,UEXP,2025-01-01,114.29
J,Y,UEXP,2025-04-01,123.54
J,Y,UEXP,2025-07-01,115.57
J,Y,UEXP,2025-10-01,131.06
J,Y,UEXP,2026-01-01,135.46
J,Y,UEXP,2026-04-01,133.12
J,Y,UINL,2021-01-01,100.24
J,Y,UINL,2021-04-01,99.75
J,Y,UINL,2021-07-01,100.15
J,Y,UINL,2021-10-01,99.87
J,Y,UINL,2022-01-01,105.93
J,Y,UINL,2022-04-01,106.57
J,Y,UINL,2022-07-01,107.94
J,Y,UINL,2022-10-01,107.36
J,Y,UINL,2023-01-01,107.83
J,Y,UINL,2023-04-01,109.31
J,Y,UINL,2023-07-01,109.43
J,Y,UINL,2023-10-01,111.82
J,Y,UINL,2024-01-01,111.5
J,Y,UINL,2024-04-01,109.44
J,Y,UINL,2024-07-01,111.38
J,Y,UINL,2024-10-01,109.63
J,Y,UINL,2025-01-01,110.8
J,Y,UINL,2025-04-01,111.94
J,Y,UINL,2025-07-01,113.43
J,Y,UINL,2025-10-01,113.41
J,Y,UINL,2026-01-01,113.16
J,Y,UINL,2026-04-01,114.45
J,Y,UTOT,2021-01-01,100.44
J,Y,UTOT,2021-04-01,100.35
J,Y,UTOT,2021-07-01,99.79
J,Y,UTOT,2021-10-01,99.42
J,Y,UTOT,2022-01-01,108.29
J,Y,UTOT,2022-04-01,109.74
J,Y,UTOT,2022-07-01,110.35
J,Y,UTOT,2022-10-01,109.67
J,Y,UTOT,2023-01-01,109.96
J,Y,UTOT,2023-04-01,112.24
J,Y,UTOT,2023-07-01,110.14
J,Y,UTOT,2023-10-01,111.18
J,Y,UTOT,2024-01-01,113.31
J,Y,UTOT,2024-04-01,110.92
J,Y,UTOT,2024-07-01,113.07
J,Y,UTOT,2024-10-01,113.8
J,Y,UTOT,2025-01-01,112.6
J,Y,UTOT,2025-04-01,114.84
J,Y,UTOT,2025-07-01,114.45
J,Y,UTOT,2025-10-01,116.06
J,Y,UTOT,2026-01-01,119.43
J,Y,UTOT,2026-04-01,120.34
L,N,UINL,2021-01-01,100.38
L,N,UINL,2021-04-01,99.3
L,N,UINL,2021-07-01,98.98
L,N,UINL,2021-10-01,101.34
L,N,UINL,2022-01-01,95.87
L,N,UINL,2022-04-01,96.23
L,N,UINL,2022-07-01,95.66
L,N,UINL,2022-10-01,98.25
L,N,UINL,2023-01-01,90.94
L,N,UINL,2023-04-01,97.07
L,N,UINL,2023-07-01,93.72
L,N,UINL,2023-10-01,99.87
L,N,UINL,2024-01-01,87.6
L,N,UINL,2024-04-01,96.28
L,N,UINL,2024-07-01,94.49
L,N,UINL,2024-10-01,104.17
L,N,UINL,2025-01-01,97.66
L,N,UINL,2025-04-01,102.48
L,N,UINL,2025-07-01,107.6
L,N,UINL,2025-10-01,109.94
L,N,UINL,2026-01-01,102.83
L,N,UINL,2026-04-01,107.29
L,N,UTOT,2021-01-01,100.38
L,N,UTOT,2021-04-01,99.3
L,N,UTOT,2021-07-01,98.98
L,N,UTOT,2021-10-01,101.34
L,N,UTOT,2022-01-01,95.87
L,N,UTOT,2022-04-01,96.23
L,N,UTOT,2022-07-01,95.66
L,N,UTOT,2022-10-01,98.25
L,N,UTOT,2023-01-01,90.94
L,N,UTOT,2023-04-01,97.07
L,N,UTOT,2023-07-01,93.72
L,N,UTOT,2023-10-01,99.87
L,N,UTOT,2024-01-01,87.6
L,N,UTOT,2024-04-01,96.28
L,N,UTOT,2024-07-01,94.49
L,N,UTOT,2024-10-01,104.17
L,N,UTOT,2025-01-01,97.66
L,N,UTOT,2025-04-01,102.48
L,N,UTOT,2025-07-01,107.6
L,N,UTOT,2025-10-01,109.94
L,N,UTOT,2026-01-01,102.83
L,N,UTOT,2026-04-01,107.29
L,W,UINL,2021-01-01,100.18
L,W,UINL,2021-04-01,99.53
L,W,UINL,2021-07-01,99.04
L,W,UINL,2021-10-01,101.25
L,W,UINL,2022-01-01,95.54
L,W,UINL,2022-04-01,96.45
L,W,UINL,2022-07-01,95.86
L,W,UINL,2022-10-01,98.47
L,W,UINL,2023-01-01,90.58
L,W,UINL,2023-04-01,97.33
L,W,UINL,2023-07-01,94.06
L,W,UINL,2023-10-01,100.29
L,W,UINL,2024-01-01,88.89
L,W,UINL,2024-04-01,96.44
L,W,UINL,2024-07-01,94.67
L,W,UINL,2024-10-01,104.43
L,W,UINL,2025-01-01,97.55
L,W,UINL,2025-04-01,102.79
L,W,UINL,2025-07-01,107.84
L,W,UINL,2025-10-01,110.18
L,W,UINL,2026-01-01,102.72
L,W,UINL,2026-04-01,107.57
L,W,UTOT,2021-01-01,100.18
L,W,UTOT,2021-04-01,99.53
L,W,UTOT,2021-07-01,99.04
L,W,UTOT,2021-10-01,101.25
L,W,UTOT,2022-01-01,95.54
L,W,UTOT,2022-04-01,96.45
L,W,UTOT,2022-07-01,95.86
L,W,UTOT,2022-10-01,98.47
L,W,UTOT,2023-01-01,90.58
L,W,UTOT,2023-04-01,97.33
L,W,UTOT,2023-07-01,94.06
L,W,UTOT,2023-10-01,100.29
L,W,UTOT,2024-01-01,88.89
L,W,UTOT,2024-04-01,96.44
L,W,UTOT,2024-07-01,94.67
L,W,UTOT,2024-10-01,104.43
L,W,UTOT,2025-01-01,97.55
L,W,UTOT,2025-04-01,102.79
L,W,UTOT,2025-07-01,107.84
L,W,UTOT,2025-10-01,110.18
L,W,UTOT,2026-01-01,102.72
L,W,UTOT,2026-04-01,107.57
L,Y,UINL,2021-01-01,104.43
L,Y,UINL,2021-04-01,98.97
L,Y,UINL,2021-07-01,99.62
L,Y,UINL,2021-10-01,96.98
L,Y,UINL,2022-01-01,99.5
L,Y,UINL,2022-04-01,95.9
L,Y,UINL,2022-07-01,96.56
L,Y,UINL,2022-10-01,94.19
L,Y,UINL,2023-01-01,94.42
L,Y,UINL,2023-04-01,96.67
L,Y,UINL,2023-07-01,95.04
L,Y,UINL,2023-10-01,95.72
L,Y,UINL,2024-01-01,92.67
L,Y,UINL,2024-04-01,95.62
L,Y,UINL,2024-07-01,96.09
L,Y,UINL,2024-10-01,99.92
L,Y,UINL,2025-01-01,101.42
L,Y,UINL,2025-04-01,101.66
L,Y,UINL,2025-07-01,110.22
L,Y,UINL,2025-10-01,105.25
L,Y,UINL,2026-01-01,106.5
L,Y,UINL,2026-04-01,106.46
L,Y,UTOT,2021-01-01,104.43
L,Y,UTOT,2021-04-01,98.97
L,Y,UTOT,2021-07-01,99.62
L,Y,UTOT,2021-10-01,96.98
L,Y,UTOT,2022-01-01,99.5
L,Y,UTOT,2022-04-01,95.9
L,Y,UTOT,2022-07-01,96.56
L,Y,UTOT,2022-10-01,94.19
L,Y,UTOT,2023-01-01,94.42
L,Y,UTOT,2023-04-01,96.67
L,Y,UTOT,2023-07-01,95.04
L,Y,UTOT,2023-10-01,95.72
L,Y,UTOT,2024-01-01,92.67
L,Y,UTOT,2024-04-01,95.62
L,Y,UTOT,2024-07-01,96.09
L,Y,UTOT,2024-10-01,99.92
L,Y,UTOT,2025-01-01,101.42
L,Y,UTOT,2025-04-01,101.66
L,Y,UTOT,2025-07-01,110.22
L,Y,UTOT,2025-10-01,105.25
L,Y,UTOT,2026-01-01,106.5
L,Y,UTOT,2026-04-01,106.46
M,N,UEXP,2021-01-01,96.64
M,N,UEXP,2021-04-01,99.87
M,N,UEXP,2021-07-01,98.22
M,N,UEXP,2021-10-01,105.27
M,N,UEXP,2022-01-01,108.07
M,N,UEXP,2022-04-01,110.71
M,N,UEXP,2022-07-01,109.57
M,N,UEXP,2022-10-01,118.24
M,N,UEXP,2023-01-01,106.25
M,N,UEXP,2023-04-01,110.46
M,N,UEXP,2023-07-01,107.79
M,N,UEXP,2023-10-01,115.6
M,N,UEXP,2024-01-01,110.31
M,N,UEXP,2024-04-01,125.68
M,N,UEXP,2024-07-01,114.71
M,N,UEXP,2024-10-01,125.46
M,N,UEXP,2025-01-01,115.07
M,N,UEXP,2025-04-01,109.37
M,N,UEXP,2025-07-01,104.6
M,N,UEXP,2025-10-01,113.14
M,N,UEXP,2026-01-01,109.61
M,N,UEXP,2026-04-01,104.47
M,N,UINL,2021-01-01,92.06
M,N,UINL,2021-04-01,94.79
M,N,UINL,2021-07-01,93.15
M,N,UINL,2021-10-01,120.01
M,N,UINL,2022-01-01,95.96
M,N,UINL,2022-04-01,100.1
M,N,UINL,2022-07-01,98.55
M,N,UINL,2022-10-01,126.96
M,N,UINL,2023-01-01,96.35
M,N,UINL,2023-04-01,102.13
M,N,UINL,2023-07-01,99.82
M,N,UINL,2023-10-01,130.45
M,N,UINL,2024-01-01,100.91
M,N,UINL,2024-04-01,102.68
M,N,UINL,2024-07-01,102.46
M,N,UINL,2024-10-01,124.48
M,N,UINL,2025-01-01,99.92
M,N,UINL,2025-04-01,101.16
M,N,UINL,2025-07-01,106.18
M,N,UINL,2025-10-01,125.39
M,N,UINL,2026-01-01,100.86
M,N,UINL,2026-04-01,105.62
M,N,UTOT,2021-01-01,93.23
M,N,UTOT,2021-04-01,96.3
M,N,UTOT,2021-07-01,94.24
M,N,UTOT,2021-10-01,116.24
M,N,UTOT,2022-01-01,98.87
M,N,UTOT,2022-04-01,102.76
M,N,UTOT,2022-07-01,100.9
M,N,UTOT,2022-10-01,124.48
M,N,UTOT,2023-01-01,99.04
M,N,UTOT,2023-04-01,104.25
M,N,UTOT,2023-07-01,101.53
M,N,UTOT,2023-10-01,126.47
M,N,UTOT,2024-01-01,102.95
M,N,UTOT,2024-04-01,107.84
M,N,UTOT,2024-07-01,104.91
M,N,UTOT,2024-10-01,124.44
M,N,UTOT,2025-01-01,103.66
M,N,UTOT,2025-04-01,102.55
M,N,UTOT,2025-07-01,104.77
M,N,UTOT,2025-10-01,122.34
M,N,UTOT,2026-01-01,102.83
M,N,UTOT,2026-04-01,104.69
M,W,UEXP,2021-01-01,96.5
M,W,UEXP,2021-04-01,100.16
M,W,UEXP,2021-07-01,98.28
M,W,UEXP,2021-10-01,105.05
M,W,UEXP,2022-01-01,107.72
M,W,UEXP,2022-04-01,111.07
M,W,UEXP,2022-07-01,109.85
M,W,UEXP,2022-10-01,118.62
M,W,UEXP,2023-01-01,105.81
M,W,UEXP,2023-04-01,110.86
M,W,UEXP,2023-07-01,108.37
M,W,UEXP,2023-10-01,116.39
M,W,UEXP,2024-01-01,111.94
M,W,UEXP,2024-04-01,126.04
M,W,UEXP,2024-07-01,115.07
M,W,UEXP,2024-10-01,125.97
M,W,UEXP,2025-01-01,115.22
M,W,UEXP,2025-04-01,109.91
M,W,UEXP,2025-07-01,104.89
M,W,UEXP,2025-10-01,113.52
M,W,UEXP,2026-01-01,109.69
M,W,UEXP,2026-04-01,104.71
M,W,UINL,2021-01-01,92.36
M,W,UINL,2021-04-01,95.65
M,W,UINL,2021-07-01,93.21
M,W,UINL,2021-10-01,118.78
M,W,UINL,2022-01-01,95.57
M,W,UINL,2022-04-01,101.08
M,W,UINL,2022-07-01,99.42
M,W,UINL,2022-10-01,128.09
M,W,UINL,2023-01-01,95.69
M,W,UINL,2023-04-01,103.32
M,W,UINL,2023-07-01,101.45
M,W,UINL,2023-10-01,133.28
M,W,UINL,2024-01-01,102.84
M,W,UINL,2024-04-01,103.26
M,W,UINL,2024-07-01,103.25
M,W,UINL,2024-10-01,125.93
M,W,UINL,2025-01-01,100.97
M,W,UINL,2025-04-01,102.52
M,W,UINL,2025-07-01,106.86
M,W,UINL,2025-10-01,126.61
M,W,UINL,2026-01-01,101.79
M,W,UINL,2026-04-01,106.83
M,W,UTOT,2021-01-01,93.39
M,W,UTOT,2021-04-01,97.02
M,W,UTOT,2021-07-01,94.3
M,W,UTOT,2021-10-01,115.3
M,W,UTOT,2022-01-01,98.46
M,W,UTOT,2022-04-01,103.6
M,W,UTOT,2022-07-01,101.61
M,W,UTOT,2022-10-01,125.42
M,W,UTOT,2023-01-01,98.39
M,W,UTOT,2023-04-01,105.24
M,W,UTOT,2023-07-01,102.93
M,W,UTOT,2023-10-01,128.77
M,W,UTOT,2024-01-01,104.95
M,W,UTOT,2024-04-01,108.42
M,W,UTOT,2024-07-01,105.63
M,W,UTOT,2024-10-01,125.68
M,W,UTOT,2025-01-01,104.5
M,W,UTOT,2025-04-01,103.77
M,W,UTOT,2025-07-01,105.37
M,W,UTOT,2025-10-01,123.35
M,W,UTOT,2026-01-01,103.54
M,W,UTOT,2026-04-01,105.56
M,Y,UEXP,2021-01-01,99.73
M,Y,UEXP,2021-04-01,98.33
M,Y,UEXP,2021-07-01,100.78
M,Y,UEXP,2021-10-01,101.16
M,Y,UEXP,2022-01-01,111.37
M,Y,UEXP,2022-04-01,108.84
M,Y,UEXP,2022-07-01,112.78
M,Y,UEXP,2022-10-01,114.1
M,Y,UEXP,2023-01-01,108.91
M,Y,UEXP,2023-04-01,108.76
M,Y,UEXP,2023-07-01,112.11
M,Y,UEXP,2023-10-01,111.78
M,Y,UEXP,2024-01-01,115.32
M,Y,UEXP,2024-04-01,122.99
M,Y,UEXP,2024-07-01,119.48
M,Y,UEXP,2024-10-01,121.7
M,Y,UEXP,2025-01-01,118.26
M,Y,UEXP,2025-04-01,106.81
M,Y,UEXP,2025-07-01,108.83
M,Y,UEXP,2025-10-01,109.15
M,Y,UEXP,2026-01-01,112.2
M,Y,UEXP,2026-04-01,100.64
M,Y,UINL,2021-01-01,100.92
M,Y,UINL,2021-04-01,100.24
M,Y,UINL,2021-07-01,98.8
M,Y,UINL,2021-10-01,100.04
M,Y,UINL,2022-01-01,104.28
M,Y,UINL,2022-04-01,105.96
M,Y,UINL,2022-07-01,105.1
M,Y,UINL,2022-10-01,107.82
M,Y,UINL,2023-01-01,104.38
M,Y,UINL,2023-04-01,108.54
M,Y,UINL,2023-07-01,106.94
M,Y,UINL,2023-10-01,112.4
M,Y,UINL,2024-01-01,112.28
M,Y,UINL,2024-04-01,108.58
M,Y,UINL,2024-07-01,108.02
M,Y,UINL,2024-10-01,107.41
M,Y,UINL,2025-01-01,110.27
M,Y,UINL,2025-04-01,107.92
M,Y,UINL,2025-07-01,111.23
M,Y,UINL,2025-10-01,108.35
M,Y,UINL,2026-01-01,110.75
M,Y,UINL,2026-04-01,112.48
M,Y,UTOT,2021-01-01,100.41
M,Y,UTOT,2021-04-01,99.86
M,Y,UTOT,2021-07-01,99.5
M,Y,UTOT,2021-10-01,100.23
M,Y,UTOT,2022-01-01,105.71
M,Y,UTOT,2022-04-01,106.57
M,Y,UTOT,2022-07-01,107.03
M,Y,UTOT,2022-10-01,109.02
M,Y,UTOT,2023-01-01,105.48
M,Y,UTOT,2023-04-01,108.4
M,Y,UTOT,2023-07-01,108.25
M,Y,UTOT,2023-10-01,112.14
M,Y,UTOT,2024-01-01,112.45
M,Y,UTOT,2024-04-01,111.56
M,Y,UTOT,2024-07-01,110.72
M,Y,UTOT,2024-10-01,110.63
M,Y,UTOT,2025-01-01,111.83
M,Y,UTOT,2025-04-01,106.66
M,Y,UTOT,2025-07-01,110.12
M,Y,UTOT,2025-10-01,108.84
M,Y,UTOT,2026-01-01,110.3
M,Y,UTOT,2026-04-01,108.33
N,N,UEXP,2021-01-01,93.01
N,N,UEXP,2021-04-01,94.09
N,N,UEXP,2021-07-01,100.52
N,N,UEXP,2021-10-01,112.38
N,N,UEXP,2022-01-01,99.16
N,N,UEXP,2022-04-01,105.36
N,N,UEXP,2022-07-01,115.47
N,N,UEXP,2022-10-01,123.05
N,N,UEXP,2023-01-01,103.26
N,N,UEXP,2023-04-01,113.81
N,N,UEXP,2023-07-01,115.89
N,N,UEXP,2023-10-01,110.59
N,N,UEXP,2024-01-01,106.54
N,N,UEXP,2024-04-01,117.79
N,N,UEXP,2024-07-01,111.22
N,N,UEXP,2024-10-01,113.91
N,N,UEXP,2025-01-01,109.36
N,N,UEXP,2025-04-01,114.9
N,N,UEXP,2025-07-01,112.31
N,N,UEXP,2025-10-01,115.89
N,N,UEXP,2026-01-01,111.44
N,N,UEXP,2026-04-01,125.17
N,N,UINL,2021-01-01,86.99
N,N,UINL,2021-04-01,100.28
N,N,UINL,2021-07-01,103.39
N,N,UINL,2021-10-01,109.35
N,N,UINL,2022-01-01,95.81
N,N,UINL,2022-04-01,116.87
N,N,UINL,2022-07-01,123.56
N,N,UINL,2022-10-01,126.8
N,N,UINL,2023-01-01,107.97
N,N,UINL,2023-04-01,122.91
N,N,UINL,2023-07-01,125.78
N,N,UINL,2023-10-01,126.24
N,N,UINL,2024-01-01,107.29
N,N,UINL,2024-04-01,123.68
N,N,UINL,2024-07-01,129.66
N,N,UINL,2024-10-01,127.89
N,N,UINL,2025-01-01,108.61
N,N,UINL,2025-04-01,127.22
N,N,UINL,2025-07-01,134.08
N,N,UINL,2025-10-01,130.93
N,N,UINL,2026-01-01,111.24
N,N,UINL,2026-04-01,126.79
N,N,UTOT,2021-01-01,87.98
N,N,UTOT,2021-04-01,98.94
N,N,UTOT,2021-07-01,102.69
N,N,UTOT,2021-10-01,110.38
N,N,UTOT,2022-01-01,96.38
N,N,UTOT,2022-04-01,114.87
N,N,UTOT,2022-07-01,122.25
N,N,UTOT,2022-10-01,126.81
N,N,UTOT,2023-01-01,107.41
N,N,UTOT,2023-04-01,121.8
N,N,UTOT,2023-07-01,124.33
N,N,UTOT,2023-10-01,123.82
N,N,UTOT,2024-01-01,107.7
N,N,UTOT,2024-04-01,123.26
N,N,UTOT,2024-07-01,126.7
N,N,UTOT,2024-10-01,125.9
N,N,UTOT,2025-01-01,109.27
N,N,UTOT,2025-04-01,125.65
N,N,UTOT,2025-07-01,130.63
N,N,UTOT,2025-10-01,128.77
N,N,UTOT,2026-01-01,111.51
N,N,UTOT,2026-04-01,127.61
N,W,UEXP,2021-01-01,92.92
N,W,UEXP,2021-04-01,94.95
N,W,UEXP,2021-07-01,99.63
N,W,UEXP,2021-10-01,112.49
N,W,UEXP,2022-01-01,97.85
N,W,UEXP,2022-04-01,105.73
N,W,UEXP,2022-07-01,115.32
N,W,UEXP,2022-10-01,120.58
N,W,UEXP,2023-01-01,101.83
N,W,UEXP,2023-04-01,114.1
N,W,UEXP,2023-07-01,117.35
N,W,UEXP,2023-10-01,112.14
N,W,UEXP,2024-01-01,109.16
N,W,UEXP,2024-04-01,118.13
N,W,UEXP,2024-07-01,113.47
N,W,UEXP,2024-10-01,114.4
N,W,UEXP,2025-01-01,111.05
N,W,UEXP,2025-04-01,115.95
N,W,UEXP,2025-07-01,111.25
N,W,UEXP,2025-10-01,116.37
N,W,UEXP,2026-01-01,112.18
N,W,UEXP,2026-04-01,125.8
N,W,UINL,2021-01-01,87.11
N,W,UINL,2021-04-01,100.54
N,W,UINL,2021-07-01,103.42
N,W,UINL,2021-10-01,108.93
N,W,UINL,2022-01-01,95.75
N,W,UINL,2022-04-01,117.2
N,W,UINL,2022-07-01,123.77
N,W,UINL,2022-10-01,127.28
N,W,UINL,2023-01-01,107.71
N,W,UINL,2023-04-01,123.35
N,W,UINL,2023-07-01,126.48
N,W,UINL,2023-10-01,126.98
N,W,UINL,2024-01-01,107.61
N,W,UINL,2024-04-01,123.8
N,W,UINL,2024-07-01,129.83
N,W,UINL,2024-10-01,128.22
N,W,UINL,2025-01-01,109
N,W,UINL,2025-04-01,127.71
N,W,UINL,2025-07-01,134.45
N,W,UINL,2025-10-01,131.25
N,W,UINL,2026-01-01,111.63
N,W,UINL,2026-04-01,127.31
N,W,UTOT,2021-01-01,88.15
N,W,UTOT,2021-04-01,99.26
N,W,UTOT,2021-07-01,102.35
N,W,UTOT,2021-10-01,110.24
N,W,UTOT,2022-01-01,96.06
N,W,UTOT,2022-04-01,115.1
N,W,UTOT,2022-07-01,122.31
N,W,UTOT,2022-10-01,126.43
N,W,UTOT,2023-01-01,106.85
N,W,UTOT,2023-04-01,122.06
N,W,UTOT,2023-07-01,125.17
N,W,UTOT,2023-10-01,124.69
N,W,UTOT,2024-01-01,108.58
N,W,UTOT,2024-04-01,123.4
N,W,UTOT,2024-07-01,127.68
N,W,UTOT,2024-10-01,126.22
N,W,UTOT,2025-01-01,109.97
N,W,UTOT,2025-04-01,126.27
N,W,UTOT,2025-07-01,130.41
N,W,UTOT,2025-10-01,129.28
N,W,UTOT,2026-01-01,111.91
N,W,UTOT,2026-04-01,128.04
N,Y,UEXP,2021-01-01,99.41
N,Y,UEXP,2021-04-01,93.71
N,Y,UEXP,2021-07-01,98.37
N,Y,UEXP,2021-10-01,108.51
N,Y,UEXP,2022-01-01,104.49
N,Y,UEXP,2022-04-01,104.18
N,Y,UEXP,2022-07-01,113.85
N,Y,UEXP,2022-10-01,117.03
N,Y,UEXP,2023-01-01,108.55
N,Y,UEXP,2023-04-01,112.06
N,Y,UEXP,2023-07-01,115.54
N,Y,UEXP,2023-10-01,110.06
N,Y,UEXP,2024-01-01,115.61
N,Y,UEXP,2024-04-01,115.76
N,Y,UEXP,2024-07-01,111.09
N,Y,UEXP,2024-10-01,114.12
N,Y,UEXP,2025-01-01,116.8
N,Y,UEXP,2025-04-01,113.18
N,Y,UEXP,2025-07-01,108.97
N,Y,UEXP,2025-10-01,117.22
N,Y,UEXP,2026-01-01,116.38
N,Y,UEXP,2026-04-01,122.59
N,Y,UINL,2021-01-01,98.14
N,Y,UINL,2021-04-01,99.19
N,Y,UINL,2021-07-01,98.82
N,Y,UINL,2021-10-01,103.85
N,Y,UINL,2022-01-01,107.88
N,Y,UINL,2022-04-01,115.55
N,Y,UINL,2022-07-01,118.15
N,Y,UINL,2022-10-01,121.37
N,Y,UINL,2023-01-01,121.46
N,Y,UINL,2023-04-01,121.65
N,Y,UINL,2023-07-01,120.47
N,Y,UINL,2023-10-01,121.24
N,Y,UINL,2024-01-01,121.44
N,Y,UINL,2024-04-01,122.07
N,Y,UINL,2024-07-01,123.46
N,Y,UINL,2024-10-01,122.62
N,Y,UINL,2025-01-01,123.04
N,Y,UINL,2025-04-01,125.95
N,Y,UINL,2025-07-01,127.55
N,Y,UINL,2025-10-01,125.72
N,Y,UINL,2026-01-01,125.99
N,Y,UINL,2026-04-01,125.52
N,Y,UTOT,2021-01-01,98.61
N,Y,UTOT,2021-04-01,97.86
N,Y,UTOT,2021-07-01,98.23
N,Y,UTOT,2021-10-01,105.3
N,Y,UTOT,2022-01-01,107.45
N,Y,UTOT,2022-04-01,113.39
N,Y,UTOT,2022-07-01,117.28
N,Y,UTOT,2022-10-01,120.88
N,Y,UTOT,2023-01-01,119.58
N,Y,UTOT,2023-04-01,120.15
N,Y,UTOT,2023-07-01,119.81
N,Y,UTOT,2023-10-01,119.44
N,Y,UTOT,2024-01-01,121.58
N,Y,UTOT,2024-04-01,121.4
N,Y,UTOT,2024-07-01,122
N,Y,UTOT,2024-10-01,121.23
N,Y,UTOT,2025-01-01,123.1
N,Y,UTOT,2025-04-01,124.13
N,Y,UTOT,2025-07-01,124.41
N,Y,UTOT,2025-10-01,124.48
N,Y,UTOT,2026-01-01,125.13
N,Y,UTOT,2026-04-01,125.81
