D0,D1,date,value
D2004PL075P,BI,2001-01-01,1.02
D2004PL075P,BI,2001-04-01,1.5
D2004PL075P,BI,2001-07-01,1.03
D2004PL075P,BI,2001-10-01,0.41
D2004PL075P,BI,2002-01-01,0.56
D2004PL075P,BI,2002-04-01,0.69
D2004PL075P,BI,2002-07-01,0.31
D2004PL075P,BI,2002-10-01,1.01
D2004PL075P,BI,2003-01-01,1.05
D2004PL075P,BI,2003-04-01,0.54
D2004PL075P,BI,2003-07-01,0.45
D2004PL075P,BI,2003-10-01,0.52
D2004PL075P,BI,2004-01-01,0.06
D2004PL075P,BI,2004-04-01,0.87
D2004PL075P,BI,2004-07-01,0.91
D2004PL075P,P,2004-10-01,1.4
D2004PL075P,P,2005-01-01,1.45
D2004PL075P,P,2005-04-01,1.06
D2004PL075P,P,2005-07-01,0.97
D2004PL075P,P,2005-10-01,0.92
D2004PL075P,P,2006-01-01,0.9
D2004PL075P,P,2006-04-01,1.15
D2004PL075P,P,2006-07-01,1.4
D2004PL075P,P,2006-10-01,1.7
D2004PL075P,P,2007-01-01,2
D2004PL075P,P,2007-04-01,2.3
D2004PL075P,P,2007-07-01,2.6
D2005PL100P,BI,2002-01-01,0.56
D2005PL100P,BI,2002-04-01,0.69
D2005PL100P,BI,2002-07-01,0.31
D2005PL100P,BI,2002-10-01,1.01
D2005PL100P,BI,2003-01-01,1.05
D2005PL100P,BI,2003-04-01,0.5
D2005PL100P,BI,2003-07-01,0.4
D2005PL100P,BI,2003-10-01,0.5
D2005PL100P,BI,2004-01-01,0.06
D2005PL100P,BI,2004-04-01,0.87
D2005PL100P,BI,2004-07-01,0.91
D2005PL100P,BI,2004-10-01,1.4
D2005PL100P,BI,2005-01-01,1.4
D2005PL100P,BI,2005-04-01,1.1
D2005PL100P,BI,2005-07-01,1.2
D2005PL100P,P,2005-10-01,1.1
D2005PL100P,P,2006-01-01,1.03
D2005PL100P,P,2006-04-01,0.9
D2005PL100P,P,2006-07-01,0.7
D2005PL100P,P,2006-10-01,0.75
D2005PL100P,P,2007-01-01,0.83
D2005PL100P,P,2007-04-01,1.05
D2005PL100P,P,2007-07-01,1.3
D2005PL100P,P,2007-10-01,1.6
D2005PL100P,P,2008-01-01,1.93
D2005PL100P,P,2008-04-01,2.3
D2005PL100P,P,2008-07-01,2.7
D2006PL200P,BI,2003-01-01,1.05
D2006PL200P,BI,2003-04-01,0.5
D2006PL200P,BI,2003-07-01,0.4
D2006PL200P,BI,2003-10-01,0.5
D2006PL200P,BI,2004-01-01,0.06
D2006PL200P,BI,2004-04-01,0.87
D2006PL200P,BI,2004-07-01,0.91
D2006PL200P,BI,2004-10-01,1.38
D2006PL200P,BI,2005-01-01,1.35
D2006PL200P,BI,2005-04-01,1.06
D2006PL200P,BI,2005-07-01,1.18
D2006PL200P,BI,2005-10-01,1.1
D2006PL200P,BI,2006-01-01,1.23
D2006PL200P,BI,2006-04-01,1.33
D2006PL200P,BI,2006-07-01,1.2
D2006PL200P,P,2006-10-01,0.5
D2006PL200P,P,2007-01-01,0.4
D2006PL200P,P,2007-04-01,0.31
D2006PL200P,P,2007-07-01,0.44
D2006PL200P,P,2007-10-01,0.65
D2006PL200P,P,2008-01-01,0.74
D2006PL200P,P,2008-04-01,0.85
D2006PL200P,P,2008-07-01,1
D2006PL200P,P,2008-10-01,1.17
D2006PL200P,P,2009-01-01,1.38
D2006PL200P,P,2009-04-01,1.64
D2006PL200P,P,2009-07-01,1.9
D2007PL275P,BI,2004-01-01,0.06
D2007PL275P,BI,2004-04-01,0.87
D2007PL275P,BI,2004-07-01,0.91
D2007PL275P,BI,2004-10-01,1.38
D2007PL275P,BI,2005-01-01,1.35
D2007PL275P,BI,2005-04-01,1.06
D2007PL275P,BI,2005-07-01,1.18
D2007PL275P,BI,2005-10-01,1.1
D2007PL275P,BI,2006-01-01,1.23
D2007PL275P,BI,2006-04-01,1.33
D2007PL275P,BI,2006-07-01,1.22
D2007PL275P,BI,2006-10-01,0.46
D2007PL275P,BI,2007-01-01,0.09
D2007PL275P,BI,2007-04-01,0.52
D2007PL275P,BI,2007-07-01,0.63
D2007PL275P,P,2007-10-01,1.62
D2007PL275P,P,2008-01-01,2.14
D2007PL275P,P,2008-04-01,1.54
D2007PL275P,P,2008-07-01,1.56
D2007PL275P,P,2008-10-01,1.51
D2007PL275P,P,2009-01-01,1.47
D2007PL275P,P,2009-04-01,1.46
D2007PL275P,P,2009-07-01,1.46
D2007PL275P,P,2009-10-01,1.48
D2007PL275P,P,2010-01-01,1.51
D2007PL275P,P,2010-04-01,1.53
D2007PL275P,P,2010-07-01,1.55
D2008PL050P,BI,2005-01-01,1.35
D2008PL050P,BI,2005-04-01,1.06
D2008PL050P,BI,2005-07-01,1.18
D2008PL050P,BI,2005-10-01,1.1
D2008PL050P,BI,2006-01-01,1.23
D2008PL050P,BI,2006-04-01,1.33
D2008PL050P,BI,2006-07-01,1.22
D2008PL050P,BI,2006-10-01,0.46
D2008PL050P,BI,2007-01-01,0.09
D2008PL050P,BI,2007-04-01,0.52
D2008PL050P,BI,2007-07-01,0.63
D2008PL050P,BI,2007-10-01,1.68
D2008PL050P,BI,2008-01-01,2.5
D2008PL050P,BI,2008-04-01,2.7
D2008PL050P,BI,2008-07-01,3
D2008PL050P,P,2008-10-01,1.66
D2008PL050P,P,2009-01-01,1.17
D2008PL050P,P,2009-04-01,0.73
D2008PL050P,P,2009-07-01,0.59
D2008PL050P,P,2009-10-01,0.99
D2008PL050P,P,2010-01-01,0.8
D2008PL050P,P,2010-04-01,0.45
D2008PL050P,P,2010-07-01,0.4
D2008PL050P,P,2010-10-01,0.38
D2008PL050P,P,2011-01-01,0.43
D2008PL050P,P,2011-04-01,0.54
D2008PL050P,P,2011-07-01,0.64
D2009PL025P,BI,2006-01-01,1.23
D2009PL025P,BI,2006-04-01,1.33
D2009PL025P,BI,2006-07-01,1.22
D2009PL025P,BI,2006-10-01,0.46
D2009PL025P,BI,2007-01-01,0.09
D2009PL025P,BI,2007-04-01,0.52
D2009PL025P,BI,2007-07-01,0.63
D2009PL025P,BI,2007-10-01,1.68
D2009PL025P,BI,2008-01-01,2.47
D2009PL025P,BI,2008-04-01,2.68
D2009PL025P,BI,2008-07-01,2.97
D2009PL025P,BI,2008-10-01,1.58
D2009PL025P,BI,2009-01-01,-0.02
D2009PL025P,BI,2009-04-01,-0.75
D2009PL025P,BI,2009-07-01,-0.97
D2009PL025P,P,2009-10-01,-0.13
D2009PL025P,P,2010-01-01,0.79
D2009PL025P,P,2010-04-01,0.54
D2009PL025P,P,2010-07-01,0.41
D2009PL025P,P,2010-10-01,0.4
D2009PL025P,P,2011-01-01,0.48
D2009PL025P,P,2011-04-01,0.69
D2009PL025P,P,2011-07-01,1.07
D2009PL025P,P,2011-10-01,1.45
D2009PL025P,P,2012-01-01,1.84
D2009PL025P,P,2012-04-01,2.2
D2009PL025P,P,2012-07-01,2.55
D2010PL025P,BI,2007-01-01,0.09
D2010PL025P,BI,2007-04-01,0.52
D2010PL025P,BI,2007-07-01,0.63
D2010PL025P,BI,2007-10-01,1.68
D2010PL025P,BI,2008-01-01,2.47
D2010PL025P,BI,2008-04-01,2.68
D2010PL025P,BI,2008-07-01,2.97
D2010PL025P,BI,2008-10-01,1.58
D2010PL025P,BI,2009-01-01,-0.02
D2010PL025P,BI,2009-04-01,-0.75
D2010PL025P,BI,2009-07-01,-0.97
D2010PL025P,BI,2009-10-01,-0.2
D2010PL025P,BI,2010-01-01,1.1
D2010PL025P,BI,2010-04-01,1
D2010PL025P,BI,2010-07-01,0.3
D2010PL025P,P,2010-10-01,0.3
D2010PL025P,P,2011-01-01,0.17
D2010PL025P,P,2011-04-01,0.15
D2010PL025P,P,2011-07-01,0.64
D2010PL025P,P,2011-10-01,0.63
D2010PL025P,P,2012-01-01,0.74
D2010PL025P,P,2012-04-01,0.91
D2010PL025P,P,2012-07-01,1.11
D2010PL025P,P,2012-10-01,1.3
D2010PL025P,P,2013-01-01,1.5
D2010PL025P,P,2013-04-01,1.78
D2010PL025P,P,2013-07-01,2.14
D2011PL000P,BI,2008-01-01,2.5
D2011PL000P,BI,2008-04-01,2.7
D2011PL000P,BI,2008-07-01,3
D2011PL000P,BI,2008-10-01,1.6
D2011PL000P,BI,2009-01-01,0
D2011PL000P,BI,2009-04-01,-0.7
D2011PL000P,BI,2009-07-01,-1
D2011PL000P,BI,2009-10-01,-0.2
D2011PL000P,BI,2010-01-01,1.1
D2011PL000P,BI,2010-04-01,1
D2011PL000P,BI,2010-07-01,0.3
D2011PL000P,BI,2010-10-01,0.3
D2011PL000P,BI,2011-01-01,0.6
D2011PL000P,BI,2011-04-01,0.4
D2011PL000P,BI,2011-07-01,0.4
D2011PL000P,P,2011-10-01,-0.4
D2011PL000P,P,2012-01-01,-0.8
D2011PL000P,P,2012-04-01,-0.6
D2011PL000P,P,2012-07-01,-0.1
D2011PL000P,P,2012-10-01,0.2
D2011PL000P,P,2013-01-01,0.3
D2011PL000P,P,2013-04-01,0.3
D2011PL000P,P,2013-07-01,0.4
D2011PL000P,P,2013-10-01,0.5
D2011PL000P,P,2014-01-01,0.6
D2011PL000P,P,2014-04-01,0.7
D2011PL000P,P,2014-07-01,0.8
D2012PL000P,BI,2009-01-01,0
D2012PL000P,BI,2009-04-01,-0.7
D2012PL000P,BI,2009-07-01,-1
D2012PL000P,BI,2009-10-01,-0.2
D2012PL000P,BI,2010-01-01,1.1
D2012PL000P,BI,2010-04-01,1
D2012PL000P,BI,2010-07-01,0.3
D2012PL000P,BI,2010-10-01,0.3
D2012PL000P,BI,2011-01-01,0.6
D2012PL000P,BI,2011-04-01,0.4
D2012PL000P,BI,2011-07-01,0.4
D2012PL000P,BI,2011-10-01,-0.5
D2012PL000P,BI,2012-01-01,-0.9
D2012PL000P,BI,2012-04-01,-1
D2012PL000P,BI,2012-07-01,-0.5
D2012PL000P,P,2012-10-01,-0.2
D2012PL000P,P,2013-01-01,-0.2
D2012PL000P,P,2013-04-01,-0.2
D2012PL000P,P,2013-07-01,0.1
D2012PL000P,P,2013-10-01,0.2
D2012PL000P,P,2014-01-01,0.2
D2012PL000P,P,2014-04-01,0.3
D2012PL000P,P,2014-07-01,0.4
D2012PL000P,P,2014-10-01,0.6
D2012PL000P,P,2015-01-01,0.7
D2012PL000P,P,2015-04-01,0.8
D2012PL000P,P,2015-07-01,0.9
D2013PL000P,BI,2010-01-01,1.1
D2013PL000P,BI,2010-04-01,1
D2013PL000P,BI,2010-07-01,0.3
D2013PL000P,BI,2010-10-01,0.3
D2013PL000P,BI,2011-01-01,0.6
D2013PL000P,BI,2011-04-01,0.4
D2013PL000P,BI,2011-07-01,0.4
D2013PL000P,BI,2011-10-01,-0.5
D2013PL000P,BI,2012-01-01,-0.9
D2013PL000P,BI,2012-04-01,-1
D2013PL000P,BI,2012-07-01,-0.5
D2013PL000P,BI,2012-10-01,-0.3
D2013PL000P,BI,2013-01-01,-0.4
D2013PL000P,BI,2013-04-01,-0.4
D2013PL000P,BI,2013-07-01,0
D2013PL000P,P,2013-10-01,0
D2013PL000P,P,2014-01-01,0.2
D2013PL000P,P,2014-04-01,0.2
D2013PL000P,P,2014-07-01,0.2
D2013PL000P,P,2014-10-01,0.2
D2013PL000P,P,2015-01-01,0.3
D2013PL000P,P,2015-04-01,0.5
D2013PL000P,P,2015-07-01,0.6
D2013PL000P,P,2015-10-01,0.8
D2013PL000P,P,2016-01-01,1
D2013PL000P,P,2016-04-01,1.1
D2013PL000P,P,2016-07-01,1.3
D2014PL000P,BI,2011-01-01,0.6
D2014PL000P,BI,2011-04-01,0.4
D2014PL000P,BI,2011-07-01,0.4
D2014PL000P,BI,2011-10-01,-0.5
D2014PL000P,BI,2012-01-01,-0.9
D2014PL000P,BI,2012-04-01,-1
D2014PL000P,BI,2012-07-01,-0.5
D2014PL000P,BI,2012-10-01,-0.3
D2014PL000P,BI,2013-01-01,-0.4
D2014PL000P,BI,2013-04-01,-0.4
D2014PL000P,BI,2013-07-01,0
D2014PL000P,BI,2013-10-01,0
D2014PL000P,BI,2014-01-01,0
D2014PL000P,BI,2014-04-01,0.1
D2014PL000P,BI,2014-07-01,0
D2014PL000P,P,2014-10-01,-0.1
D2014PL000P,P,2015-01-01,-0.1
D2014PL000P,P,2015-04-01,-0.3
D2014PL000P,P,2015-07-01,-0.2
D2014PL000P,P,2015-10-01,0
D2014PL000P,P,2016-01-01,0.1
D2014PL000P,P,2016-04-01,0.3
D2014PL000P,P,2016-07-01,0.4
D2014PL000P,P,2016-10-01,0.5
D2014PL000P,P,2017-01-01,0.7
D2014PL000P,P,2017-04-01,0.8
D2014PL000P,P,2017-07-01,1
D2015PL075P,BI,2012-01-01,-0.9
D2015PL075P,BI,2012-04-01,-1
D2015PL075P,BI,2012-07-01,-0.5
D2015PL075P,BI,2012-10-01,-0.3
D2015PL075P,BI,2013-01-01,-0.4
D2015PL075P,BI,2013-04-01,-0.4
D2015PL075P,BI,2013-07-01,0
D2015PL075P,BI,2013-10-01,0
D2015PL075P,BI,2014-01-01,0
D2015PL075P,BI,2014-04-01,0.1
D2015PL075P,BI,2014-07-01,0
D2015PL075P,BI,2014-10-01,-0.1
D2015PL075P,BI,2015-01-01,-0.7
D2015PL075P,BI,2015-04-01,-1.1
D2015PL075P,BI,2015-07-01,-1.4
D2015PL075P,P,2015-10-01,-1.3
D2015PL075P,P,2016-01-01,-0.8
D2015PL075P,P,2016-04-01,-0.7
D2015PL075P,P,2016-07-01,-0.4
D2015PL075P,P,2016-10-01,-0.1
D2015PL075P,P,2017-01-01,0.1
D2015PL075P,P,2017-04-01,0.2
D2015PL075P,P,2017-07-01,0.4
D2015PL075P,P,2017-10-01,0.6
D2015PL075P,P,2018-01-01,0.8
D2015PL075P,P,2018-04-01,1
D2015PL075P,P,2018-07-01,1.2
D2016PL075P,BI,2013-01-01,-0.4
D2016PL075P,BI,2013-04-01,-0.4
D2016PL075P,BI,2013-07-01,0
D2016PL075P,BI,2013-10-01,0
D2016PL075P,BI,2014-01-01,0
D2016PL075P,BI,2014-04-01,0.1
D2016PL075P,BI,2014-07-01,0
D2016PL075P,BI,2014-10-01,-0.1
D2016PL075P,BI,2015-01-01,-0.7
D2016PL075P,BI,2015-04-01,-1.1
D2016PL075P,BI,2015-07-01,-1.4
D2016PL075P,BI,2015-10-01,-1.4
D2016PL075P,BI,2016-01-01,-1
D2016PL075P,BI,2016-04-01,-0.4
D2016PL075P,BI,2016-07-01,-0.2
D2016PL075P,P,2016-10-01,-0.2
D2016PL075P,P,2017-01-01,0.1
D2016PL075P,P,2017-04-01,0
D2016PL075P,P,2017-07-01,0
D2016PL075P,P,2017-10-01,0.1
D2016PL075P,P,2018-01-01,0.2
D2016PL075P,P,2018-04-01,0.4
D2016PL075P,P,2018-07-01,0.5
D2016PL075P,P,2018-10-01,0.7
D2016PL075P,P,2019-01-01,0.9
D2016PL075P,P,2019-04-01,1.1
D2016PL075P,P,2019-07-01,1.3
D2017PL075P,BI,2014-01-01,0
D2017PL075P,BI,2014-04-01,0.1
D2017PL075P,BI,2014-07-01,0
D2017PL075P,BI,2014-10-01,-0.1
D2017PL075P,BI,2015-01-01,-0.7
D2017PL075P,BI,2015-04-01,-1.1
D2017PL075P,BI,2015-07-01,-1.4
D2017PL075P,BI,2015-10-01,-1.4
D2017PL075P,BI,2016-01-01,-1
D2017PL075P,BI,2016-04-01,-0.4
D2017PL075P,BI,2016-07-01,-0.2
D2017PL075P,BI,2016-10-01,-0.2
D2017PL075P,BI,2017-01-01,0.5
D2017PL075P,BI,2017-04-01,0.4
D2017PL075P,BI,2017-07-01,0.5
D2017PL075P,P,2017-10-01,0.7
D2017PL075P,P,2018-01-01,0.6
D2017PL075P,P,2018-04-01,0.7
D2017PL075P,P,2018-07-01,0.8
D2017PL075P,P,2018-10-01,0.8
D2017PL075P,P,2019-01-01,0.8
D2017PL075P,P,2019-04-01,0.9
D2017PL075P,P,2019-07-01,1.1
D2017PL075P,P,2019-10-01,1.3
D2017PL075P,P,2020-01-01,1.6
D2017PL075P,P,2020-04-01,1.8
D2017PL075P,P,2020-07-01,2.1
D2018PL075P,BI,2015-01-01,-0.7
D2018PL075P,BI,2015-04-01,-1.1
D2018PL075P,BI,2015-07-01,-1.4
D2018PL075P,BI,2015-10-01,-1.4
D2018PL075P,BI,2016-01-01,-1
D2018PL075P,BI,2016-04-01,-0.4
D2018PL075P,BI,2016-07-01,-0.2
D2018PL075P,BI,2016-10-01,-0.2
D2018PL075P,BI,2017-01-01,0.5
D2018PL075P,BI,2017-04-01,0.4
D2018PL075P,BI,2017-07-01,0.5
D2018PL075P,BI,2017-10-01,0.8
D2018PL075P,BI,2018-01-01,0.7
D2018PL075P,BI,2018-04-01,1
D2018PL075P,BI,2018-07-01,1.1
D2018PL075P,P,2018-10-01,0.9
D2018PL075P,P,2019-01-01,0.5
D2018PL075P,P,2019-04-01,0.4
D2018PL075P,P,2019-07-01,0.4
D2018PL075P,P,2019-10-01,0.6
D2018PL075P,P,2020-01-01,0.7
D2018PL075P,P,2020-04-01,0.9
D2018PL075P,P,2020-07-01,1
D2018PL075P,P,2020-10-01,1.2
D2018PL075P,P,2021-01-01,1.4
D2018PL075P,P,2021-04-01,1.7
D2018PL075P,P,2021-07-01,1.9
D2019PP075P,BI,2016-01-01,-1
D2019PP075P,BI,2016-04-01,-0.4
D2019PP075P,BI,2016-07-01,-0.2
D2019PP075P,BI,2016-10-01,-0.2
D2019PP075P,BI,2017-01-01,0.5
D2019PP075P,BI,2017-04-01,0.4
D2019PP075P,BI,2017-07-01,0.5
D2019PP075P,BI,2017-10-01,0.8
D2019PP075P,BI,2018-01-01,0.7
D2019PP075P,BI,2018-04-01,1
D2019PP075P,BI,2018-07-01,1.1
D2019PP075P,BI,2018-10-01,0.9
D2019PP075P,BI,2019-01-01,0.6
D2019PP075P,BI,2019-04-01,0.6
D2019PP075P,BI,2019-07-01,0.3
D2019PP075P,P,2019-10-01,-0.1
D2019PP075P,P,2020-01-01,0.1
D2019PP075P,P,2020-04-01,0
D2019PP075P,P,2020-07-01,0
D2019PP075P,P,2020-10-01,0.3
D2019PP075P,P,2021-01-01,0.3
D2019PP075P,P,2021-04-01,0.4
D2019PP075P,P,2021-07-01,0.6
D2019PP075P,P,2021-10-01,0.7
D2019PP075P,P,2022-01-01,0.9
D2019PP075P,P,2022-04-01,1
D2019PP075P,P,2022-07-01,1.2
D2020PP075P,BI,2017-01-01,0.5
D2020PP075P,BI,2017-04-01,0.4
D2020PP075P,BI,2017-07-01,0.5
D2020PP075P,BI,2017-10-01,0.8
D2020PP075P,BI,2018-01-01,0.7
D2020PP075P,BI,2018-04-01,1
D2020PP075P,BI,2018-07-01,1.1
D2020PP075P,BI,2018-10-01,0.9
D2020PP075P,BI,2019-01-01,0.6
D2020PP075P,BI,2019-04-01,0.6
D2020PP075P,BI,2019-07-01,0.3
D2020PP075P,BI,2019-10-01,-0.1
D2020PP075P,BI,2020-01-01,-0.1
D2020PP075P,BI,2020-04-01,-1.2
D2020PP075P,BI,2020-07-01,-0.9
D2020PP075P,P,2020-10-01,-0.7
D2020PP075P,P,2021-01-01,-0.5
D2020PP075P,P,2021-04-01,0.2
D2020PP075P,P,2021-07-01,0.1
D2020PP075P,P,2021-10-01,0.1
D2020PP075P,P,2022-01-01,0.1
D2020PP075P,P,2022-04-01,0.1
D2020PP075P,P,2022-07-01,0.2
D2020PP075P,P,2022-10-01,0.3
D2020PP075P,P,2023-01-01,0.4
D2020PP075P,P,2023-04-01,0.5
D2020PP075P,P,2023-07-01,0.5
D2021POFFP,BI,2018-01-01,0.7
D2021POFFP,BI,2018-04-01,1
D2021POFFP,BI,2018-07-01,1.1
D2021POFFP,BI,2018-10-01,0.9
D2021POFFP,BI,2019-01-01,0.6
D2021POFFP,BI,2019-04-01,0.6
D2021POFFP,BI,2019-07-01,0.3
D2021POFFP,BI,2019-10-01,-0.1
D2021POFFP,BI,2020-01-01,-0.1
D2021POFFP,BI,2020-04-01,-1.2
D2021POFFP,BI,2020-07-01,-0.9
D2021POFFP,BI,2020-10-01,-0.7
D2021POFFP,BI,2021-01-01,-0.4
D2021POFFP,BI,2021-04-01,0.5
D2021POFFP,BI,2021-07-01,0.8
D2021POFFP,P,2021-10-01,1.4
D2021POFFP,P,2022-01-01,1.4
D2021POFFP,P,2022-04-01,1.2
D2021POFFP,P,2022-07-01,0.9
D2021POFFP,P,2022-10-01,0.7
D2021POFFP,P,2023-01-01,0.6
D2021POFFP,P,2023-04-01,0.6
D2021POFFP,P,2023-07-01,0.6
D2021POFFP,P,2023-10-01,0.7
D2021POFFP,P,2024-01-01,0.7
D2021POFFP,P,2024-04-01,0.8
D2021POFFP,P,2024-07-01,0.8
D2022POFFP,BI,2019-01-01,0.6
D2022POFFP,BI,2019-04-01,0.6
D2022POFFP,BI,2019-07-01,0.3
D2022POFFP,BI,2019-10-01,-0.1
D2022POFFP,BI,2020-01-01,-0.1
D2022POFFP,BI,2020-04-01,-1.2
D2022POFFP,BI,2020-07-01,-0.9
D2022POFFP,BI,2020-10-01,-0.7
D2022POFFP,BI,2021-01-01,-0.4
D2022POFFP,BI,2021-04-01,0.5
D2022POFFP,BI,2021-07-01,0.8
D2022POFFP,BI,2021-10-01,1.4
D2022POFFP,BI,2022-01-01,2.1
D2022POFFP,BI,2022-04-01,3
D2022POFFP,BI,2022-07-01,3.4
D2022POFFP,P,2022-10-01,3
D2022POFFP,P,2023-01-01,3
D2022POFFP,P,2023-04-01,2.5
D2022POFFP,P,2023-07-01,2.2
D2022POFFP,P,2023-10-01,2
D2022POFFP,P,2024-01-01,1.9
D2022POFFP,P,2024-04-01,1.8
D2022POFFP,P,2024-07-01,1.8
D2022POFFP,P,2024-10-01,1.8
D2022POFFP,P,2025-01-01,1.9
D2022POFFP,P,2025-04-01,2
D2022POFFP,P,2025-07-01,2.1
D2023POFFP,BI,2020-01-01,-0.1
D2023POFFP,BI,2020-04-01,-1.2
D2023POFFP,BI,2020-07-01,-0.9
D2023POFFP,BI,2020-10-01,-0.7
D2023POFFP,BI,2021-01-01,-0.4
D2023POFFP,BI,2021-04-01,0.5
D2023POFFP,BI,2021-07-01,0.8
D2023POFFP,BI,2021-10-01,1.4
D2023POFFP,BI,2022-01-01,2.1
D2023POFFP,BI,2022-04-01,3
D2023POFFP,BI,2022-07-01,3.4
D2023POFFP,BI,2022-10-01,2.9
D2023POFFP,BI,2023-01-01,3.2
D2023POFFP,BI,2023-04-01,2.1
D2023POFFP,BI,2023-07-01,1.6
D2023POFFP,P,2023-10-01,1.6
D2023POFFP,P,2024-01-01,1.8
D2023POFFP,P,2024-04-01,2
D2023POFFP,P,2024-07-01,2
D2023POFFP,P,2024-10-01,1.9
D2023POFFP,P,2025-01-01,1.7
D2023POFFP,P,2025-04-01,1.6
D2023POFFP,P,2025-07-01,1.6
D2023POFFP,P,2025-10-01,1.6
D2023POFFP,P,2026-01-01,1.6
D2023POFFP,P,2026-04-01,1.6
D2023POFFP,P,2026-07-01,1.6
D2024POFFP,BI,2021-01-01,-0.4
D2024POFFP,BI,2021-04-01,0.5
D2024POFFP,BI,2021-07-01,0.8
D2024POFFP,BI,2021-10-01,1.4
D2024POFFP,BI,2022-01-01,2.1
D2024POFFP,BI,2022-04-01,3
D2024POFFP,BI,2022-07-01,3.4
D2024POFFP,BI,2022-10-01,2.9
D2024POFFP,BI,2023-01-01,3.2
D2024POFFP,BI,2023-04-01,2.1
D2024POFFP,BI,2023-07-01,1.6
D2024POFFP,BI,2023-10-01,1.6
D2024POFFP,BI,2024-01-01,1.2
D2024POFFP,BI,2024-04-01,1.4
D2024POFFP,BI,2024-07-01,1.1
D2024POFFP,P,2024-10-01,0.7
D2024POFFP,P,2025-01-01,0.3
D2024POFFP,P,2025-04-01,0.2
D2024POFFP,P,2025-07-01,0.3
D2024POFFP,P,2025-10-01,0.5
D2024POFFP,P,2026-01-01,0.8
D2024POFFP,P,2026-04-01,0.8
D2024POFFP,P,2026-07-01,0.8
D2024POFFP,P,2026-10-01,0.7
D2024POFFP,P,2027-01-01,0.7
D2024POFFP,P,2027-04-01,0.7
D2024POFFP,P,2027-07-01,0.7
D2025POFFP,BI,2022-01-01,2.1
D2025POFFP,BI,2022-04-01,3
D2025POFFP,BI,2022-07-01,3.4
D2025POFFP,BI,2022-10-01,2.9
D2025POFFP,BI,2023-01-01,3.2
D2025POFFP,BI,2023-04-01,2.1
D2025POFFP,BI,2023-07-01,1.6
D2025POFFP,BI,2023-10-01,1.6
D2025POFFP,BI,2024-01-01,1.2
D2025POFFP,BI,2024-04-01,1.4
D2025POFFP,BI,2024-07-01,1.1
D2025POFFP,BI,2024-10-01,0.7
D2025POFFP,BI,2025-01-01,0.4
D2025POFFP,BI,2025-04-01,0
D2025POFFP,BI,2025-07-01,0.2
D2025POFFP,P,2025-10-01,0.1
D2025POFFP,P,2026-01-01,0.1
D2025POFFP,P,2026-04-01,0.2
D2025POFFP,P,2026-07-01,0.3
D2025POFFP,P,2026-10-01,0.5
D2025POFFP,P,2027-01-01,0.5
D2025POFFP,P,2027-04-01,0.6
D2025POFFP,P,2027-07-01,0.6
D2025POFFP,P,2027-10-01,0.7
D2025POFFP,P,2028-01-01,0.7
D2025POFFP,P,2028-04-01,0.7
D2025POFFP,P,2028-07-01,0.8
J2004PL05P,BI,2001-01-01,1.02
J2004PL05P,BI,2001-04-01,1.5
J2004PL05P,BI,2001-07-01,1.03
J2004PL05P,BI,2001-10-01,0.41
J2004PL05P,BI,2002-01-01,0.56
J2004PL05P,BI,2002-04-01,0.69
J2004PL05P,BI,2002-07-01,0.31
J2004PL05P,BI,2002-10-01,1.01
J2004PL05P,BI,2003-01-01,1.05
J2004PL05P,BI,2003-04-01,0.54
J2004PL05P,BI,2003-07-01,0.45
J2004PL05P,BI,2003-10-01,0.52
J2004PL05P,BI,2004-01-01,0.06
J2004PL05P,P,2004-04-01,0.73
J2004PL05P,P,2004-07-01,0.99
J2004PL05P,P,2004-10-01,0.74
J2004PL05P,P,2005-01-01,1.07
J2004PL05P,P,2005-04-01,0.73
J2004PL05P,P,2005-07-01,0.95
J2004PL05P,P,2005-10-01,1.18
J2004PL05P,P,2006-01-01,1.43
J2004PL05P,P,2006-04-01,1.75
J2004PL05P,P,2006-07-01,2.15
J2004PL05P,P,2006-10-01,2.7
J2004PL05P,P,2007-01-01,3.2
J2005PL075P,BI,2002-01-01,0.56
J2005PL075P,BI,2002-04-01,0.69
J2005PL075P,BI,2002-07-01,0.31
J2005PL075P,BI,2002-10-01,1.01
J2005PL075P,BI,2003-01-01,1.05
J2005PL075P,BI,2003-04-01,0.5
J2005PL075P,BI,2003-07-01,0.4
J2005PL075P,BI,2003-10-01,0.5
J2005PL075P,BI,2004-01-01,0.06
J2005PL075P,BI,2004-04-01,0.87
J2005PL075P,BI,2004-07-01,0.91
J2005PL075P,BI,2004-10-01,1.4
J2005PL075P,BI,2005-01-01,1.4
J2005PL075P,P,2005-04-01,1.13
J2005PL075P,P,2005-07-01,0.91
J2005PL075P,P,2005-10-01,0.45
J2005PL075P,P,2006-01-01,0.48
J2005PL075P,P,2006-04-01,0.4
J2005PL075P,P,2006-07-01,0.55
J2005PL075P,P,2006-10-01,0.75
J2005PL075P,P,2007-01-01,1
J2005PL075P,P,2007-04-01,1.25
J2005PL075P,P,2007-07-01,1.55
J2005PL075P,P,2007-10-01,1.95
J2005PL075P,P,2008-01-01,2.4
J2006PL15P,BI,2003-01-01,1.05
J2006PL15P,BI,2003-04-01,0.5
J2006PL15P,BI,2003-07-01,0.4
J2006PL15P,BI,2003-10-01,0.5
J2006PL15P,BI,2004-01-01,0.06
J2006PL15P,BI,2004-04-01,0.87
J2006PL15P,BI,2004-07-01,0.91
J2006PL15P,BI,2004-10-01,1.38
J2006PL15P,BI,2005-01-01,1.35
J2006PL15P,BI,2005-04-01,1.06
J2006PL15P,BI,2005-07-01,1.18
J2006PL15P,BI,2005-10-01,1.1
J2006PL15P,BI,2006-01-01,1.23
J2006PL15P,P,2006-04-01,1.34
J2006PL15P,P,2006-07-01,1.19
J2006PL15P,P,2006-10-01,1.02
J2006PL15P,P,2007-01-01,1
J2006PL15P,P,2007-04-01,1.08
J2006PL15P,P,2007-07-01,1.2
J2006PL15P,P,2007-10-01,1.35
J2006PL15P,P,2008-01-01,1.57
J2006PL15P,P,2008-04-01,1.79
J2006PL15P,P,2008-07-01,2.03
J2006PL15P,P,2008-10-01,2.33
J2006PL15P,P,2009-01-01,2.7
J2007PL250P,BI,2004-01-01,0.06
J2007PL250P,BI,2004-04-01,0.87
J2007PL250P,BI,2004-07-01,0.91
J2007PL250P,BI,2004-10-01,1.38
J2007PL250P,BI,2005-01-01,1.35
J2007PL250P,BI,2005-04-01,1.06
J2007PL250P,BI,2005-07-01,1.18
J2007PL250P,BI,2005-10-01,1.1
J2007PL250P,BI,2006-01-01,1.23
J2007PL250P,BI,2006-04-01,1.33
J2007PL250P,BI,2006-07-01,1.2
J2007PL250P,BI,2006-10-01,0.5
J2007PL250P,BI,2007-01-01,0.1
J2007PL250P,P,2007-04-01,0.61
J2007PL250P,P,2007-07-01,0.97
J2007PL250P,P,2007-10-01,1.33
J2007PL250P,P,2008-01-01,1.51
J2007PL250P,P,2008-04-01,1.38
J2007PL250P,P,2008-07-01,1.47
J2007PL250P,P,2008-10-01,1.54
J2007PL250P,P,2009-01-01,1.61
J2007PL250P,P,2009-04-01,1.68
J2007PL250P,P,2009-07-01,1.74
J2007PL250P,P,2009-10-01,1.81
J2007PL250P,P,2010-01-01,1.9
J2008PL275P,BI,2005-01-01,1.35
J2008PL275P,BI,2005-04-01,1.06
J2008PL275P,BI,2005-07-01,1.18
J2008PL275P,BI,2005-10-01,1.1
J2008PL275P,BI,2006-01-01,1.23
J2008PL275P,BI,2006-04-01,1.33
J2008PL275P,BI,2006-07-01,1.22
J2008PL275P,BI,2006-10-01,0.46
J2008PL275P,BI,2007-01-01,0.09
J2008PL275P,BI,2007-04-01,0.52
J2008PL275P,BI,2007-07-01,0.63
J2008PL275P,BI,2007-10-01,1.68
J2008PL275P,BI,2008-01-01,2.5
J2008PL275P,P,2008-04-01,2.75
J2008PL275P,P,2008-07-01,2.91
J2008PL275P,P,2008-10-01,2.65
J2008PL275P,P,2009-01-01,2.12
J2008PL275P,P,2009-04-01,1.76
J2008PL275P,P,2009-07-01,1.5
J2008PL275P,P,2009-10-01,1.4
J2008PL275P,P,2010-01-01,1.36
J2008PL275P,P,2010-04-01,1.34
J2008PL275P,P,2010-07-01,1.31
J2008PL275P,P,2010-10-01,1.31
J2008PL275P,P,2011-01-01,1.3
J2009PL025P,BI,2006-01-01,1.23
J2009PL025P,BI,2006-04-01,1.33
J2009PL025P,BI,2006-07-01,1.22
J2009PL025P,BI,2006-10-01,0.46
J2009PL025P,BI,2007-01-01,0.09
J2009PL025P,BI,2007-04-01,0.52
J2009PL025P,BI,2007-07-01,0.63
J2009PL025P,BI,2007-10-01,1.68
J2009PL025P,BI,2008-01-01,2.5
J2009PL025P,BI,2008-04-01,2.7
J2009PL025P,BI,2008-07-01,3
J2009PL025P,BI,2008-10-01,1.6
J2009PL025P,BI,2009-01-01,0
J2009PL025P,P,2009-04-01,-0.74
J2009PL025P,P,2009-07-01,-0.83
J2009PL025P,P,2009-10-01,-0.28
J2009PL025P,P,2010-01-01,0.55
J2009PL025P,P,2010-04-01,0.5
J2009PL025P,P,2010-07-01,0.4
J2009PL025P,P,2010-10-01,0.26
J2009PL025P,P,2011-01-01,0.16
J2009PL025P,P,2011-04-01,0.17
J2009PL025P,P,2011-07-01,0.31
J2009PL025P,P,2011-10-01,0.46
J2009PL025P,P,2012-01-01,0.65
J2010PL025P,BI,2007-01-01,0.09
J2010PL025P,BI,2007-04-01,0.52
J2010PL025P,BI,2007-07-01,0.63
J2010PL025P,BI,2007-10-01,1.68
J2010PL025P,BI,2008-01-01,2.47
J2010PL025P,BI,2008-04-01,2.68
J2010PL025P,BI,2008-07-01,2.97
J2010PL025P,BI,2008-10-01,1.58
J2010PL025P,BI,2009-01-01,-0.02
J2010PL025P,BI,2009-04-01,-0.75
J2010PL025P,BI,2009-07-01,-0.97
J2010PL025P,BI,2009-10-01,-0.2
J2010PL025P,BI,2010-01-01,1.1
J2010PL025P,P,2010-04-01,1.06
J2010PL025P,P,2010-07-01,0.85
J2010PL025P,P,2010-10-01,0.71
J2010PL025P,P,2011-01-01,0.74
J2010PL025P,P,2011-04-01,0.81
J2010PL025P,P,2011-07-01,1.02
J2010PL025P,P,2011-10-01,1.33
J2010PL025P,P,2012-01-01,1.69
J2010PL025P,P,2012-04-01,2.04
J2010PL025P,P,2012-07-01,2.4
J2010PL025P,P,2012-10-01,2.76
J2010PL025P,P,2013-01-01,3.07
J2011PL025P,BI,2008-01-01,2.5
J2011PL025P,BI,2008-04-01,2.7
J2011PL025P,BI,2008-07-01,3
J2011PL025P,BI,2008-10-01,1.6
J2011PL025P,BI,2009-01-01,0
J2011PL025P,BI,2009-04-01,-0.7
J2011PL025P,BI,2009-07-01,-1
J2011PL025P,BI,2009-10-01,-0.2
J2011PL025P,BI,2010-01-01,1.1
J2011PL025P,BI,2010-04-01,1
J2011PL025P,BI,2010-07-01,0.3
J2011PL025P,BI,2010-10-01,0.3
J2011PL025P,BI,2011-01-01,0.6
J2011PL025P,P,2011-04-01,0.5
J2011PL025P,P,2011-07-01,1.4
J2011PL025P,P,2011-10-01,1.3
J2011PL025P,P,2012-01-01,1
J2011PL025P,P,2012-04-01,0.9
J2011PL025P,P,2012-07-01,1
J2011PL025P,P,2012-10-01,1.2
J2011PL025P,P,2013-01-01,1.4
J2011PL025P,P,2013-04-01,1.6
J2011PL025P,P,2013-07-01,1.8
J2011PL025P,P,2013-10-01,2.2
J2011PL025P,P,2014-01-01,2.6
J2012PL000P,BI,2009-01-01,0
J2012PL000P,BI,2009-04-01,-0.7
J2012PL000P,BI,2009-07-01,-1
J2012PL000P,BI,2009-10-01,-0.2
J2012PL000P,BI,2010-01-01,1.1
J2012PL000P,BI,2010-04-01,1
J2012PL000P,BI,2010-07-01,0.3
J2012PL000P,BI,2010-10-01,0.3
J2012PL000P,BI,2011-01-01,0.6
J2012PL000P,BI,2011-04-01,0.4
J2012PL000P,BI,2011-07-01,0.4
J2012PL000P,BI,2011-10-01,-0.5
J2012PL000P,BI,2012-01-01,-0.9
J2012PL000P,P,2012-04-01,-1
J2012PL000P,P,2012-07-01,-0.3
J2012PL000P,P,2012-10-01,0.1
J2012PL000P,P,2013-01-01,0.2
J2012PL000P,P,2013-04-01,0.2
J2012PL000P,P,2013-07-01,0.3
J2012PL000P,P,2013-10-01,0.3
J2012PL000P,P,2014-01-01,0.4
J2012PL000P,P,2014-04-01,0.5
J2012PL000P,P,2014-07-01,0.6
J2012PL000P,P,2014-10-01,0.7
J2012PL000P,P,2015-01-01,0.8
J2013PL000P,BI,2010-01-01,1.1
J2013PL000P,BI,2010-04-01,1
J2013PL000P,BI,2010-07-01,0.3
J2013PL000P,BI,2010-10-01,0.3
J2013PL000P,BI,2011-01-01,0.6
J2013PL000P,BI,2011-04-01,0.4
J2013PL000P,BI,2011-07-01,0.4
J2013PL000P,BI,2011-10-01,-0.5
J2013PL000P,BI,2012-01-01,-0.9
J2013PL000P,BI,2012-04-01,-1
J2013PL000P,BI,2012-07-01,-0.5
J2013PL000P,BI,2012-10-01,-0.3
J2013PL000P,BI,2013-01-01,-0.4
J2013PL000P,P,2013-04-01,-0.5
J2013PL000P,P,2013-07-01,-0.2
J2013PL000P,P,2013-10-01,-0.1
J2013PL000P,P,2014-01-01,0
J2013PL000P,P,2014-04-01,0.1
J2013PL000P,P,2014-07-01,0.2
J2013PL000P,P,2014-10-01,0.3
J2013PL000P,P,2015-01-01,0.5
J2013PL000P,P,2015-04-01,0.6
J2013PL000P,P,2015-07-01,0.7
J2013PL000P,P,2015-10-01,0.9
J2013PL000P,P,2016-01-01,1
J2014PL000P,BI,2011-01-01,0.6
J2014PL000P,BI,2011-04-01,0.4
J2014PL000P,BI,2011-07-01,0.4
J2014PL000P,BI,2011-10-01,-0.5
J2014PL000P,BI,2012-01-01,-0.9
J2014PL000P,BI,2012-04-01,-1
J2014PL000P,BI,2012-07-01,-0.5
J2014PL000P,BI,2012-10-01,-0.3
J2014PL000P,BI,2013-01-01,-0.4
J2014PL000P,BI,2013-04-01,-0.4
J2014PL000P,BI,2013-07-01,0
J2014PL000P,BI,2013-10-01,0
J2014PL000P,BI,2014-01-01,0
J2014PL000P,P,2014-04-01,0.1
J2014PL000P,P,2014-07-01,0
J2014PL000P,P,2014-10-01,0.1
J2014PL000P,P,2015-01-01,0.1
J2014PL000P,P,2015-04-01,0.2
J2014PL000P,P,2015-07-01,0.3
J2014PL000P,P,2015-10-01,0.4
J2014PL000P,P,2016-01-01,0.6
J2014PL000P,P,2016-04-01,0.8
J2014PL000P,P,2016-07-01,1
J2014PL000P,P,2016-10-01,1.2
J2014PL000P,P,2017-01-01,1.4
J2015PL075P,BI,2012-01-01,-0.9
J2015PL075P,BI,2012-04-01,-1
J2015PL075P,BI,2012-07-01,-0.5
J2015PL075P,BI,2012-10-01,-0.3
J2015PL075P,BI,2013-01-01,-0.4
J2015PL075P,BI,2013-04-01,-0.4
J2015PL075P,BI,2013-07-01,0
J2015PL075P,BI,2013-10-01,0
J2015PL075P,BI,2014-01-01,0
J2015PL075P,BI,2014-04-01,0.1
J2015PL075P,BI,2014-07-01,0
J2015PL075P,BI,2014-10-01,-0.1
J2015PL075P,BI,2015-01-01,-0.7
J2015PL075P,P,2015-04-01,-1.2
J2015PL075P,P,2015-07-01,-1.2
J2015PL075P,P,2015-10-01,-1
J2015PL075P,P,2016-01-01,-0.6
J2015PL075P,P,2016-04-01,-0.5
J2015PL075P,P,2016-07-01,-0.3
J2015PL075P,P,2016-10-01,-0.1
J2015PL075P,P,2017-01-01,0
J2015PL075P,P,2017-04-01,0.2
J2015PL075P,P,2017-07-01,0.4
J2015PL075P,P,2017-10-01,0.6
J2015PL075P,P,2018-01-01,0.8
J2016PL075P,BI,2013-01-01,-0.4
J2016PL075P,BI,2013-04-01,-0.4
J2016PL075P,BI,2013-07-01,0
J2016PL075P,BI,2013-10-01,0
J2016PL075P,BI,2014-01-01,0
J2016PL075P,BI,2014-04-01,0.1
J2016PL075P,BI,2014-07-01,0
J2016PL075P,BI,2014-10-01,-0.1
J2016PL075P,BI,2015-01-01,-0.7
J2016PL075P,BI,2015-04-01,-1.1
J2016PL075P,BI,2015-07-01,-1.4
J2016PL075P,BI,2015-10-01,-1.4
J2016PL075P,BI,2016-01-01,-1
J2016PL075P,P,2016-04-01,-0.4
J2016PL075P,P,2016-07-01,-0.1
J2016PL075P,P,2016-10-01,0.1
J2016PL075P,P,2017-01-01,0.3
J2016PL075P,P,2017-04-01,0.2
J2016PL075P,P,2017-07-01,0.3
J2016PL075P,P,2017-10-01,0.4
J2016PL075P,P,2018-01-01,0.6
J2016PL075P,P,2018-04-01,0.8
J2016PL075P,P,2018-07-01,1
J2016PL075P,P,2018-10-01,1.2
J2016PL075P,P,2019-01-01,1.4
J2017PL075P,BI,2014-01-01,0
J2017PL075P,BI,2014-04-01,0.1
J2017PL075P,BI,2014-07-01,0
J2017PL075P,BI,2014-10-01,-0.1
J2017PL075P,BI,2015-01-01,-0.7
J2017PL075P,BI,2015-04-01,-1.1
J2017PL075P,BI,2015-07-01,-1.4
J2017PL075P,BI,2015-10-01,-1.4
J2017PL075P,BI,2016-01-01,-1
J2017PL075P,BI,2016-04-01,-0.4
J2017PL075P,BI,2016-07-01,-0.2
J2017PL075P,BI,2016-10-01,-0.2
J2017PL075P,BI,2017-01-01,0.5
J2017PL075P,P,2017-04-01,0.3
J2017PL075P,P,2017-07-01,0.2
J2017PL075P,P,2017-10-01,0.2
J2017PL075P,P,2018-01-01,0.1
J2017PL075P,P,2018-04-01,0.2
J2017PL075P,P,2018-07-01,0.4
J2017PL075P,P,2018-10-01,0.5
J2017PL075P,P,2019-01-01,0.7
J2017PL075P,P,2019-04-01,0.9
J2017PL075P,P,2019-07-01,1.1
J2017PL075P,P,2019-10-01,1.3
J2017PL075P,P,2020-01-01,1.5
J2018PL075P,BI,2015-01-01,-0.7
J2018PL075P,BI,2015-04-01,-1.1
J2018PL075P,BI,2015-07-01,-1.4
J2018PL075P,BI,2015-10-01,-1.4
J2018PL075P,BI,2016-01-01,-1
J2018PL075P,BI,2016-04-01,-0.4
J2018PL075P,BI,2016-07-01,-0.2
J2018PL075P,BI,2016-10-01,-0.2
J2018PL075P,BI,2017-01-01,0.5
J2018PL075P,BI,2017-04-01,0.4
J2018PL075P,BI,2017-07-01,0.5
J2018PL075P,BI,2017-10-01,0.8
J2018PL075P,BI,2018-01-01,0.7
J2018PL075P,P,2018-04-01,0.9
J2018PL075P,P,2018-07-01,0.9
J2018PL075P,P,2018-10-01,0.9
J2018PL075P,P,2019-01-01,0.8
J2018PL075P,P,2019-04-01,0.9
J2018PL075P,P,2019-07-01,0.9
J2018PL075P,P,2019-10-01,1
J2018PL075P,P,2020-01-01,1.2
J2018PL075P,P,2020-04-01,1.4
J2018PL075P,P,2020-07-01,1.7
J2018PL075P,P,2020-10-01,1.9
J2018PL075P,P,2021-01-01,2.2
J2019PL075P,BI,2016-01-01,-1
J2019PL075P,BI,2016-04-01,-0.4
J2019PL075P,BI,2016-07-01,-0.2
J2019PL075P,BI,2016-10-01,-0.2
J2019PL075P,BI,2017-01-01,0.5
J2019PL075P,BI,2017-04-01,0.4
J2019PL075P,BI,2017-07-01,0.5
J2019PL075P,BI,2017-10-01,0.8
J2019PL075P,BI,2018-01-01,0.7
J2019PL075P,BI,2018-04-01,1
J2019PL075P,BI,2018-07-01,1.1
J2019PL075P,BI,2018-10-01,0.9
J2019PL075P,BI,2019-01-01,0.6
J2019PL075P,P,2019-04-01,0.6
J2019PL075P,P,2019-07-01,0.5
J2019PL075P,P,2019-10-01,0.5
J2019PL075P,P,2020-01-01,0.7
J2019PL075P,P,2020-04-01,0.7
J2019PL075P,P,2020-07-01,0.7
J2019PL075P,P,2020-10-01,0.8
J2019PL075P,P,2021-01-01,0.9
J2019PL075P,P,2021-04-01,1
J2019PL075P,P,2021-07-01,1.2
J2019PL075P,P,2021-10-01,1.4
J2019PL075P,P,2022-01-01,1.5
J2020PP075P,BI,2017-01-01,0.5
J2020PP075P,BI,2017-04-01,0.4
J2020PP075P,BI,2017-07-01,0.5
J2020PP075P,BI,2017-10-01,0.8
J2020PP075P,BI,2018-01-01,0.7
J2020PP075P,BI,2018-04-01,1
J2020PP075P,BI,2018-07-01,1.1
J2020PP075P,BI,2018-10-01,0.9
J2020PP075P,BI,2019-01-01,0.6
J2020PP075P,BI,2019-04-01,0.6
J2020PP075P,BI,2019-07-01,0.3
J2020PP075P,BI,2019-10-01,-0.1
J2020PP075P,BI,2020-01-01,-0.1
J2020PP075P,P,2020-04-01,-1.2
J2020PP075P,P,2020-07-01,-1
J2020PP075P,P,2020-10-01,-0.6
J2020PP075P,P,2021-01-01,-0.5
J2020PP075P,P,2021-04-01,-0.2
J2020PP075P,P,2021-07-01,-0.1
J2020PP075P,P,2021-10-01,0
J2020PP075P,P,2022-01-01,0
J2020PP075P,P,2022-04-01,0.1
J2020PP075P,P,2022-07-01,0.2
J2020PP075P,P,2022-10-01,0.3
J2020PP075P,P,2023-01-01,0.4
J2021POFFP,BI,2018-01-01,0.7
J2021POFFP,BI,2018-04-01,1
J2021POFFP,BI,2018-07-01,1.1
J2021POFFP,BI,2018-10-01,0.9
J2021POFFP,BI,2019-01-01,0.6
J2021POFFP,BI,2019-04-01,0.6
J2021POFFP,BI,2019-07-01,0.3
J2021POFFP,BI,2019-10-01,-0.1
J2021POFFP,BI,2020-01-01,-0.1
J2021POFFP,BI,2020-04-01,-1.2
J2021POFFP,BI,2020-07-01,-0.9
J2021POFFP,BI,2020-10-01,-0.7
J2021POFFP,BI,2021-01-01,-0.4
J2021POFFP,P,2021-04-01,0.5
J2021POFFP,P,2021-07-01,0.7
J2021POFFP,P,2021-10-01,1
J2021POFFP,P,2022-01-01,0.8
J2021POFFP,P,2022-04-01,0.6
J2021POFFP,P,2022-07-01,0.4
J2021POFFP,P,2022-10-01,0.4
J2021POFFP,P,2023-01-01,0.5
J2021POFFP,P,2023-04-01,0.5
J2021POFFP,P,2023-07-01,0.6
J2021POFFP,P,2023-10-01,0.7
J2021POFFP,P,2024-01-01,0.8
J2022POFFP,BI,2019-01-01,0.6
J2022POFFP,BI,2019-04-01,0.6
J2022POFFP,BI,2019-07-01,0.3
J2022POFFP,BI,2019-10-01,-0.1
J2022POFFP,BI,2020-01-01,-0.1
J2022POFFP,BI,2020-04-01,-1.2
J2022POFFP,BI,2020-07-01,-0.9
J2022POFFP,BI,2020-10-01,-0.7
J2022POFFP,BI,2021-01-01,-0.4
J2022POFFP,BI,2021-04-01,0.5
J2022POFFP,BI,2021-07-01,0.8
J2022POFFP,BI,2021-10-01,1.4
J2022POFFP,BI,2022-01-01,2.1
J2022POFFP,P,2022-04-01,2.9
J2022POFFP,P,2022-07-01,3.2
J2022POFFP,P,2022-10-01,3
J2022POFFP,P,2023-01-01,2.8
J2022POFFP,P,2023-04-01,1.9
J2022POFFP,P,2023-07-01,1.5
J2022POFFP,P,2023-10-01,1.4
J2022POFFP,P,2024-01-01,1.4
J2022POFFP,P,2024-04-01,1.5
J2022POFFP,P,2024-07-01,1.7
J2022POFFP,P,2024-10-01,1.9
J2022POFFP,P,2025-01-01,2.1
J2023POFFP,BI,2020-01-01,-0.1
J2023POFFP,BI,2020-04-01,-1.2
J2023POFFP,BI,2020-07-01,-0.9
J2023POFFP,BI,2020-10-01,-0.7
J2023POFFP,BI,2021-01-01,-0.4
J2023POFFP,BI,2021-04-01,0.5
J2023POFFP,BI,2021-07-01,0.8
J2023POFFP,BI,2021-10-01,1.4
J2023POFFP,BI,2022-01-01,2.1
J2023POFFP,BI,2022-04-01,3
J2023POFFP,BI,2022-07-01,3.4
J2023POFFP,BI,2022-10-01,2.9
J2023POFFP,BI,2023-01-01,3.2
J2023POFFP,P,2023-04-01,2.1
J2023POFFP,P,2023-07-01,1.7
J2023POFFP,P,2023-10-01,2
J2023POFFP,P,2024-01-01,2.1
J2023POFFP,P,2024-04-01,2.2
J2023POFFP,P,2024-07-01,2.3
J2023POFFP,P,2024-10-01,2.2
J2023POFFP,P,2025-01-01,2.2
J2023POFFP,P,2025-04-01,2.1
J2023POFFP,P,2025-07-01,2.1
J2023POFFP,P,2025-10-01,2.1
J2023POFFP,P,2026-01-01,2.1
J2024POFFP,BI,2021-01-01,-0.4
J2024POFFP,BI,2021-04-01,0.5
J2024POFFP,BI,2021-07-01,0.8
J2024POFFP,BI,2021-10-01,1.4
J2024POFFP,BI,2022-01-01,2.1
J2024POFFP,BI,2022-04-01,3
J2024POFFP,BI,2022-07-01,3.4
J2024POFFP,BI,2022-10-01,2.9
J2024POFFP,BI,2023-01-01,3.2
J2024POFFP,BI,2023-04-01,2.1
J2024POFFP,BI,2023-07-01,1.6
J2024POFFP,BI,2023-10-01,1.6
J2024POFFP,BI,2024-01-01,1.2
J2024POFFP,P,2024-04-01,1.4
J2024POFFP,P,2024-07-01,1.5
J2024POFFP,P,2024-10-01,1.4
J2024POFFP,P,2025-01-01,1.2
J2024POFFP,P,2025-04-01,1.1
J2024POFFP,P,2025-07-01,1.1
J2024POFFP,P,2025-10-01,1.1
J2024POFFP,P,2026-01-01,1.1
J2024POFFP,P,2026-04-01,1
J2024POFFP,P,2026-07-01,1
J2024POFFP,P,2026-10-01,1
J2024POFFP,P,2027-01-01,1
J2025POFFP,BI,2022-01-01,2.1
J2025POFFP,BI,2022-04-01,3
J2025POFFP,BI,2022-07-01,3.4
J2025POFFP,BI,2022-10-01,2.9
J2025POFFP,BI,2023-01-01,3.2
J2025POFFP,BI,2023-04-01,2.1
J2025POFFP,BI,2023-07-01,1.6
J2025POFFP,BI,2023-10-01,1.6
J2025POFFP,BI,2024-01-01,1.2
J2025POFFP,BI,2024-04-01,1.4
J2025POFFP,BI,2024-07-01,1.1
J2025POFFP,BI,2024-10-01,0.7
J2025POFFP,BI,2025-01-01,0.4
J2025POFFP,P,2025-04-01,0
J2025POFFP,P,2025-07-01,0.1
J2025POFFP,P,2025-10-01,0.3
J2025POFFP,P,2026-01-01,0.4
J2025POFFP,P,2026-04-01,0.5
J2025POFFP,P,2026-07-01,0.5
J2025POFFP,P,2026-10-01,0.6
J2025POFFP,P,2027-01-01,0.6
J2025POFFP,P,2027-04-01,0.7
J2025POFFP,P,2027-07-01,0.7
J2025POFFP,P,2027-10-01,0.7
J2025POFFP,P,2028-01-01,0.7
J2026POFFP,BI,2023-01-01,3.2
J2026POFFP,BI,2023-04-01,2.1
J2026POFFP,BI,2023-07-01,1.6
J2026POFFP,BI,2023-10-01,1.6
J2026POFFP,BI,2024-01-01,1.2
J2026POFFP,BI,2024-04-01,1.4
J2026POFFP,BI,2024-07-01,1.1
J2026POFFP,BI,2024-10-01,0.7
J2026POFFP,BI,2025-01-01,0.4
J2026POFFP,BI,2025-04-01,0
J2026POFFP,BI,2025-07-01,0.2
J2026POFFP,BI,2025-10-01,0.1
J2026POFFP,BI,2026-01-01,0.2
J2026POFFP,P,2026-04-01,0.6
J2026POFFP,P,2026-07-01,0.7
J2026POFFP,P,2026-10-01,0.8
J2026POFFP,P,2027-01-01,0.8
J2026POFFP,P,2027-04-01,0.5
J2026POFFP,P,2027-07-01,0.6
J2026POFFP,P,2027-10-01,0.6
J2026POFFP,P,2028-01-01,0.6
J2026POFFP,P,2028-04-01,0.7
J2026POFFP,P,2028-07-01,0.7
J2026POFFP,P,2028-10-01,0.7
J2026POFFP,P,2029-01-01,0.8
M2005PL075P,BI,2001-01-01,1.02
M2005PL075P,BI,2001-04-01,1.5
M2005PL075P,BI,2001-07-01,1.03
M2005PL075P,BI,2001-10-01,0.41
M2005PL075P,BI,2002-01-01,0.56
M2005PL075P,BI,2002-04-01,0.69
M2005PL075P,BI,2002-07-01,0.31
M2005PL075P,BI,2002-10-01,1.01
M2005PL075P,BI,2003-01-01,1.05
M2005PL075P,BI,2003-04-01,0.54
M2005PL075P,BI,2003-07-01,0.45
M2005PL075P,BI,2003-10-01,0.52
M2005PL075P,BI,2004-01-01,0.06
M2005PL075P,BI,2004-04-01,0.87
M2005PL075P,BI,2004-07-01,0.91
M2005PL075P,BI,2004-10-01,1.38
M2005PL075P,P,2005-01-01,1.33
M2005PL075P,P,2005-04-01,0.96
M2005PL075P,P,2005-07-01,0.91
M2005PL075P,P,2005-10-01,0.7
M2005PL075P,P,2006-01-01,0.76
M2005PL075P,P,2006-04-01,0.93
M2005PL075P,P,2006-07-01,1.14
M2005PL075P,P,2006-10-01,1.36
M2005PL075P,P,2007-01-01,1.65
M2005PL075P,P,2007-04-01,1.94
M2005PL075P,P,2007-07-01,2.25
M2005PL075P,P,2007-10-01,2.6
M2006PL125P,BI,2002-01-01,0.56
M2006PL125P,BI,2002-04-01,0.69
M2006PL125P,BI,2002-07-01,0.31
M2006PL125P,BI,2002-10-01,1.01
M2006PL125P,BI,2003-01-01,1.05
M2006PL125P,BI,2003-04-01,0.5
M2006PL125P,BI,2003-07-01,0.4
M2006PL125P,BI,2003-10-01,0.5
M2006PL125P,BI,2004-01-01,0.06
M2006PL125P,BI,2004-04-01,0.87
M2006PL125P,BI,2004-07-01,0.91
M2006PL125P,BI,2004-10-01,1.38
M2006PL125P,BI,2005-01-01,1.35
M2006PL125P,BI,2005-04-01,1.06
M2006PL125P,BI,2005-07-01,1.18
M2006PL125P,BI,2005-10-01,1.1
M2006PL125P,P,2006-01-01,1.25
M2006PL125P,P,2006-04-01,1.01
M2006PL125P,P,2006-07-01,0.94
M2006PL125P,P,2006-10-01,0.76
M2006PL125P,P,2007-01-01,0.85
M2006PL125P,P,2007-04-01,1.05
M2006PL125P,P,2007-07-01,1.24
M2006PL125P,P,2007-10-01,1.45
M2006PL125P,P,2008-01-01,1.65
M2006PL125P,P,2008-04-01,1.88
M2006PL125P,P,2008-07-01,2.11
M2006PL125P,P,2008-10-01,2.4
M2007PL225P,BI,2003-01-01,1.05
M2007PL225P,BI,2003-04-01,0.5
M2007PL225P,BI,2003-07-01,0.4
M2007PL225P,BI,2003-10-01,0.5
M2007PL225P,BI,2004-01-01,0.06
M2007PL225P,BI,2004-04-01,0.87
M2007PL225P,BI,2004-07-01,0.91
M2007PL225P,BI,2004-10-01,1.38
M2007PL225P,BI,2005-01-01,1.35
M2007PL225P,BI,2005-04-01,1.06
M2007PL225P,BI,2005-07-01,1.18
M2007PL225P,BI,2005-10-01,1.1
M2007PL225P,BI,2006-01-01,1.23
M2007PL225P,BI,2006-04-01,1.33
M2007PL225P,BI,2006-07-01,1.2
M2007PL225P,BI,2006-10-01,0.5
M2007PL225P,P,2007-01-01,0.13
M2007PL225P,P,2007-04-01,0.22
M2007PL225P,P,2007-07-01,0.44
M2007PL225P,P,2007-10-01,1.06
M2007PL225P,P,2008-01-01,1.22
M2007PL225P,P,2008-04-01,1.33
M2007PL225P,P,2008-07-01,1.41
M2007PL225P,P,2008-10-01,1.47
M2007PL225P,P,2009-01-01,1.54
M2007PL225P,P,2009-04-01,1.6
M2007PL225P,P,2009-07-01,1.66
M2007PL225P,P,2009-10-01,1.75
M2008PL275P,BI,2004-01-01,0.06
M2008PL275P,BI,2004-04-01,0.87
M2008PL275P,BI,2004-07-01,0.91
M2008PL275P,BI,2004-10-01,1.38
M2008PL275P,BI,2005-01-01,1.35
M2008PL275P,BI,2005-04-01,1.06
M2008PL275P,BI,2005-07-01,1.18
M2008PL275P,BI,2005-10-01,1.1
M2008PL275P,BI,2006-01-01,1.23
M2008PL275P,BI,2006-04-01,1.33
M2008PL275P,BI,2006-07-01,1.22
M2008PL275P,BI,2006-10-01,0.46
M2008PL275P,BI,2007-01-01,0.09
M2008PL275P,BI,2007-04-01,0.52
M2008PL275P,BI,2007-07-01,0.63
M2008PL275P,BI,2007-10-01,1.68
M2008PL275P,P,2008-01-01,2.41
M2008PL275P,P,2008-04-01,2.07
M2008PL275P,P,2008-07-01,2.01
M2008PL275P,P,2008-10-01,1.53
M2008PL275P,P,2009-01-01,1.37
M2008PL275P,P,2009-04-01,1.35
M2008PL275P,P,2009-07-01,1.36
M2008PL275P,P,2009-10-01,1.37
M2008PL275P,P,2010-01-01,1.38
M2008PL275P,P,2010-04-01,1.4
M2008PL275P,P,2010-07-01,1.43
M2008PL275P,P,2010-10-01,1.47
M2009PL025P,BI,2005-01-01,1.35
M2009PL025P,BI,2005-04-01,1.06
M2009PL025P,BI,2005-07-01,1.18
M2009PL025P,BI,2005-10-01,1.1
M2009PL025P,BI,2006-01-01,1.23
M2009PL025P,BI,2006-04-01,1.33
M2009PL025P,BI,2006-07-01,1.22
M2009PL025P,BI,2006-10-01,0.46
M2009PL025P,BI,2007-01-01,0.09
M2009PL025P,BI,2007-04-01,0.52
M2009PL025P,BI,2007-07-01,0.63
M2009PL025P,BI,2007-10-01,1.68
M2009PL025P,BI,2008-01-01,2.5
M2009PL025P,BI,2008-04-01,2.7
M2009PL025P,BI,2008-07-01,3
M2009PL025P,BI,2008-10-01,1.6
M2009PL025P,P,2009-01-01,0.1
M2009PL025P,P,2009-04-01,-0.86
M2009PL025P,P,2009-07-01,-0.98
M2009PL025P,P,2009-10-01,-0.43
M2009PL025P,P,2010-01-01,0.09
M2009PL025P,P,2010-04-01,0.19
M2009PL025P,P,2010-07-01,0.13
M2009PL025P,P,2010-10-01,0.01
M2009PL025P,P,2011-01-01,-0.05
M2009PL025P,P,2011-04-01,-0.04
M2009PL025P,P,2011-07-01,0.1
M2009PL025P,P,2011-10-01,0.25
M2010PL025P,BI,2006-01-01,1.23
M2010PL025P,BI,2006-04-01,1.33
M2010PL025P,BI,2006-07-01,1.22
M2010PL025P,BI,2006-10-01,0.46
M2010PL025P,BI,2007-01-01,0.09
M2010PL025P,BI,2007-04-01,0.52
M2010PL025P,BI,2007-07-01,0.63
M2010PL025P,BI,2007-10-01,1.68
M2010PL025P,BI,2008-01-01,2.47
M2010PL025P,BI,2008-04-01,2.68
M2010PL025P,BI,2008-07-01,2.97
M2010PL025P,BI,2008-10-01,1.58
M2010PL025P,BI,2009-01-01,-0.02
M2010PL025P,BI,2009-04-01,-0.75
M2010PL025P,BI,2009-07-01,-0.97
M2010PL025P,BI,2009-10-01,-0.2
M2010PL025P,P,2010-01-01,0.95
M2010PL025P,P,2010-04-01,0.71
M2010PL025P,P,2010-07-01,0.6
M2010PL025P,P,2010-10-01,0.52
M2010PL025P,P,2011-01-01,0.55
M2010PL025P,P,2011-04-01,0.7
M2010PL025P,P,2011-07-01,0.96
M2010PL025P,P,2011-10-01,1.3
M2010PL025P,P,2012-01-01,1.7
M2010PL025P,P,2012-04-01,2.07
M2010PL025P,P,2012-07-01,2.39
M2010PL025P,P,2012-10-01,2.75
M2011PL025P,BI,2007-01-01,0.1
M2011PL025P,BI,2007-04-01,0.5
M2011PL025P,BI,2007-07-01,0.6
M2011PL025P,BI,2007-10-01,1.7
M2011PL025P,BI,2008-01-01,2.5
M2011PL025P,BI,2008-04-01,2.7
M2011PL025P,BI,2008-07-01,3
M2011PL025P,BI,2008-10-01,1.6
M2011PL025P,BI,2009-01-01,0
M2011PL025P,BI,2009-04-01,-0.7
M2011PL025P,BI,2009-07-01,-1
M2011PL025P,BI,2009-10-01,-0.2
M2011PL025P,BI,2010-01-01,1.1
M2011PL025P,BI,2010-04-01,1
M2011PL025P,BI,2010-07-01,0.3
M2011PL025P,BI,2010-10-01,0.3
M2011PL025P,P,2011-01-01,0.4
M2011PL025P,P,2011-04-01,0.5
M2011PL025P,P,2011-07-01,1.2
M2011PL025P,P,2011-10-01,1
M2011PL025P,P,2012-01-01,0.9
M2011PL025P,P,2012-04-01,1
M2011PL025P,P,2012-07-01,1.1
M2011PL025P,P,2012-10-01,1.3
M2011PL025P,P,2013-01-01,1.5
M2011PL025P,P,2013-04-01,1.8
M2011PL025P,P,2013-07-01,2.1
M2011PL025P,P,2013-10-01,2.5
M2012PL000P,BI,2008-01-01,2.5
M2012PL000P,BI,2008-04-01,2.7
M2012PL000P,BI,2008-07-01,3
M2012PL000P,BI,2008-10-01,1.6
M2012PL000P,BI,2009-01-01,0
M2012PL000P,BI,2009-04-01,-0.7
M2012PL000P,BI,2009-07-01,-1
M2012PL000P,BI,2009-10-01,-0.2
M2012PL000P,BI,2010-01-01,1.1
M2012PL000P,BI,2010-04-01,1
M2012PL000P,BI,2010-07-01,0.3
M2012PL000P,BI,2010-10-01,0.3
M2012PL000P,BI,2011-01-01,0.6
M2012PL000P,BI,2011-04-01,0.4
M2012PL000P,BI,2011-07-01,0.4
M2012PL000P,BI,2011-10-01,-0.5
M2012PL000P,P,2012-01-01,-1
M2012PL000P,P,2012-04-01,-0.9
M2012PL000P,P,2012-07-01,-0.4
M2012PL000P,P,2012-10-01,-0.1
M2012PL000P,P,2013-01-01,0.1
M2012PL000P,P,2013-04-01,0.3
M2012PL000P,P,2013-07-01,0.3
M2012PL000P,P,2013-10-01,0.4
M2012PL000P,P,2014-01-01,0.5
M2012PL000P,P,2014-04-01,0.6
M2012PL000P,P,2014-07-01,0.7
M2012PL000P,P,2014-10-01,0.8
M2013PL000P,BI,2009-01-01,0
M2013PL000P,BI,2009-04-01,-0.7
M2013PL000P,BI,2009-07-01,-1
M2013PL000P,BI,2009-10-01,-0.2
M2013PL000P,BI,2010-01-01,1.1
M2013PL000P,BI,2010-04-01,1
M2013PL000P,BI,2010-07-01,0.3
M2013PL000P,BI,2010-10-01,0.3
M2013PL000P,BI,2011-01-01,0.6
M2013PL000P,BI,2011-04-01,0.4
M2013PL000P,BI,2011-07-01,0.4
M2013PL000P,BI,2011-10-01,-0.5
M2013PL000P,BI,2012-01-01,-0.9
M2013PL000P,BI,2012-04-01,-1
M2013PL000P,BI,2012-07-01,-0.5
M2013PL000P,BI,2012-10-01,-0.3
M2013PL000P,P,2013-01-01,-0.4
M2013PL000P,P,2013-04-01,-0.4
M2013PL000P,P,2013-07-01,-0.1
M2013PL000P,P,2013-10-01,0
M2013PL000P,P,2014-01-01,0.1
M2013PL000P,P,2014-04-01,0.2
M2013PL000P,P,2014-07-01,0.3
M2013PL000P,P,2014-10-01,0.4
M2013PL000P,P,2015-01-01,0.5
M2013PL000P,P,2015-04-01,0.6
M2013PL000P,P,2015-07-01,0.8
M2013PL000P,P,2015-10-01,0.9
M2014PL000P,BI,2010-01-01,1.1
M2014PL000P,BI,2010-04-01,1
M2014PL000P,BI,2010-07-01,0.3
M2014PL000P,BI,2010-10-01,0.3
M2014PL000P,BI,2011-01-01,0.6
M2014PL000P,BI,2011-04-01,0.4
M2014PL000P,BI,2011-07-01,0.4
M2014PL000P,BI,2011-10-01,-0.5
M2014PL000P,BI,2012-01-01,-0.9
M2014PL000P,BI,2012-04-01,-1
M2014PL000P,BI,2012-07-01,-0.5
M2014PL000P,BI,2012-10-01,-0.3
M2014PL000P,BI,2013-01-01,-0.4
M2014PL000P,BI,2013-04-01,-0.4
M2014PL000P,BI,2013-07-01,0
M2014PL000P,BI,2013-10-01,0
M2014PL000P,P,2014-01-01,0
M2014PL000P,P,2014-04-01,0
M2014PL000P,P,2014-07-01,-0.1
M2014PL000P,P,2014-10-01,0
M2014PL000P,P,2015-01-01,0.2
M2014PL000P,P,2015-04-01,0.3
M2014PL000P,P,2015-07-01,0.4
M2014PL000P,P,2015-10-01,0.6
M2014PL000P,P,2016-01-01,0.8
M2014PL000P,P,2016-04-01,0.9
M2014PL000P,P,2016-07-01,1.1
M2014PL000P,P,2016-10-01,1.3
M2015PL075P,BI,2011-01-01,0.6
M2015PL075P,BI,2011-04-01,0.4
M2015PL075P,BI,2011-07-01,0.4
M2015PL075P,BI,2011-10-01,-0.5
M2015PL075P,BI,2012-01-01,-0.9
M2015PL075P,BI,2012-04-01,-1
M2015PL075P,BI,2012-07-01,-0.5
M2015PL075P,BI,2012-10-01,-0.3
M2015PL075P,BI,2013-01-01,-0.4
M2015PL075P,BI,2013-04-01,-0.4
M2015PL075P,BI,2013-07-01,0
M2015PL075P,BI,2013-10-01,0
M2015PL075P,BI,2014-01-01,0
M2015PL075P,BI,2014-04-01,0.1
M2015PL075P,BI,2014-07-01,0
M2015PL075P,BI,2014-10-01,-0.1
M2015PL075P,P,2015-01-01,-0.8
M2015PL075P,P,2015-04-01,-1
M2015PL075P,P,2015-07-01,-1.2
M2015PL075P,P,2015-10-01,-1.2
M2015PL075P,P,2016-01-01,-0.9
M2015PL075P,P,2016-04-01,-0.6
M2015PL075P,P,2016-07-01,-0.4
M2015PL075P,P,2016-10-01,-0.2
M2015PL075P,P,2017-01-01,0
M2015PL075P,P,2017-04-01,0.2
M2015PL075P,P,2017-07-01,0.5
M2015PL075P,P,2017-10-01,0.7
M2016PL075P,BI,2012-01-01,-0.9
M2016PL075P,BI,2012-04-01,-1
M2016PL075P,BI,2012-07-01,-0.5
M2016PL075P,BI,2012-10-01,-0.3
M2016PL075P,BI,2013-01-01,-0.4
M2016PL075P,BI,2013-04-01,-0.4
M2016PL075P,BI,2013-07-01,0
M2016PL075P,BI,2013-10-01,0
M2016PL075P,BI,2014-01-01,0
M2016PL075P,BI,2014-04-01,0.1
M2016PL075P,BI,2014-07-01,0
M2016PL075P,BI,2014-10-01,-0.1
M2016PL075P,BI,2015-01-01,-0.7
M2016PL075P,BI,2015-04-01,-1.1
M2016PL075P,BI,2015-07-01,-1.4
M2016PL075P,BI,2015-10-01,-1.4
M2016PL075P,P,2016-01-01,-1
M2016PL075P,P,2016-04-01,-1
M2016PL075P,P,2016-07-01,-0.7
M2016PL075P,P,2016-10-01,-0.4
M2016PL075P,P,2017-01-01,-0.1
M2016PL075P,P,2017-04-01,0
M2016PL075P,P,2017-07-01,0.2
M2016PL075P,P,2017-10-01,0.4
M2016PL075P,P,2018-01-01,0.6
M2016PL075P,P,2018-04-01,0.8
M2016PL075P,P,2018-07-01,1
M2016PL075P,P,2018-10-01,1.2
M2017PL075P,BI,2013-01-01,-0.4
M2017PL075P,BI,2013-04-01,-0.4
M2017PL075P,BI,2013-07-01,0
M2017PL075P,BI,2013-10-01,0
M2017PL075P,BI,2014-01-01,0
M2017PL075P,BI,2014-04-01,0.1
M2017PL075P,BI,2014-07-01,0
M2017PL075P,BI,2014-10-01,-0.1
M2017PL075P,BI,2015-01-01,-0.7
M2017PL075P,BI,2015-04-01,-1.1
M2017PL075P,BI,2015-07-01,-1.4
M2017PL075P,BI,2015-10-01,-1.4
M2017PL075P,BI,2016-01-01,-1
M2017PL075P,BI,2016-04-01,-0.4
M2017PL075P,BI,2016-07-01,-0.2
M2017PL075P,BI,2016-10-01,-0.2
M2017PL075P,P,2017-01-01,0.5
M2017PL075P,P,2017-04-01,0.2
M2017PL075P,P,2017-07-01,0.2
M2017PL075P,P,2017-10-01,0.1
M2017PL075P,P,2018-01-01,0.2
M2017PL075P,P,2018-04-01,0.3
M2017PL075P,P,2018-07-01,0.4
M2017PL075P,P,2018-10-01,0.6
M2017PL075P,P,2019-01-01,0.8
M2017PL075P,P,2019-04-01,1
M2017PL075P,P,2019-07-01,1.2
M2017PL075P,P,2019-10-01,1.4
M2018PL075P,BI,2014-01-01,0
M2018PL075P,BI,2014-04-01,0.1
M2018PL075P,BI,2014-07-01,0
M2018PL075P,BI,2014-10-01,-0.1
M2018PL075P,BI,2015-01-01,-0.7
M2018PL075P,BI,2015-04-01,-1.1
M2018PL075P,BI,2015-07-01,-1.4
M2018PL075P,BI,2015-10-01,-1.4
M2018PL075P,BI,2016-01-01,-1
M2018PL075P,BI,2016-04-01,-0.4
M2018PL075P,BI,2016-07-01,-0.2
M2018PL075P,BI,2016-10-01,-0.2
M2018PL075P,BI,2017-01-01,0.5
M2018PL075P,BI,2017-04-01,0.4
M2018PL075P,BI,2017-07-01,0.5
M2018PL075P,BI,2017-10-01,0.8
M2018PL075P,P,2018-01-01,0.7
M2018PL075P,P,2018-04-01,0.6
M2018PL075P,P,2018-07-01,0.6
M2018PL075P,P,2018-10-01,0.6
M2018PL075P,P,2019-01-01,0.7
M2018PL075P,P,2019-04-01,0.8
M2018PL075P,P,2019-07-01,1
M2018PL075P,P,2019-10-01,1.2
M2018PL075P,P,2020-01-01,1.5
M2018PL075P,P,2020-04-01,1.7
M2018PL075P,P,2020-07-01,2
M2018PL075P,P,2020-10-01,2.2
M2019PL075P,BI,2015-01-01,-0.7
M2019PL075P,BI,2015-04-01,-1.1
M2019PL075P,BI,2015-07-01,-1.4
M2019PL075P,BI,2015-10-01,-1.4
M2019PL075P,BI,2016-01-01,-1
M2019PL075P,BI,2016-04-01,-0.4
M2019PL075P,BI,2016-07-01,-0.2
M2019PL075P,BI,2016-10-01,-0.2
M2019PL075P,BI,2017-01-01,0.5
M2019PL075P,BI,2017-04-01,0.4
M2019PL075P,BI,2017-07-01,0.5
M2019PL075P,BI,2017-10-01,0.8
M2019PL075P,BI,2018-01-01,0.7
M2019PL075P,BI,2018-04-01,1
M2019PL075P,BI,2018-07-01,1.1
M2019PL075P,BI,2018-10-01,0.9
M2019PL075P,P,2019-01-01,0.6
M2019PL075P,P,2019-04-01,0.3
M2019PL075P,P,2019-07-01,0.1
M2019PL075P,P,2019-10-01,0.2
M2019PL075P,P,2020-01-01,0.4
M2019PL075P,P,2020-04-01,0.5
M2019PL075P,P,2020-07-01,0.7
M2019PL075P,P,2020-10-01,0.8
M2019PL075P,P,2021-01-01,0.9
M2019PL075P,P,2021-04-01,1.1
M2019PL075P,P,2021-07-01,1.3
M2019PL075P,P,2021-10-01,1.5
M2020PP075P,BI,2016-01-01,-1
M2020PP075P,BI,2016-04-01,-0.4
M2020PP075P,BI,2016-07-01,-0.2
M2020PP075P,BI,2016-10-01,-0.2
M2020PP075P,BI,2017-01-01,0.5
M2020PP075P,BI,2017-04-01,0.4
M2020PP075P,BI,2017-07-01,0.5
M2020PP075P,BI,2017-10-01,0.8
M2020PP075P,BI,2018-01-01,0.7
M2020PP075P,BI,2018-04-01,1
M2020PP075P,BI,2018-07-01,1.1
M2020PP075P,BI,2018-10-01,0.9
M2020PP075P,BI,2019-01-01,0.6
M2020PP075P,BI,2019-04-01,0.6
M2020PP075P,BI,2019-07-01,0.3
M2020PP075P,BI,2019-10-01,-0.1
M2020PP075P,P,2020-01-01,-0.1
M2020PP075P,P,2020-04-01,-0.6
M2020PP075P,P,2020-07-01,-0.4
M2020PP075P,P,2020-10-01,-0.1
M2020PP075P,P,2021-01-01,0.1
M2020PP075P,P,2021-04-01,0.3
M2020PP075P,P,2021-07-01,0.4
M2020PP075P,P,2021-10-01,0.5
M2020PP075P,P,2022-01-01,0.5
M2020PP075P,P,2022-04-01,0.7
M2020PP075P,P,2022-07-01,0.8
M2020PP075P,P,2022-10-01,0.9
M2021PP075P,BI,2017-01-01,0.5
M2021PP075P,BI,2017-04-01,0.4
M2021PP075P,BI,2017-07-01,0.5
M2021PP075P,BI,2017-10-01,0.8
M2021PP075P,BI,2018-01-01,0.7
M2021PP075P,BI,2018-04-01,1
M2021PP075P,BI,2018-07-01,1.1
M2021PP075P,BI,2018-10-01,0.9
M2021PP075P,BI,2019-01-01,0.6
M2021PP075P,BI,2019-04-01,0.6
M2021PP075P,BI,2019-07-01,0.3
M2021PP075P,BI,2019-10-01,-0.1
M2021PP075P,BI,2020-01-01,-0.1
M2021PP075P,BI,2020-04-01,-1.2
M2021PP075P,BI,2020-07-01,-0.9
M2021PP075P,BI,2020-10-01,-0.7
M2021PP075P,P,2021-01-01,-0.4
M2021PP075P,P,2021-04-01,0.3
M2021PP075P,P,2021-07-01,0.5
M2021PP075P,P,2021-10-01,0.6
M2021PP075P,P,2022-01-01,0.5
M2021PP075P,P,2022-04-01,0.4
M2021PP075P,P,2022-07-01,0.3
M2021PP075P,P,2022-10-01,0.4
M2021PP075P,P,2023-01-01,0.4
M2021PP075P,P,2023-04-01,0.5
M2021PP075P,P,2023-07-01,0.6
M2021PP075P,P,2023-10-01,0.6
M2022POFFP,BI,2019-01-01,0.6
M2022POFFP,BI,2019-04-01,0.6
M2022POFFP,BI,2019-07-01,0.3
M2022POFFP,BI,2019-10-01,-0.1
M2022POFFP,BI,2020-01-01,-0.1
M2022POFFP,BI,2020-04-01,-1.2
M2022POFFP,BI,2020-07-01,-0.9
M2022POFFP,BI,2020-10-01,-0.7
M2022POFFP,BI,2021-01-01,-0.4
M2022POFFP,BI,2021-04-01,0.5
M2022POFFP,BI,2021-07-01,0.8
M2022POFFP,BI,2021-10-01,1.4
M2022POFFP,P,2022-01-01,2.2
M2022POFFP,P,2022-04-01,2.2
M2022POFFP,P,2022-07-01,2.1
M2022POFFP,P,2022-10-01,1.8
M2022POFFP,P,2023-01-01,1.2
M2022POFFP,P,2023-04-01,0.8
M2022POFFP,P,2023-07-01,0.7
M2022POFFP,P,2023-10-01,0.7
M2022POFFP,P,2024-01-01,0.8
M2022POFFP,P,2024-04-01,0.9
M2022POFFP,P,2024-07-01,1
M2022POFFP,P,2024-10-01,1.1
M2023POFFP,BI,2020-01-01,-0.1
M2023POFFP,BI,2020-04-01,-1.2
M2023POFFP,BI,2020-07-01,-0.9
M2023POFFP,BI,2020-10-01,-0.7
M2023POFFP,BI,2021-01-01,-0.4
M2023POFFP,BI,2021-04-01,0.5
M2023POFFP,BI,2021-07-01,0.8
M2023POFFP,BI,2021-10-01,1.4
M2023POFFP,BI,2022-01-01,2.1
M2023POFFP,BI,2022-04-01,3
M2023POFFP,BI,2022-07-01,3.4
M2023POFFP,BI,2022-10-01,2.9
M2023POFFP,P,2023-01-01,3.2
M2023POFFP,P,2023-04-01,2.7
M2023POFFP,P,2023-07-01,2.4
M2023POFFP,P,2023-10-01,2.3
M2023POFFP,P,2024-01-01,2.1
M2023POFFP,P,2024-04-01,2
M2023POFFP,P,2024-07-01,2
M2023POFFP,P,2024-10-01,2
M2023POFFP,P,2025-01-01,2
M2023POFFP,P,2025-04-01,2
M2023POFFP,P,2025-07-01,2.1
M2023POFFP,P,2025-10-01,2.1
M2024POFFP,BI,2021-01-01,-0.4
M2024POFFP,BI,2021-04-01,0.5
M2024POFFP,BI,2021-07-01,0.8
M2024POFFP,BI,2021-10-01,1.4
M2024POFFP,BI,2022-01-01,2.1
M2024POFFP,BI,2022-04-01,3
M2024POFFP,BI,2022-07-01,3.4
M2024POFFP,BI,2022-10-01,2.9
M2024POFFP,BI,2023-01-01,3.2
M2024POFFP,BI,2023-04-01,2.1
M2024POFFP,BI,2023-07-01,1.6
M2024POFFP,BI,2023-10-01,1.6
M2024POFFP,P,2024-01-01,1.2
M2024POFFP,P,2024-04-01,1.4
M2024POFFP,P,2024-07-01,1.5
M2024POFFP,P,2024-10-01,1.4
M2024POFFP,P,2025-01-01,1.2
M2024POFFP,P,2025-04-01,1.2
M2024POFFP,P,2025-07-01,1.2
M2024POFFP,P,2025-10-01,1.2
M2024POFFP,P,2026-01-01,1.2
M2024POFFP,P,2026-04-01,1.2
M2024POFFP,P,2026-07-01,1.1
M2024POFFP,P,2026-10-01,1.1
M2025POFFP,BI,2022-01-01,2.1
M2025POFFP,BI,2022-04-01,3
M2025POFFP,BI,2022-07-01,3.4
M2025POFFP,BI,2022-10-01,2.9
M2025POFFP,BI,2023-01-01,3.2
M2025POFFP,BI,2023-04-01,2.1
M2025POFFP,BI,2023-07-01,1.6
M2025POFFP,BI,2023-10-01,1.6
M2025POFFP,BI,2024-01-01,1.2
M2025POFFP,BI,2024-04-01,1.4
M2025POFFP,BI,2024-07-01,1.1
M2025POFFP,BI,2024-10-01,0.7
M2025POFFP,P,2025-01-01,0.4
M2025POFFP,P,2025-04-01,0.3
M2025POFFP,P,2025-07-01,0.4
M2025POFFP,P,2025-10-01,0.6
M2025POFFP,P,2026-01-01,0.8
M2025POFFP,P,2026-04-01,0.8
M2025POFFP,P,2026-07-01,0.8
M2025POFFP,P,2026-10-01,0.8
M2025POFFP,P,2027-01-01,0.8
M2025POFFP,P,2027-04-01,0.7
M2025POFFP,P,2027-07-01,0.8
M2025POFFP,P,2027-10-01,0.8
M2026POFFP,BI,2023-01-01,3.2
M2026POFFP,BI,2023-04-01,2.1
M2026POFFP,BI,2023-07-01,1.6
M2026POFFP,BI,2023-10-01,1.6
M2026POFFP,BI,2024-01-01,1.2
M2026POFFP,BI,2024-04-01,1.4
M2026POFFP,BI,2024-07-01,1.1
M2026POFFP,BI,2024-10-01,0.7
M2026POFFP,BI,2025-01-01,0.4
M2026POFFP,BI,2025-04-01,0
M2026POFFP,BI,2025-07-01,0.2
M2026POFFP,BI,2025-10-01,0.1
M2026POFFP,P,2026-01-01,0.2
M2026POFFP,P,2026-04-01,0.5
M2026POFFP,P,2026-07-01,0.6
M2026POFFP,P,2026-10-01,0.6
M2026POFFP,P,2027-01-01,0.6
M2026POFFP,P,2027-04-01,0.5
M2026POFFP,P,2027-07-01,0.5
M2026POFFP,P,2027-10-01,0.6
M2026POFFP,P,2028-01-01,0.6
M2026POFFP,P,2028-04-01,0.6
M2026POFFP,P,2028-07-01,0.7
M2026POFFP,P,2028-10-01,0.7
S2004PL075P,BI,2001-01-01,1.02
S2004PL075P,BI,2001-04-01,1.5
S2004PL075P,BI,2001-07-01,1.03
S2004PL075P,BI,2001-10-01,0.41
S2004PL075P,BI,2002-01-01,0.56
S2004PL075P,BI,2002-04-01,0.69
S2004PL075P,BI,2002-07-01,0.31
S2004PL075P,BI,2002-10-01,1.01
S2004PL075P,BI,2003-01-01,1.05
S2004PL075P,BI,2003-04-01,0.54
S2004PL075P,BI,2003-07-01,0.45
S2004PL075P,BI,2003-10-01,0.52
S2004PL075P,BI,2004-01-01,0.06
S2004PL075P,BI,2004-04-01,0.87
S2004PL075P,P,2004-07-01,0.83
S2004PL075P,P,2004-10-01,1.1
S2004PL075P,P,2005-01-01,1.2
S2004PL075P,P,2005-04-01,0.93
S2004PL075P,P,2005-07-01,0.78
S2004PL075P,P,2005-10-01,0.98
S2004PL075P,P,2006-01-01,1.21
S2004PL075P,P,2006-04-01,1.5
S2004PL075P,P,2006-07-01,1.84
S2004PL075P,P,2006-10-01,2.2
S2004PL075P,P,2007-01-01,2.55
S2004PL075P,P,2007-04-01,2.9
S2005PL075P,BI,2002-01-01,0.56
S2005PL075P,BI,2002-04-01,0.69
S2005PL075P,BI,2002-07-01,0.31
S2005PL075P,BI,2002-10-01,1.01
S2005PL075P,BI,2003-01-01,1.05
S2005PL075P,BI,2003-04-01,0.5
S2005PL075P,BI,2003-07-01,0.4
S2005PL075P,BI,2003-10-01,0.5
S2005PL075P,BI,2004-01-01,0.06
S2005PL075P,BI,2004-04-01,0.87
S2005PL075P,BI,2004-07-01,0.91
S2005PL075P,BI,2004-10-01,1.4
S2005PL075P,BI,2005-01-01,1.4
S2005PL075P,BI,2005-04-01,1.1
S2005PL075P,P,2005-07-01,1.21
S2005PL075P,P,2005-10-01,1.15
S2005PL075P,P,2006-01-01,1.15
S2005PL075P,P,2006-04-01,0.8
S2005PL075P,P,2006-07-01,0.55
S2005PL075P,P,2006-10-01,0.75
S2005PL075P,P,2007-01-01,1
S2005PL075P,P,2007-04-01,1.25
S2005PL075P,P,2007-07-01,1.53
S2005PL075P,P,2007-10-01,1.85
S2005PL075P,P,2008-01-01,2.2
S2005PL075P,P,2008-04-01,2.6
S2006PL175P,BI,2003-01-01,1.05
S2006PL175P,BI,2003-04-01,0.5
S2006PL175P,BI,2003-07-01,0.4
S2006PL175P,BI,2003-10-01,0.5
S2006PL175P,BI,2004-01-01,0.06
S2006PL175P,BI,2004-04-01,0.87
S2006PL175P,BI,2004-07-01,0.91
S2006PL175P,BI,2004-10-01,1.38
S2006PL175P,BI,2005-01-01,1.35
S2006PL175P,BI,2005-04-01,1.06
S2006PL175P,BI,2005-07-01,1.18
S2006PL175P,BI,2005-10-01,1.1
S2006PL175P,BI,2006-01-01,1.23
S2006PL175P,BI,2006-04-01,1.33
S2006PL175P,P,2006-07-01,1.4
S2006PL175P,P,2006-10-01,1.09
S2006PL175P,P,2007-01-01,1.02
S2006PL175P,P,2007-04-01,1.06
S2006PL175P,P,2007-07-01,1.13
S2006PL175P,P,2007-10-01,1.23
S2006PL175P,P,2008-01-01,1.36
S2006PL175P,P,2008-04-01,1.53
S2006PL175P,P,2008-07-01,1.7
S2006PL175P,P,2008-10-01,1.89
S2006PL175P,P,2009-01-01,2.09
S2006PL175P,P,2009-04-01,2.3
S2007PL275P,BI,2004-01-01,0.06
S2007PL275P,BI,2004-04-01,0.87
S2007PL275P,BI,2004-07-01,0.91
S2007PL275P,BI,2004-10-01,1.38
S2007PL275P,BI,2005-01-01,1.35
S2007PL275P,BI,2005-04-01,1.06
S2007PL275P,BI,2005-07-01,1.18
S2007PL275P,BI,2005-10-01,1.1
S2007PL275P,BI,2006-01-01,1.23
S2007PL275P,BI,2006-04-01,1.33
S2007PL275P,BI,2006-07-01,1.22
S2007PL275P,BI,2006-10-01,0.46
S2007PL275P,BI,2007-01-01,0.09
S2007PL275P,BI,2007-04-01,0.52
S2007PL275P,P,2007-07-01,0.66
S2007PL275P,P,2007-10-01,1.2
S2007PL275P,P,2008-01-01,1.5
S2007PL275P,P,2008-04-01,1.38
S2007PL275P,P,2008-07-01,1.57
S2007PL275P,P,2008-10-01,1.69
S2007PL275P,P,2009-01-01,1.75
S2007PL275P,P,2009-04-01,1.8
S2007PL275P,P,2009-07-01,1.85
S2007PL275P,P,2009-10-01,1.91
S2007PL275P,P,2010-01-01,1.96
S2007PL275P,P,2010-04-01,2
S2008PL275P,BI,2005-01-01,1.35
S2008PL275P,BI,2005-04-01,1.06
S2008PL275P,BI,2005-07-01,1.18
S2008PL275P,BI,2005-10-01,1.1
S2008PL275P,BI,2006-01-01,1.23
S2008PL275P,BI,2006-04-01,1.33
S2008PL275P,BI,2006-07-01,1.22
S2008PL275P,BI,2006-10-01,0.46
S2008PL275P,BI,2007-01-01,0.09
S2008PL275P,BI,2007-04-01,0.52
S2008PL275P,BI,2007-07-01,0.63
S2008PL275P,BI,2007-10-01,1.68
S2008PL275P,BI,2008-01-01,2.5
S2008PL275P,BI,2008-04-01,2.7
S2008PL275P,P,2008-07-01,2.96
S2008PL275P,P,2008-10-01,2.69
S2008PL275P,P,2009-01-01,2.32
S2008PL275P,P,2009-04-01,2
S2008PL275P,P,2009-07-01,1.7
S2008PL275P,P,2009-10-01,1.54
S2008PL275P,P,2010-01-01,1.42
S2008PL275P,P,2010-04-01,1.35
S2008PL275P,P,2010-07-01,1.3
S2008PL275P,P,2010-10-01,1.27
S2008PL275P,P,2011-01-01,1.27
S2008PL275P,P,2011-04-01,1.28
S2009PL025P,BI,2006-01-01,1.23
S2009PL025P,BI,2006-04-01,1.33
S2009PL025P,BI,2006-07-01,1.22
S2009PL025P,BI,2006-10-01,0.46
S2009PL025P,BI,2007-01-01,0.09
S2009PL025P,BI,2007-04-01,0.52
S2009PL025P,BI,2007-07-01,0.63
S2009PL025P,BI,2007-10-01,1.68
S2009PL025P,BI,2008-01-01,2.5
S2009PL025P,BI,2008-04-01,2.7
S2009PL025P,BI,2008-07-01,3
S2009PL025P,BI,2008-10-01,1.6
S2009PL025P,BI,2009-01-01,0
S2009PL025P,BI,2009-04-01,-0.75
S2009PL025P,P,2009-07-01,-0.92
S2009PL025P,P,2009-10-01,-0.2
S2009PL025P,P,2010-01-01,0.84
S2009PL025P,P,2010-04-01,0.63
S2009PL025P,P,2010-07-01,0.5
S2009PL025P,P,2010-10-01,0.43
S2009PL025P,P,2011-01-01,0.49
S2009PL025P,P,2011-04-01,0.7
S2009PL025P,P,2011-07-01,1.07
S2009PL025P,P,2011-10-01,1.46
S2009PL025P,P,2012-01-01,1.87
S2009PL025P,P,2012-04-01,2.28
S2010PL025P,BI,2007-01-01,0.09
S2010PL025P,BI,2007-04-01,0.52
S2010PL025P,BI,2007-07-01,0.63
S2010PL025P,BI,2007-10-01,1.68
S2010PL025P,BI,2008-01-01,2.47
S2010PL025P,BI,2008-04-01,2.68
S2010PL025P,BI,2008-07-01,2.97
S2010PL025P,BI,2008-10-01,1.58
S2010PL025P,BI,2009-01-01,-0.02
S2010PL025P,BI,2009-04-01,-0.75
S2010PL025P,BI,2009-07-01,-0.97
S2010PL025P,BI,2009-10-01,-0.2
S2010PL025P,BI,2010-01-01,1.1
S2010PL025P,BI,2010-04-01,1
S2010PL025P,P,2010-07-01,0.4
S2010PL025P,P,2010-10-01,0.18
S2010PL025P,P,2011-01-01,0
S2010PL025P,P,2011-04-01,0.15
S2010PL025P,P,2011-07-01,0.36
S2010PL025P,P,2011-10-01,0.59
S2010PL025P,P,2012-01-01,0.84
S2010PL025P,P,2012-04-01,1.08
S2010PL025P,P,2012-07-01,1.33
S2010PL025P,P,2012-10-01,1.6
S2010PL025P,P,2013-01-01,1.89
S2010PL025P,P,2013-04-01,2.25
S2011PL000P,BI,2008-01-01,2.5
S2011PL000P,BI,2008-04-01,2.7
S2011PL000P,BI,2008-07-01,3
S2011PL000P,BI,2008-10-01,1.6
S2011PL000P,BI,2009-01-01,0
S2011PL000P,BI,2009-04-01,-0.7
S2011PL000P,BI,2009-07-01,-1
S2011PL000P,BI,2009-10-01,-0.2
S2011PL000P,BI,2010-01-01,1.1
S2011PL000P,BI,2010-04-01,1
S2011PL000P,BI,2010-07-01,0.3
S2011PL000P,BI,2010-10-01,0.3
S2011PL000P,BI,2011-01-01,0.6
S2011PL000P,BI,2011-04-01,0.4
S2011PL000P,P,2011-07-01,0.4
S2011PL000P,P,2011-10-01,0.1
S2011PL000P,P,2012-01-01,-0.4
S2011PL000P,P,2012-04-01,-0.5
S2011PL000P,P,2012-07-01,-0.2
S2011PL000P,P,2012-10-01,0
S2011PL000P,P,2013-01-01,0.2
S2011PL000P,P,2013-04-01,0.4
S2011PL000P,P,2013-07-01,0.5
S2011PL000P,P,2013-10-01,0.7
S2011PL000P,P,2014-01-01,0.9
S2011PL000P,P,2014-04-01,1
S2012PL000P,BI,2009-01-01,0
S2012PL000P,BI,2009-04-01,-0.7
S2012PL000P,BI,2009-07-01,-1
S2012PL000P,BI,2009-10-01,-0.2
S2012PL000P,BI,2010-01-01,1.1
S2012PL000P,BI,2010-04-01,1
S2012PL000P,BI,2010-07-01,0.3
S2012PL000P,BI,2010-10-01,0.3
S2012PL000P,BI,2011-01-01,0.6
S2012PL000P,BI,2011-04-01,0.4
S2012PL000P,BI,2011-07-01,0.4
S2012PL000P,BI,2011-10-01,-0.5
S2012PL000P,BI,2012-01-01,-0.9
S2012PL000P,BI,2012-04-01,-1
S2012PL000P,P,2012-07-01,-0.5
S2012PL000P,P,2012-10-01,0
S2012PL000P,P,2013-01-01,0.1
S2012PL000P,P,2013-04-01,0.2
S2012PL000P,P,2013-07-01,0.2
S2012PL000P,P,2013-10-01,0.2
S2012PL000P,P,2014-01-01,0.3
S2012PL000P,P,2014-04-01,0.4
S2012PL000P,P,2014-07-01,0.5
S2012PL000P,P,2014-10-01,0.6
S2012PL000P,P,2015-01-01,0.7
S2012PL000P,P,2015-04-01,0.8
S2013PL000P,BI,2010-01-01,1.1
S2013PL000P,BI,2010-04-01,1
S2013PL000P,BI,2010-07-01,0.3
S2013PL000P,BI,2010-10-01,0.3
S2013PL000P,BI,2011-01-01,0.6
S2013PL000P,BI,2011-04-01,0.4
S2013PL000P,BI,2011-07-01,0.4
S2013PL000P,BI,2011-10-01,-0.5
S2013PL000P,BI,2012-01-01,-0.9
S2013PL000P,BI,2012-04-01,-1
S2013PL000P,BI,2012-07-01,-0.5
S2013PL000P,BI,2012-10-01,-0.3
S2013PL000P,BI,2013-01-01,-0.4
S2013PL000P,BI,2013-04-01,-0.4
S2013PL000P,P,2013-07-01,-0.1
S2013PL000P,P,2013-10-01,0.1
S2013PL000P,P,2014-01-01,0.3
S2013PL000P,P,2014-04-01,0.3
S2013PL000P,P,2014-07-01,0.4
S2013PL000P,P,2014-10-01,0.4
S2013PL000P,P,2015-01-01,0.5
S2013PL000P,P,2015-04-01,0.6
S2013PL000P,P,2015-07-01,0.8
S2013PL000P,P,2015-10-01,0.9
S2013PL000P,P,2016-01-01,1.1
S2013PL000P,P,2016-04-01,1.2
S2014PL000P,BI,2011-01-01,0.6
S2014PL000P,BI,2011-04-01,0.4
S2014PL000P,BI,2011-07-01,0.4
S2014PL000P,BI,2011-10-01,-0.5
S2014PL000P,BI,2012-01-01,-0.9
S2014PL000P,BI,2012-04-01,-1
S2014PL000P,BI,2012-07-01,-0.5
S2014PL000P,BI,2012-10-01,-0.3
S2014PL000P,BI,2013-01-01,-0.4
S2014PL000P,BI,2013-04-01,-0.4
S2014PL000P,BI,2013-07-01,0
S2014PL000P,BI,2013-10-01,0
S2014PL000P,BI,2014-01-01,0
S2014PL000P,BI,2014-04-01,0.1
S2014PL000P,P,2014-07-01,0
S2014PL000P,P,2014-10-01,0.2
S2014PL000P,P,2015-01-01,0.3
S2014PL000P,P,2015-04-01,0.1
S2014PL000P,P,2015-07-01,0.2
S2014PL000P,P,2015-10-01,0.2
S2014PL000P,P,2016-01-01,0.3
S2014PL000P,P,2016-04-01,0.5
S2014PL000P,P,2016-07-01,0.6
S2014PL000P,P,2016-10-01,0.7
S2014PL000P,P,2017-01-01,0.9
S2014PL000P,P,2017-04-01,1.1
S2015PL075P,BI,2012-01-01,-0.9
S2015PL075P,BI,2012-04-01,-1
S2015PL075P,BI,2012-07-01,-0.5
S2015PL075P,BI,2012-10-01,-0.3
S2015PL075P,BI,2013-01-01,-0.4
S2015PL075P,BI,2013-04-01,-0.4
S2015PL075P,BI,2013-07-01,0
S2015PL075P,BI,2013-10-01,0
S2015PL075P,BI,2014-01-01,0
S2015PL075P,BI,2014-04-01,0.1
S2015PL075P,BI,2014-07-01,0
S2015PL075P,BI,2014-10-01,-0.1
S2015PL075P,BI,2015-01-01,-0.7
S2015PL075P,BI,2015-04-01,-1.1
S2015PL075P,P,2015-07-01,-1.4
S2015PL075P,P,2015-10-01,-1.5
S2015PL075P,P,2016-01-01,-0.9
S2015PL075P,P,2016-04-01,-0.7
S2015PL075P,P,2016-07-01,-0.4
S2015PL075P,P,2016-10-01,-0.1
S2015PL075P,P,2017-01-01,0.1
S2015PL075P,P,2017-04-01,0.3
S2015PL075P,P,2017-07-01,0.5
S2015PL075P,P,2017-10-01,0.7
S2015PL075P,P,2018-01-01,0.9
S2015PL075P,P,2018-04-01,1.1
S2016PL075P,BI,2013-01-01,-0.4
S2016PL075P,BI,2013-04-01,-0.4
S2016PL075P,BI,2013-07-01,0
S2016PL075P,BI,2013-10-01,0
S2016PL075P,BI,2014-01-01,0
S2016PL075P,BI,2014-04-01,0.1
S2016PL075P,BI,2014-07-01,0
S2016PL075P,BI,2014-10-01,-0.1
S2016PL075P,BI,2015-01-01,-0.7
S2016PL075P,BI,2015-04-01,-1.1
S2016PL075P,BI,2015-07-01,-1.4
S2016PL075P,BI,2015-10-01,-1.4
S2016PL075P,BI,2016-01-01,-1
S2016PL075P,BI,2016-04-01,-0.4
S2016PL075P,P,2016-07-01,-0.2
S2016PL075P,P,2016-10-01,0
S2016PL075P,P,2017-01-01,0.3
S2016PL075P,P,2017-04-01,0.1
S2016PL075P,P,2017-07-01,0.1
S2016PL075P,P,2017-10-01,0.2
S2016PL075P,P,2018-01-01,0.3
S2016PL075P,P,2018-04-01,0.5
S2016PL075P,P,2018-07-01,0.6
S2016PL075P,P,2018-10-01,0.8
S2016PL075P,P,2019-01-01,1
S2016PL075P,P,2019-04-01,1.3
S2017PL075P,BI,2014-01-01,0
S2017PL075P,BI,2014-04-01,0.1
S2017PL075P,BI,2014-07-01,0
S2017PL075P,BI,2014-10-01,-0.1
S2017PL075P,BI,2015-01-01,-0.7
S2017PL075P,BI,2015-04-01,-1.1
S2017PL075P,BI,2015-07-01,-1.4
S2017PL075P,BI,2015-10-01,-1.4
S2017PL075P,BI,2016-01-01,-1
S2017PL075P,BI,2016-04-01,-0.4
S2017PL075P,BI,2016-07-01,-0.2
S2017PL075P,BI,2016-10-01,-0.2
S2017PL075P,BI,2017-01-01,0.5
S2017PL075P,BI,2017-04-01,0.4
S2017PL075P,P,2017-07-01,0.4
S2017PL075P,P,2017-10-01,0.3
S2017PL075P,P,2018-01-01,0.2
S2017PL075P,P,2018-04-01,0.3
S2017PL075P,P,2018-07-01,0.5
S2017PL075P,P,2018-10-01,0.6
S2017PL075P,P,2019-01-01,0.8
S2017PL075P,P,2019-04-01,1
S2017PL075P,P,2019-07-01,1.2
S2017PL075P,P,2019-10-01,1.4
S2017PL075P,P,2020-01-01,1.7
S2017PL075P,P,2020-04-01,1.9
S2018PL075P,BI,2015-01-01,-0.7
S2018PL075P,BI,2015-04-01,-1.1
S2018PL075P,BI,2015-07-01,-1.4
S2018PL075P,BI,2015-10-01,-1.4
S2018PL075P,BI,2016-01-01,-1
S2018PL075P,BI,2016-04-01,-0.4
S2018PL075P,BI,2016-07-01,-0.2
S2018PL075P,BI,2016-10-01,-0.2
S2018PL075P,BI,2017-01-01,0.5
S2018PL075P,BI,2017-04-01,0.4
S2018PL075P,BI,2017-07-01,0.5
S2018PL075P,BI,2017-10-01,0.8
S2018PL075P,BI,2018-01-01,0.7
S2018PL075P,BI,2018-04-01,1
S2018PL075P,P,2018-07-01,1.1
S2018PL075P,P,2018-10-01,0.9
S2018PL075P,P,2019-01-01,0.8
S2018PL075P,P,2019-04-01,0.7
S2018PL075P,P,2019-07-01,0.7
S2018PL075P,P,2019-10-01,0.8
S2018PL075P,P,2020-01-01,0.9
S2018PL075P,P,2020-04-01,1.1
S2018PL075P,P,2020-07-01,1.2
S2018PL075P,P,2020-10-01,1.5
S2018PL075P,P,2021-01-01,1.7
S2018PL075P,P,2021-04-01,2
S2019PL075P,BI,2016-01-01,-1
S2019PL075P,BI,2016-04-01,-0.4
S2019PL075P,BI,2016-07-01,-0.2
S2019PL075P,BI,2016-10-01,-0.2
S2019PL075P,BI,2017-01-01,0.5
S2019PL075P,BI,2017-04-01,0.4
S2019PL075P,BI,2017-07-01,0.5
S2019PL075P,BI,2017-10-01,0.8
S2019PL075P,BI,2018-01-01,0.7
S2019PL075P,BI,2018-04-01,1
S2019PL075P,BI,2018-07-01,1.1
S2019PL075P,BI,2018-10-01,0.9
S2019PL075P,BI,2019-01-01,0.6
S2019PL075P,BI,2019-04-01,0.6
S2019PL075P,P,2019-07-01,0.3
S2019PL075P,P,2019-10-01,0.1
S2019PL075P,P,2020-01-01,0.2
S2019PL075P,P,2020-04-01,0.1
S2019PL075P,P,2020-07-01,0.2
S2019PL075P,P,2020-10-01,0.3
S2019PL075P,P,2021-01-01,0.4
S2019PL075P,P,2021-04-01,0.5
S2019PL075P,P,2021-07-01,0.6
S2019PL075P,P,2021-10-01,0.8
S2019PL075P,P,2022-01-01,0.9
S2019PL075P,P,2022-04-01,1.1
S2020PP075P,BI,2017-01-01,0.5
S2020PP075P,BI,2017-04-01,0.4
S2020PP075P,BI,2017-07-01,0.5
S2020PP075P,BI,2017-10-01,0.8
S2020PP075P,BI,2018-01-01,0.7
S2020PP075P,BI,2018-04-01,1
S2020PP075P,BI,2018-07-01,1.1
S2020PP075P,BI,2018-10-01,0.9
S2020PP075P,BI,2019-01-01,0.6
S2020PP075P,BI,2019-04-01,0.6
S2020PP075P,BI,2019-07-01,0.3
S2020PP075P,BI,2019-10-01,-0.1
S2020PP075P,BI,2020-01-01,-0.1
S2020PP075P,BI,2020-04-01,-1.2
S2020PP075P,P,2020-07-01,-0.8
S2020PP075P,P,2020-10-01,-0.3
S2020PP075P,P,2021-01-01,-0.2
S2020PP075P,P,2021-04-01,0.3
S2020PP075P,P,2021-07-01,0.2
S2020PP075P,P,2021-10-01,0.1
S2020PP075P,P,2022-01-01,0.1
S2020PP075P,P,2022-04-01,0.1
S2020PP075P,P,2022-07-01,0.2
S2020PP075P,P,2022-10-01,0.3
S2020PP075P,P,2023-01-01,0.4
S2020PP075P,P,2023-04-01,0.5
S2021POFFP,BI,2018-01-01,0.7
S2021POFFP,BI,2018-04-01,1
S2021POFFP,BI,2018-07-01,1.1
S2021POFFP,BI,2018-10-01,0.9
S2021POFFP,BI,2019-01-01,0.6
S2021POFFP,BI,2019-04-01,0.6
S2021POFFP,BI,2019-07-01,0.3
S2021POFFP,BI,2019-10-01,-0.1
S2021POFFP,BI,2020-01-01,-0.1
S2021POFFP,BI,2020-04-01,-1.2
S2021POFFP,BI,2020-07-01,-0.9
S2021POFFP,BI,2020-10-01,-0.7
S2021POFFP,BI,2021-01-01,-0.4
S2021POFFP,BI,2021-04-01,0.5
S2021POFFP,P,2021-07-01,0.8
S2021POFFP,P,2021-10-01,1
S2021POFFP,P,2022-01-01,1
S2021POFFP,P,2022-04-01,0.8
S2021POFFP,P,2022-07-01,0.5
S2021POFFP,P,2022-10-01,0.4
S2021POFFP,P,2023-01-01,0.5
S2021POFFP,P,2023-04-01,0.5
S2021POFFP,P,2023-07-01,0.6
S2021POFFP,P,2023-10-01,0.7
S2021POFFP,P,2024-01-01,0.7
S2021POFFP,P,2024-04-01,0.8
S2022POFFP,BI,2019-01-01,0.6
S2022POFFP,BI,2019-04-01,0.6
S2022POFFP,BI,2019-07-01,0.3
S2022POFFP,BI,2019-10-01,-0.1
S2022POFFP,BI,2020-01-01,-0.1
S2022POFFP,BI,2020-04-01,-1.2
S2022POFFP,BI,2020-07-01,-0.9
S2022POFFP,BI,2020-10-01,-0.7
S2022POFFP,BI,2021-01-01,-0.4
S2022POFFP,BI,2021-04-01,0.5
S2022POFFP,BI,2021-07-01,0.8
S2022POFFP,BI,2021-10-01,1.4
S2022POFFP,BI,2022-01-01,2.1
S2022POFFP,BI,2022-04-01,3
S2022POFFP,P,2022-07-01,3.4
S2022POFFP,P,2022-10-01,3.4
S2022POFFP,P,2023-01-01,3.4
S2022POFFP,P,2023-04-01,2.5
S2022POFFP,P,2023-07-01,2
S2022POFFP,P,2023-10-01,1.7
S2022POFFP,P,2024-01-01,1.6
S2022POFFP,P,2024-04-01,1.6
S2022POFFP,P,2024-07-01,1.7
S2022POFFP,P,2024-10-01,1.7
S2022POFFP,P,2025-01-01,1.9
S2022POFFP,P,2025-04-01,2
S2023POFFP,BI,2020-01-01,-0.1
S2023POFFP,BI,2020-04-01,-1.2
S2023POFFP,BI,2020-07-01,-0.9
S2023POFFP,BI,2020-10-01,-0.7
S2023POFFP,BI,2021-01-01,-0.4
S2023POFFP,BI,2021-04-01,0.5
S2023POFFP,BI,2021-07-01,0.8
S2023POFFP,BI,2021-10-01,1.4
S2023POFFP,BI,2022-01-01,2.1
S2023POFFP,BI,2022-04-01,3
S2023POFFP,BI,2022-07-01,3.4
S2023POFFP,BI,2022-10-01,2.9
S2023POFFP,BI,2023-01-01,3.2
S2023POFFP,BI,2023-04-01,2.1
S2023POFFP,P,2023-07-01,1.7
S2023POFFP,P,2023-10-01,2
S2023POFFP,P,2024-01-01,2.1
S2023POFFP,P,2024-04-01,2.2
S2023POFFP,P,2024-07-01,2.2
S2023POFFP,P,2024-10-01,2.1
S2023POFFP,P,2025-01-01,1.9
S2023POFFP,P,2025-04-01,1.9
S2023POFFP,P,2025-07-01,1.9
S2023POFFP,P,2025-10-01,1.9
S2023POFFP,P,2026-01-01,1.9
S2023POFFP,P,2026-04-01,1.9
S2024POFFP,BI,2021-01-01,-0.4
S2024POFFP,BI,2021-04-01,0.5
S2024POFFP,BI,2021-07-01,0.8
S2024POFFP,BI,2021-10-01,1.4
S2024POFFP,BI,2022-01-01,2.1
S2024POFFP,BI,2022-04-01,3
S2024POFFP,BI,2022-07-01,3.4
S2024POFFP,BI,2022-10-01,2.9
S2024POFFP,BI,2023-01-01,3.2
S2024POFFP,BI,2023-04-01,2.1
S2024POFFP,BI,2023-07-01,1.6
S2024POFFP,BI,2023-10-01,1.6
S2024POFFP,BI,2024-01-01,1.2
S2024POFFP,BI,2024-04-01,1.4
S2024POFFP,P,2024-07-01,1.1
S2024POFFP,P,2024-10-01,1
S2024POFFP,P,2025-01-01,0.6
S2024POFFP,P,2025-04-01,0.5
S2024POFFP,P,2025-07-01,0.5
S2024POFFP,P,2025-10-01,0.5
S2024POFFP,P,2026-01-01,0.7
S2024POFFP,P,2026-04-01,0.7
S2024POFFP,P,2026-07-01,0.7
S2024POFFP,P,2026-10-01,0.7
S2024POFFP,P,2027-01-01,0.6
S2024POFFP,P,2027-04-01,0.6
S2025POFFP,BI,2022-01-01,2.1
S2025POFFP,BI,2022-04-01,3
S2025POFFP,BI,2022-07-01,3.4
S2025POFFP,BI,2022-10-01,2.9
S2025POFFP,BI,2023-01-01,3.2
S2025POFFP,BI,2023-04-01,2.1
S2025POFFP,BI,2023-07-01,1.6
S2025POFFP,BI,2023-10-01,1.6
S2025POFFP,BI,2024-01-01,1.2
S2025POFFP,BI,2024-04-01,1.4
S2025POFFP,BI,2024-07-01,1.1
S2025POFFP,BI,2024-10-01,0.7
S2025POFFP,BI,2025-01-01,0.4
S2025POFFP,BI,2025-04-01,0
S2025POFFP,P,2025-07-01,0.2
S2025POFFP,P,2025-10-01,0.4
S2025POFFP,P,2026-01-01,0.5
S2025POFFP,P,2026-04-01,0.5
S2025POFFP,P,2026-07-01,0.6
S2025POFFP,P,2026-10-01,0.6
S2025POFFP,P,2027-01-01,0.6
S2025POFFP,P,2027-04-01,0.7
S2025POFFP,P,2027-07-01,0.7
S2025POFFP,P,2027-10-01,0.7
S2025POFFP,P,2028-01-01,0.7
S2025POFFP,P,2028-04-01,0.8
