structure,date,value
seco_wwa,2005-01-03,3.9011681763975
seco_wwa,2005-01-10,5.08132785055982
seco_wwa,2005-01-17,5.4247654874311
seco_wwa,2005-01-24,4.49229397954122
seco_wwa,2005-01-31,3.55572882735101
seco_wwa,2005-02-07,3.0217249256307
seco_wwa,2005-02-14,2.6147899970442
seco_wwa,2005-02-21,2.74922060581123
seco_wwa,2005-02-28,2.73890321790107
seco_wwa,2005-03-07,2.60230901015326
seco_wwa,2005-03-14,2.73426606732461
seco_wwa,2005-03-21,2.72977093692208
seco_wwa,2005-03-28,2.61456151501044
seco_wwa,2005-04-04,2.6757061074707
seco_wwa,2005-04-11,2.3524599662696
seco_wwa,2005-04-18,2.10317508566211
seco_wwa,2005-04-25,1.61984366629404
seco_wwa,2005-05-02,1.20895217787895
seco_wwa,2005-05-09,1.28242831018511
seco_wwa,2005-05-16,1.2628663820145
seco_wwa,2005-05-23,1.16139602470406
seco_wwa,2005-05-30,1.29356633005571
seco_wwa,2005-06-06,1.36091864656505
seco_wwa,2005-06-13,1.42155212512314
seco_wwa,2005-06-20,1.75042511348352
seco_wwa,2005-06-27,1.63950668110179
seco_wwa,2005-07-04,1.5698629313178
seco_wwa,2005-07-11,1.56356096974315
seco_wwa,2005-07-18,1.65288891776471
seco_wwa,2005-07-25,1.81389047695092
seco_wwa,2005-08-01,1.71572620293101
seco_wwa,2005-08-08,1.27659446486856
seco_wwa,2005-08-15,1.52018206542976
seco_wwa,2005-08-22,2.2646879755829
seco_wwa,2005-08-29,2.78224936226618
seco_wwa,2005-09-05,2.40541238976687
seco_wwa,2005-09-12,2.34698535983433
seco_wwa,2005-09-19,2.67468914147834
seco_wwa,2005-09-26,2.28693792114048
seco_wwa,2005-10-03,1.60728414734321
seco_wwa,2005-10-10,1.90427151496361
seco_wwa,2005-10-17,1.89737276701646
seco_wwa,2005-10-24,1.88046777482119
seco_wwa,2005-10-31,1.9030898709358
seco_wwa,2005-11-07,1.92704764467328
seco_wwa,2005-11-14,2.07411182398132
seco_wwa,2005-11-21,1.84533749069288
seco_wwa,2005-11-28,1.70446950822464
seco_wwa,2005-12-05,1.40135826864788
seco_wwa,2005-12-12,1.53408354043147
seco_wwa,2005-12-19,1.75549486208459
seco_wwa,2005-12-26,1.89876043603727
seco_wwa,2006-01-02,2.09873108229736
seco_wwa,2006-01-09,2.55551471378404
seco_wwa,2006-01-16,3.27879499499249
seco_wwa,2006-01-23,2.94149248572437
seco_wwa,2006-01-30,3.092736096975
seco_wwa,2006-02-06,3.54473131638835
seco_wwa,2006-02-13,3.85659145969813
seco_wwa,2006-02-20,4.14399649622934
seco_wwa,2006-02-27,4.11988251754098
seco_wwa,2006-03-06,4.05737704520473
seco_wwa,2006-03-13,4.12054383379361
seco_wwa,2006-03-20,4.61163635088952
seco_wwa,2006-03-27,4.83060994758261
seco_wwa,2006-04-03,4.44717393862011
seco_wwa,2006-04-10,4.21935929192353
seco_wwa,2006-04-17,4.68760312244542
seco_wwa,2006-04-24,4.88296373954418
seco_wwa,2006-05-01,5.76418590660077
seco_wwa,2006-05-08,6.26083440599629
seco_wwa,2006-05-15,6.56231515511956
seco_wwa,2006-05-22,6.43941559853539
seco_wwa,2006-05-29,6.70269518709789
seco_wwa,2006-06-05,6.84493891853864
seco_wwa,2006-06-12,6.90118632987481
seco_wwa,2006-06-19,7.57910201502687
seco_wwa,2006-06-26,7.27093430845638
seco_wwa,2006-07-03,6.97941281288196
seco_wwa,2006-07-10,6.09442504787731
seco_wwa,2006-07-17,5.68710930215161
seco_wwa,2006-07-24,5.40247168758778
seco_wwa,2006-07-31,5.01314746694597
seco_wwa,2006-08-07,5.0077889576216
seco_wwa,2006-08-14,4.97508818206693
seco_wwa,2006-08-21,5.33025995385344
seco_wwa,2006-08-28,5.37884252812455
seco_wwa,2006-09-04,5.28750043774262
seco_wwa,2006-09-11,4.90091838248867
seco_wwa,2006-09-18,4.92874227175683
seco_wwa,2006-09-25,4.71870110934123
seco_wwa,2006-10-02,5.35891944497756
seco_wwa,2006-10-09,5.49652228819013
seco_wwa,2006-10-16,5.47223200744854
seco_wwa,2006-10-23,5.80489170987244
seco_wwa,2006-10-30,5.91258884204211
seco_wwa,2006-11-06,6.3592629347872
seco_wwa,2006-11-13,6.41108634521788
seco_wwa,2006-11-20,6.39502026191357
seco_wwa,2006-11-27,6.29323956024984
seco_wwa,2006-12-04,6.24401010271813
seco_wwa,2006-12-11,6.20095001458115
seco_wwa,2006-12-18,6.28633343606522
seco_wwa,2006-12-25,6.03128581154997
seco_wwa,2007-01-01,6.17449551548109
seco_wwa,2007-01-08,6.20079856509695
seco_wwa,2007-01-15,6.21017397505053
seco_wwa,2007-01-22,6.27570435226504
seco_wwa,2007-01-29,5.73056241999377
seco_wwa,2007-02-05,5.45922299598092
seco_wwa,2007-02-12,5.23989759837129
seco_wwa,2007-02-19,4.69821328429755
seco_wwa,2007-02-26,5.01192089802262
seco_wwa,2007-03-05,5.51802808936823
seco_wwa,2007-03-12,5.52129202744143
seco_wwa,2007-03-19,5.23450190921813
seco_wwa,2007-03-26,4.92360853357117
seco_wwa,2007-04-02,4.63052339367292
seco_wwa,2007-04-09,4.68506967971624
seco_wwa,2007-04-16,5.028168384535
seco_wwa,2007-04-23,4.98914789519252
seco_wwa,2007-04-30,4.77881427694618
seco_wwa,2007-05-07,4.69820798670547
seco_wwa,2007-05-14,4.32737290478849
seco_wwa,2007-05-21,4.12454336960997
seco_wwa,2007-05-28,4.12443798514283
seco_wwa,2007-06-04,3.60164392163039
seco_wwa,2007-06-11,3.58461939766857
seco_wwa,2007-06-18,3.45902624452498
seco_wwa,2007-06-25,3.09243350787311
seco_wwa,2007-07-02,3.14118226096612
seco_wwa,2007-07-09,3.29785744290661
seco_wwa,2007-07-16,3.06910295974307
seco_wwa,2007-07-23,3.06231569885087
seco_wwa,2007-07-30,2.79454753290345
seco_wwa,2007-08-06,2.83536453147854
seco_wwa,2007-08-13,2.89483613522816
seco_wwa,2007-08-20,2.82504127560604
seco_wwa,2007-08-27,3.14124424624897
seco_wwa,2007-09-03,3.4243312668842
seco_wwa,2007-09-10,3.61458090592138
seco_wwa,2007-09-17,3.30977168563366
seco_wwa,2007-09-24,3.30543215301567
seco_wwa,2007-10-01,3.53969880777809
seco_wwa,2007-10-08,3.57975501781977
seco_wwa,2007-10-15,3.53719099852048
seco_wwa,2007-10-22,3.11963157574371
seco_wwa,2007-10-29,2.63869703013225
seco_wwa,2007-11-05,2.01819185333071
seco_wwa,2007-11-12,1.77868157307828
seco_wwa,2007-11-19,2.10231169064174
seco_wwa,2007-11-26,2.24061275746555
seco_wwa,2007-12-03,2.12112919615135
seco_wwa,2007-12-10,2.04584682047828
seco_wwa,2007-12-17,1.88330183711006
seco_wwa,2007-12-24,1.5388912793335
seco_wwa,2007-12-31,1.72380240668797
seco_wwa,2008-01-07,2.48258226376015
seco_wwa,2008-01-14,2.86654434466818
seco_wwa,2008-01-21,3.5345237305995
seco_wwa,2008-01-28,3.49166418045932
seco_wwa,2008-02-04,3.47096227446282
seco_wwa,2008-02-11,3.31287711149138
seco_wwa,2008-02-18,3.4526214878028
seco_wwa,2008-02-25,3.43986725035464
seco_wwa,2008-03-03,3.50428900453128
seco_wwa,2008-03-10,3.42330122167002
seco_wwa,2008-03-17,3.26532646312592
seco_wwa,2008-03-24,3.13304943141194
seco_wwa,2008-03-31,3.04489936430864
seco_wwa,2008-04-07,3.07357983194059
seco_wwa,2008-04-14,2.61504599403129
seco_wwa,2008-04-21,2.15256653818611
seco_wwa,2008-04-28,2.26015724745339
seco_wwa,2008-05-05,1.85073859635155
seco_wwa,2008-05-12,2.48295116457368
seco_wwa,2008-05-19,2.95515407584558
seco_wwa,2008-05-26,3.42007578718641
seco_wwa,2008-06-02,3.51106177014851
seco_wwa,2008-06-09,3.50123193762836
seco_wwa,2008-06-16,3.52390689368401
seco_wwa,2008-06-23,3.40152739528789
seco_wwa,2008-06-30,2.97073215307227
seco_wwa,2008-07-07,2.91701287692029
seco_wwa,2008-07-14,2.86156472820377
seco_wwa,2008-07-21,3.09158579937577
seco_wwa,2008-07-28,3.43774815921285
seco_wwa,2008-08-04,3.19542877577864
seco_wwa,2008-08-11,2.33578266798447
seco_wwa,2008-08-18,2.12797396300154
seco_wwa,2008-08-25,1.24362694164579
seco_wwa,2008-09-01,1.2308146806091
seco_wwa,2008-09-08,1.63669968302423
seco_wwa,2008-09-15,1.84187583824157
seco_wwa,2008-09-22,1.43329872770588
seco_wwa,2008-09-29,0.982572875012491
seco_wwa,2008-10-06,0.739635536072969
seco_wwa,2008-10-13,0.62401363122232
seco_wwa,2008-10-20,0.489734533771685
seco_wwa,2008-10-27,0.532259395765578
seco_wwa,2008-11-03,0.131638278869366
seco_wwa,2008-11-10,-0.361280921301699
seco_wwa,2008-11-17,-1.37412426412134
seco_wwa,2008-11-24,-2.1694666826717
seco_wwa,2008-12-01,-2.80754534263637
seco_wwa,2008-12-08,-2.65526493412552
seco_wwa,2008-12-15,-2.28763472911607
seco_wwa,2008-12-22,-2.32013019793843
seco_wwa,2008-12-29,-3.56984638869008
seco_wwa,2009-01-05,-5.07308122685367
seco_wwa,2009-01-12,-4.96618467022033
seco_wwa,2009-01-19,-5.72465230026258
seco_wwa,2009-01-26,-5.20430147953903
seco_wwa,2009-02-02,-4.92379247540032
seco_wwa,2009-02-09,-4.91400443825641
seco_wwa,2009-02-16,-5.63140009239002
seco_wwa,2009-02-23,-6.42075579020931
seco_wwa,2009-03-02,-7.27636927316424
seco_wwa,2009-03-09,-7.82808196922534
seco_wwa,2009-03-16,-8.00926009705341
seco_wwa,2009-03-23,-7.88693678301222
seco_wwa,2009-03-30,-8.00002789583605
seco_wwa,2009-04-06,-8.37099337684827
seco_wwa,2009-04-13,-8.40640940086273
seco_wwa,2009-04-20,-7.81824306473902
seco_wwa,2009-04-27,-7.70505554434016
seco_wwa,2009-05-04,-7.78274098736516
seco_wwa,2009-05-11,-7.82277553116907
seco_wwa,2009-05-18,-7.57647147207735
seco_wwa,2009-05-25,-7.52391608081032
seco_wwa,2009-06-01,-7.69722082217975
seco_wwa,2009-06-08,-7.39605652564366
seco_wwa,2009-06-15,-7.40731610162203
seco_wwa,2009-06-22,-7.41429202889677
seco_wwa,2009-06-29,-7.65092257845004
seco_wwa,2009-07-06,-7.54216874601588
seco_wwa,2009-07-13,-7.52100153248991
seco_wwa,2009-07-20,-7.72355369148844
seco_wwa,2009-07-27,-7.84105408097492
seco_wwa,2009-08-03,-7.71202065780419
seco_wwa,2009-08-10,-7.63769746377261
seco_wwa,2009-08-17,-7.13359459910959
seco_wwa,2009-08-24,-7.17453860198329
seco_wwa,2009-08-31,-7.56169816382109
seco_wwa,2009-09-07,-7.34472291333068
seco_wwa,2009-09-14,-6.81110682346399
seco_wwa,2009-09-21,-6.23945759864182
seco_wwa,2009-09-28,-5.51104138190985
seco_wwa,2009-10-05,-5.52588466387566
seco_wwa,2009-10-12,-5.3106491240889
seco_wwa,2009-10-19,-5.13209051767894
seco_wwa,2009-10-26,-4.74914876866978
seco_wwa,2009-11-02,-4.42157202070971
seco_wwa,2009-11-09,-3.76780183431559
seco_wwa,2009-11-16,-3.05137060075026
seco_wwa,2009-11-23,-1.89542564826545
seco_wwa,2009-11-30,-1.19444139590005
seco_wwa,2009-12-07,-0.448889730980132
seco_wwa,2009-12-14,0.463775919176168
seco_wwa,2009-12-21,0.874056823791799
seco_wwa,2010-01-04,0.912460164975457
seco_wwa,2010-01-11,1.12193836379232
seco_wwa,2010-01-18,1.65853569525268
seco_wwa,2010-01-25,1.35060265865159
seco_wwa,2010-02-01,1.42794472645604
seco_wwa,2010-02-08,2.80907440246861
seco_wwa,2010-02-15,3.09914627635474
seco_wwa,2010-02-22,2.54592795742841
seco_wwa,2010-03-01,2.97817678173498
seco_wwa,2010-03-08,3.68934855689368
seco_wwa,2010-03-15,4.2719860783444
seco_wwa,2010-03-22,4.56189877526528
seco_wwa,2010-03-29,4.56162073975699
seco_wwa,2010-04-05,4.47773054456232
seco_wwa,2010-04-12,4.79935996638208
seco_wwa,2010-04-19,5.38538133087455
seco_wwa,2010-04-26,5.89799979296361
seco_wwa,2010-05-03,5.92768717530818
seco_wwa,2010-05-10,6.54023962604135
seco_wwa,2010-05-17,6.81621812122636
seco_wwa,2010-05-24,6.61109493365103
seco_wwa,2010-05-31,7.14218491658739
seco_wwa,2010-06-07,6.7315099035148
seco_wwa,2010-06-14,6.41836446463131
seco_wwa,2010-06-21,7.08516831930483
seco_wwa,2010-06-28,6.52177161392086
seco_wwa,2010-07-05,5.62338399988319
seco_wwa,2010-07-12,5.05494769176354
seco_wwa,2010-07-19,5.11933603129624
seco_wwa,2010-07-26,5.4275195548702
seco_wwa,2010-08-02,5.05488179756373
seco_wwa,2010-08-09,5.52290377800641
seco_wwa,2010-08-16,5.75392497898893
seco_wwa,2010-08-23,5.86090841264752
seco_wwa,2010-08-30,6.0531802979957
seco_wwa,2010-09-06,6.26913734020279
seco_wwa,2010-09-13,6.85094518267057
seco_wwa,2010-09-20,6.41445354046518
seco_wwa,2010-09-27,6.36775015239688
seco_wwa,2010-10-04,6.20711501218968
seco_wwa,2010-10-11,6.20057991706676
seco_wwa,2010-10-18,6.3532564688846
seco_wwa,2010-10-25,6.4289631122815
seco_wwa,2010-11-01,6.82866891156652
seco_wwa,2010-11-08,6.57143578722635
seco_wwa,2010-11-15,6.51518401493217
seco_wwa,2010-11-22,6.42746598567758
seco_wwa,2010-11-29,5.65536080171665
seco_wwa,2010-12-06,4.59619044858721
seco_wwa,2010-12-13,3.28496358553449
seco_wwa,2010-12-20,3.2480269819529
seco_wwa,2010-12-27,2.9526639187477
seco_wwa,2011-01-03,3.77089024167915
seco_wwa,2011-01-10,3.65939219402202
seco_wwa,2011-01-17,4.02475091500927
seco_wwa,2011-01-24,5.47086917006619
seco_wwa,2011-01-31,6.24991289476939
seco_wwa,2011-02-07,6.05763154795116
seco_wwa,2011-02-14,6.30425355213582
seco_wwa,2011-02-21,6.96813888793398
seco_wwa,2011-02-28,7.33867536859947
seco_wwa,2011-03-07,7.22862921569579
seco_wwa,2011-03-14,6.51783217190185
seco_wwa,2011-03-21,5.95659713196887
seco_wwa,2011-03-28,5.84280468761478
seco_wwa,2011-04-04,6.73732003090216
seco_wwa,2011-04-11,6.72343788429926
seco_wwa,2011-04-18,5.49231372736653
seco_wwa,2011-04-25,4.32576932628922
seco_wwa,2011-05-02,3.37201247415318
seco_wwa,2011-05-09,2.5588944174259
seco_wwa,2011-05-16,1.60839219984941
seco_wwa,2011-05-23,1.38106634089209
seco_wwa,2011-05-30,1.65958762977384
seco_wwa,2011-06-06,2.23217907853682
seco_wwa,2011-06-13,2.78754376568701
seco_wwa,2011-06-20,2.97242749118147
seco_wwa,2011-06-27,3.19307504489706
seco_wwa,2011-07-04,3.68468503933012
seco_wwa,2011-07-11,4.20035896201407
seco_wwa,2011-07-18,4.67660941379453
seco_wwa,2011-07-25,3.99534126563793
seco_wwa,2011-08-01,4.10463779132523
seco_wwa,2011-08-08,4.24789262163514
seco_wwa,2011-08-15,3.53807529105639
seco_wwa,2011-08-22,3.38903190926356
seco_wwa,2011-08-29,3.03808556062497
seco_wwa,2011-09-05,2.69868377532857
seco_wwa,2011-09-12,2.68411430234783
seco_wwa,2011-09-19,2.99215475634879
seco_wwa,2011-09-26,2.86233613466618
seco_wwa,2011-10-03,2.88830970701068
seco_wwa,2011-10-10,2.60016875342908
seco_wwa,2011-10-17,2.3783364060911
seco_wwa,2011-10-24,2.17580020904419
seco_wwa,2011-10-31,1.42822311404772
seco_wwa,2011-11-07,0.686212911864955
seco_wwa,2011-11-14,0.628149366405429
seco_wwa,2011-11-21,0.665803606564773
seco_wwa,2011-11-28,0.951761243904545
seco_wwa,2011-12-05,0.816726179436005
seco_wwa,2011-12-12,0.843980203414373
seco_wwa,2011-12-19,1.01686063114016
seco_wwa,2011-12-26,1.13022207156542
seco_wwa,2012-01-02,1.31579418695274
seco_wwa,2012-01-09,1.98962847363656
seco_wwa,2012-01-16,1.11434730774507
seco_wwa,2012-01-23,0.408162624522265
seco_wwa,2012-01-30,-0.33266378112273
seco_wwa,2012-02-06,-0.498358979650947
seco_wwa,2012-02-13,-1.15063079275075
seco_wwa,2012-02-20,-1.0250171524371
seco_wwa,2012-02-27,-0.633579061972325
seco_wwa,2012-03-05,-0.600840437067775
seco_wwa,2012-03-12,-0.065089346711398
seco_wwa,2012-03-19,0.285027643303084
seco_wwa,2012-03-26,0.360293865924001
seco_wwa,2012-04-02,0.698641986908619
seco_wwa,2012-04-09,0.608241920152448
seco_wwa,2012-04-16,0.738923100712106
seco_wwa,2012-04-23,0.776583748816056
seco_wwa,2012-04-30,1.36254960395182
seco_wwa,2012-05-07,1.87835541412214
seco_wwa,2012-05-14,2.72399149059892
seco_wwa,2012-05-21,2.5746335407078
seco_wwa,2012-05-28,2.50960141269697
seco_wwa,2012-06-04,2.1474778586625
seco_wwa,2012-06-11,2.05871446392769
seco_wwa,2012-06-18,2.15140978449272
seco_wwa,2012-06-25,2.02260556281885
seco_wwa,2012-07-02,2.00532761394532
seco_wwa,2012-07-09,1.77399877391823
seco_wwa,2012-07-16,2.00447290109779
seco_wwa,2012-07-23,2.26250070878218
seco_wwa,2012-07-30,2.64914014227402
seco_wwa,2012-08-06,2.80262272898509
seco_wwa,2012-08-13,2.88645698546877
seco_wwa,2012-08-20,3.00288052888216
seco_wwa,2012-08-27,3.15351779100881
seco_wwa,2012-09-03,3.15697371992387
seco_wwa,2012-09-10,2.97578512033432
seco_wwa,2012-09-17,2.55473360662035
seco_wwa,2012-09-24,1.42988304460469
seco_wwa,2012-10-01,1.80635558328518
seco_wwa,2012-10-08,1.83875698657618
seco_wwa,2012-10-15,1.84756051049508
seco_wwa,2012-10-22,1.4991319605651
seco_wwa,2012-10-29,1.16028046617878
seco_wwa,2012-11-05,1.17999091405938
seco_wwa,2012-11-12,1.44227391942878
seco_wwa,2012-11-19,0.822995361027212
seco_wwa,2012-11-26,0.600052328590214
seco_wwa,2012-12-03,0.918274570860975
seco_wwa,2012-12-10,1.0561607251705
seco_wwa,2012-12-17,1.63040706191624
seco_wwa,2012-12-24,1.57147001890028
seco_wwa,2012-12-31,1.70865019895916
seco_wwa,2013-01-07,1.45011675527211
seco_wwa,2013-01-14,1.74518397172991
seco_wwa,2013-01-21,2.14422933487662
seco_wwa,2013-01-28,2.27356812955293
seco_wwa,2013-02-04,1.78558535652019
seco_wwa,2013-02-11,2.21460611771096
seco_wwa,2013-02-18,2.09440062869372
seco_wwa,2013-02-25,1.99630673623454
seco_wwa,2013-03-04,2.38656263620833
seco_wwa,2013-03-11,2.25913309349261
seco_wwa,2013-03-18,2.47593026484015
seco_wwa,2013-03-25,1.9897809745116
seco_wwa,2013-04-01,1.90315384367667
seco_wwa,2013-04-08,1.64394721361526
seco_wwa,2013-04-15,1.72014398174032
seco_wwa,2013-04-22,1.83887192963673
seco_wwa,2013-04-29,1.76785502535468
seco_wwa,2013-05-06,1.88032472390166
seco_wwa,2013-05-13,1.95643726961224
seco_wwa,2013-05-20,2.03716837723854
seco_wwa,2013-05-27,1.70348791295402
seco_wwa,2013-06-03,1.29177757737655
seco_wwa,2013-06-10,0.986317663229999
seco_wwa,2013-06-17,1.12944868285188
seco_wwa,2013-06-24,0.82135283572905
seco_wwa,2013-07-01,0.774375558366941
seco_wwa,2013-07-08,0.975170066934788
seco_wwa,2013-07-15,1.25258237571741
seco_wwa,2013-07-22,1.00042306193256
seco_wwa,2013-07-29,1.0988011726692
seco_wwa,2013-08-05,1.13309991180956
seco_wwa,2013-08-12,0.82445004612507
seco_wwa,2013-08-19,1.19261803771876
seco_wwa,2013-08-26,1.13457913760009
seco_wwa,2013-09-02,1.07862422047602
seco_wwa,2013-09-09,0.992864903292767
seco_wwa,2013-09-16,1.07425989151912
seco_wwa,2013-09-23,1.03529904804467
seco_wwa,2013-09-30,0.977491062932727
seco_wwa,2013-10-07,0.977489982409042
seco_wwa,2013-10-14,1.41632247400745
seco_wwa,2013-10-21,1.88367493864564
seco_wwa,2013-10-28,1.87773284530664
seco_wwa,2013-11-04,2.1252453438281
seco_wwa,2013-11-11,3.19069991768847
seco_wwa,2013-11-18,4.30880101683396
seco_wwa,2013-11-25,4.02188480487401
seco_wwa,2013-12-02,4.1110492850486
seco_wwa,2013-12-09,4.09273389481454
seco_wwa,2013-12-16,4.06549834275317
seco_wwa,2013-12-23,3.72562439235702
seco_wwa,2013-12-30,3.71690414363502
seco_wwa,2014-01-06,3.3653872170674
seco_wwa,2014-01-13,3.25489497580403
seco_wwa,2014-01-20,3.03976438993212
seco_wwa,2014-01-27,3.41100142259027
seco_wwa,2014-02-03,3.58921340567718
seco_wwa,2014-02-10,3.68177914655338
seco_wwa,2014-02-17,3.51563979347407
seco_wwa,2014-02-24,3.52897118918279
seco_wwa,2014-03-03,3.149809987645
seco_wwa,2014-03-10,2.71751556837293
seco_wwa,2014-03-17,2.0164142252422
seco_wwa,2014-03-24,1.59146078231359
seco_wwa,2014-03-31,1.43870377289446
seco_wwa,2014-04-07,1.50340710955801
seco_wwa,2014-04-14,1.23580891803724
seco_wwa,2014-04-21,1.61121085666325
seco_wwa,2014-04-28,1.15382143279136
seco_wwa,2014-05-05,0.938192140787217
seco_wwa,2014-05-12,0.976594545295531
seco_wwa,2014-05-19,1.47503647955237
seco_wwa,2014-05-26,1.54977355873579
seco_wwa,2014-06-02,1.63420003352154
seco_wwa,2014-06-09,2.41770388755476
seco_wwa,2014-06-16,2.5986998918938
seco_wwa,2014-06-23,2.49821326580155
seco_wwa,2014-06-30,2.59082773972044
seco_wwa,2014-07-07,2.51490777755422
seco_wwa,2014-07-14,2.54910731853091
seco_wwa,2014-07-21,2.68856325967679
seco_wwa,2014-07-28,2.81459249308147
seco_wwa,2014-08-04,2.46275164207625
seco_wwa,2014-08-11,2.82770648910975
seco_wwa,2014-08-18,3.18385731615148
seco_wwa,2014-08-25,3.29087722378127
seco_wwa,2014-09-01,2.97976360212894
seco_wwa,2014-09-08,2.5655848225011
seco_wwa,2014-09-15,2.68226229381597
seco_wwa,2014-09-22,2.70206104084535
seco_wwa,2014-09-29,3.02737550968569
seco_wwa,2014-10-06,2.5725772581539
seco_wwa,2014-10-13,2.77283235165616
seco_wwa,2014-10-20,2.81968863104165
seco_wwa,2014-10-27,3.25670924557326
seco_wwa,2014-11-03,3.26586876780096
seco_wwa,2014-11-10,2.42859262070184
seco_wwa,2014-11-17,1.23693425894061
seco_wwa,2014-11-24,0.39367013011723
seco_wwa,2014-12-01,0.454503196216888
seco_wwa,2014-12-08,0.535637279900751
seco_wwa,2014-12-15,0.577508202015348
seco_wwa,2014-12-22,0.946468893018375
seco_wwa,2014-12-29,0.907268813432708
seco_wwa,2015-01-05,0.770717148130151
seco_wwa,2015-01-12,0.573860603045103
seco_wwa,2015-01-19,1.02278357949091
seco_wwa,2015-01-26,1.33500417690579
seco_wwa,2015-02-02,1.2067674312817
seco_wwa,2015-02-09,1.33172787864266
seco_wwa,2015-02-16,1.65676313303232
seco_wwa,2015-02-23,1.55537103672706
seco_wwa,2015-03-02,1.33067030319637
seco_wwa,2015-03-09,1.510260118948
seco_wwa,2015-03-16,1.80572398682442
seco_wwa,2015-03-23,2.36200920469856
seco_wwa,2015-03-30,1.87936167340016
seco_wwa,2015-04-06,2.20574642876032
seco_wwa,2015-04-13,1.92983903066975
seco_wwa,2015-04-20,2.42609769850152
seco_wwa,2015-04-27,2.96699205289563
seco_wwa,2015-05-04,2.88295056477474
seco_wwa,2015-05-11,1.86254409067521
seco_wwa,2015-05-18,1.58661981019425
seco_wwa,2015-05-25,2.49942260984908
seco_wwa,2015-06-01,2.64840170792256
seco_wwa,2015-06-08,2.72651391811034
seco_wwa,2015-06-15,2.63177246334828
seco_wwa,2015-06-22,2.55168715789626
seco_wwa,2015-06-29,2.86543626860868
seco_wwa,2015-07-06,2.20644753102245
seco_wwa,2015-07-13,2.25360766690925
seco_wwa,2015-07-20,1.83488156986867
seco_wwa,2015-07-27,1.84902856968087
seco_wwa,2015-08-03,1.79470227668553
seco_wwa,2015-08-10,1.71545696851178
seco_wwa,2015-08-17,1.68897442748688
seco_wwa,2015-08-24,0.938913722773636
seco_wwa,2015-08-31,1.2179498143895
seco_wwa,2015-09-07,1.37681016694679
seco_wwa,2015-09-14,2.04995576637092
seco_wwa,2015-09-21,1.99579202756388
seco_wwa,2015-09-28,2.59474912521439
seco_wwa,2015-10-05,2.76654905716799
seco_wwa,2015-10-12,2.89509636688413
seco_wwa,2015-10-19,2.24511870703554
seco_wwa,2015-10-26,2.33649861740621
seco_wwa,2015-11-02,2.16338392034422
seco_wwa,2015-11-09,2.04167490972328
seco_wwa,2015-11-16,2.15241078484788
seco_wwa,2015-11-23,2.47465559225709
seco_wwa,2015-11-30,2.85132741359008
seco_wwa,2015-12-07,3.0715028615463
seco_wwa,2015-12-14,3.3988388539445
seco_wwa,2015-12-21,3.11353696606395
seco_wwa,2016-01-04,3.53589445658717
seco_wwa,2016-01-11,3.76520671330991
seco_wwa,2016-01-18,3.47979294540722
seco_wwa,2016-01-25,2.9336866616996
seco_wwa,2016-02-01,2.86457901220392
seco_wwa,2016-02-08,2.73816696042366
seco_wwa,2016-02-15,2.30282503876791
seco_wwa,2016-02-22,1.34713269083185
seco_wwa,2016-02-29,1.58153447111622
seco_wwa,2016-03-07,1.94659896220275
seco_wwa,2016-03-14,2.10291527320075
seco_wwa,2016-03-21,2.15075698765526
seco_wwa,2016-03-28,2.16935787523343
seco_wwa,2016-04-04,2.58111209642422
seco_wwa,2016-04-11,2.74020972589954
seco_wwa,2016-04-18,2.38963589600018
seco_wwa,2016-04-25,1.84583335649188
seco_wwa,2016-05-02,1.16154972294842
seco_wwa,2016-05-09,1.40677999935716
seco_wwa,2016-05-16,1.54393012099914
seco_wwa,2016-05-23,1.1943402658552
seco_wwa,2016-05-30,1.18228574069708
seco_wwa,2016-06-06,0.753497078823076
seco_wwa,2016-06-13,0.742032619084608
seco_wwa,2016-06-20,0.30915458318893
seco_wwa,2016-06-27,0.0798180791434096
seco_wwa,2016-07-04,0.301605174763659
seco_wwa,2016-07-11,0.549047671030676
seco_wwa,2016-07-18,1.25463055020289
seco_wwa,2016-07-25,1.48771171898575
seco_wwa,2016-08-01,1.68322582737096
seco_wwa,2016-08-08,1.50603244590129
seco_wwa,2016-08-15,1.04298909952726
seco_wwa,2016-08-22,1.59667191196252
seco_wwa,2016-08-29,1.55340844904738
seco_wwa,2016-09-05,1.66321092455155
seco_wwa,2016-09-12,1.47447847167805
seco_wwa,2016-09-19,1.91034610890064
seco_wwa,2016-09-26,0.934205497512415
seco_wwa,2016-10-03,0.677987865688745
seco_wwa,2016-10-10,0.744538134795697
seco_wwa,2016-10-17,0.80879257490031
seco_wwa,2016-10-24,0.516887250509639
seco_wwa,2016-10-31,1.01481027028625
seco_wwa,2016-11-07,0.945640863874995
seco_wwa,2016-11-14,0.791976069951373
seco_wwa,2016-11-21,0.36258612915267
seco_wwa,2016-11-28,-0.0682355304226261
seco_wwa,2016-12-05,-0.326944682973992
seco_wwa,2016-12-12,-0.942596068571536
seco_wwa,2016-12-19,-1.51795256602372
seco_wwa,2016-12-26,-1.61738139987643
seco_wwa,2017-01-02,-1.40432431141103
seco_wwa,2017-01-09,-0.96237250576539
seco_wwa,2017-01-16,-0.871730047394626
seco_wwa,2017-01-23,-0.543027605986214
seco_wwa,2017-01-30,-0.393450359315618
seco_wwa,2017-02-06,0.146273711995931
seco_wwa,2017-02-13,0.681137220515069
seco_wwa,2017-02-20,0.705539151115574
seco_wwa,2017-02-27,1.05109083825091
seco_wwa,2017-03-06,0.58685328591273
seco_wwa,2017-03-13,0.670701746408195
seco_wwa,2017-03-20,0.515036918356327
seco_wwa,2017-03-27,0.538561362150215
seco_wwa,2017-04-03,0.72928700090281
seco_wwa,2017-04-10,1.11604910091459
seco_wwa,2017-04-17,1.02758371945957
seco_wwa,2017-04-24,0.977626561926635
seco_wwa,2017-05-01,2.03861006006534
seco_wwa,2017-05-08,3.23309295681803
seco_wwa,2017-05-15,3.42775587928586
seco_wwa,2017-05-22,2.75388919972153
seco_wwa,2017-05-29,2.28200967205787
seco_wwa,2017-06-05,2.56617580397862
seco_wwa,2017-06-12,2.73987290076468
seco_wwa,2017-06-19,3.06637673017905
seco_wwa,2017-06-26,2.88688192980362
seco_wwa,2017-07-03,2.88592556626746
seco_wwa,2017-07-10,2.54933999403978
seco_wwa,2017-07-17,2.53544129136903
seco_wwa,2017-07-24,2.69543833403733
seco_wwa,2017-07-31,1.99952905883669
seco_wwa,2017-08-07,2.0524022381639
seco_wwa,2017-08-14,2.74956755065872
seco_wwa,2017-08-21,2.8933402996024
seco_wwa,2017-08-28,2.84068145585468
seco_wwa,2017-09-04,2.81343657031557
seco_wwa,2017-09-11,2.79682791346945
seco_wwa,2017-09-18,2.49330530774905
seco_wwa,2017-09-25,3.10573417008689
seco_wwa,2017-10-02,2.79304663920906
seco_wwa,2017-10-09,2.84192932104346
seco_wwa,2017-10-16,2.88877480558426
seco_wwa,2017-10-23,2.67209050009035
seco_wwa,2017-10-30,2.73768176180673
seco_wwa,2017-11-06,3.08368050794744
seco_wwa,2017-11-13,3.00624846619614
seco_wwa,2017-11-20,3.43237344942692
seco_wwa,2017-11-27,3.43586016771207
seco_wwa,2017-12-04,3.57659187684762
seco_wwa,2017-12-11,4.021801874029
seco_wwa,2017-12-18,4.79879714516766
seco_wwa,2017-12-25,4.84136208217021
seco_wwa,2018-01-01,4.54673746954287
seco_wwa,2018-01-08,4.52240443054806
seco_wwa,2018-01-15,4.44224734004612
seco_wwa,2018-01-22,4.2134841953529
seco_wwa,2018-01-29,4.21033299179594
seco_wwa,2018-02-05,4.196071042951
seco_wwa,2018-02-12,3.18341829249135
seco_wwa,2018-02-19,2.67220638212784
seco_wwa,2018-02-26,2.30662446010099
seco_wwa,2018-03-05,2.56445660053032
seco_wwa,2018-03-12,3.04521884519464
seco_wwa,2018-03-19,3.94601058226685
seco_wwa,2018-03-26,4.06118886360606
seco_wwa,2018-04-02,3.47440990551069
seco_wwa,2018-04-09,3.71228570570717
seco_wwa,2018-04-16,4.26404961423262
seco_wwa,2018-04-23,4.28875140923013
seco_wwa,2018-04-30,3.91144446544716
seco_wwa,2018-05-07,3.77881195872469
seco_wwa,2018-05-14,3.47392582655696
seco_wwa,2018-05-21,3.87407512736176
seco_wwa,2018-05-28,4.4282090893506
seco_wwa,2018-06-04,4.12327981150076
seco_wwa,2018-06-11,3.83879959044837
seco_wwa,2018-06-18,3.73675258275395
seco_wwa,2018-06-25,4.25958697894698
seco_wwa,2018-07-02,3.81436968102896
seco_wwa,2018-07-09,3.23476387158572
seco_wwa,2018-07-16,2.86794104498264
seco_wwa,2018-07-23,2.23787931609239
seco_wwa,2018-07-30,2.4720018379994
seco_wwa,2018-08-06,2.50377187899252
seco_wwa,2018-08-13,2.33282207618651
seco_wwa,2018-08-20,2.2044399483577
seco_wwa,2018-08-27,1.96642707226993
seco_wwa,2018-09-03,1.76123977566654
seco_wwa,2018-09-10,1.80130421255305
seco_wwa,2018-09-17,1.89128407773575
seco_wwa,2018-09-24,1.92646952236678
seco_wwa,2018-10-01,2.21846326227576
seco_wwa,2018-10-08,2.37748224212985
seco_wwa,2018-10-15,2.40469719453585
seco_wwa,2018-10-22,2.2614428832734
seco_wwa,2018-10-29,2.4815474371463
seco_wwa,2018-11-05,2.54769506752677
seco_wwa,2018-11-12,2.61511070908935
seco_wwa,2018-11-19,2.68973933955205
seco_wwa,2018-11-26,2.47476005745115
seco_wwa,2018-12-03,2.62405229785774
seco_wwa,2018-12-10,2.78433126827462
seco_wwa,2018-12-17,2.8316487395181
seco_wwa,2018-12-24,2.61383424027888
seco_wwa,2018-12-31,2.16921229079276
seco_wwa,2019-01-07,2.20440272220256
seco_wwa,2019-01-14,2.01675638277555
seco_wwa,2019-01-21,2.55049524833493
seco_wwa,2019-01-28,2.24238246653498
seco_wwa,2019-02-04,2.569679838774
seco_wwa,2019-02-11,3.19094785401068
seco_wwa,2019-02-18,4.05694591430133
seco_wwa,2019-02-25,4.1675336486426096
seco_wwa,2019-03-04,4.25658317870597
seco_wwa,2019-03-11,3.75779443015676
seco_wwa,2019-03-18,2.77705179977401
seco_wwa,2019-03-25,2.96793633087638
seco_wwa,2019-04-01,3.49460541231662
seco_wwa,2019-04-08,3.53145737081195
seco_wwa,2019-04-15,3.15772725140366
seco_wwa,2019-04-22,2.89747110873465
seco_wwa,2019-04-29,3.20239105959235
seco_wwa,2019-05-06,3.60017892140707
seco_wwa,2019-05-13,3.4939805115902
seco_wwa,2019-05-20,2.92806590025003
seco_wwa,2019-05-27,2.76463154550179
seco_wwa,2019-06-03,2.65427575534838
seco_wwa,2019-06-10,2.93143348724167
seco_wwa,2019-06-17,3.27530020998099
seco_wwa,2019-06-24,3.09091397043635
seco_wwa,2019-07-01,3.04870903133568
seco_wwa,2019-07-08,3.10614755322674
seco_wwa,2019-07-15,3.06129956862391
seco_wwa,2019-07-22,2.94281775333694
seco_wwa,2019-07-29,2.97806136370063
seco_wwa,2019-08-05,2.88730804917189
seco_wwa,2019-08-12,3.15202832568836
seco_wwa,2019-08-19,3.26831572910904
seco_wwa,2019-08-26,3.03230560194735
seco_wwa,2019-09-02,3.62061758343794
seco_wwa,2019-09-09,3.50519201060522
seco_wwa,2019-09-16,3.34802682553375
seco_wwa,2019-09-23,3.0544542815685
seco_wwa,2019-09-30,2.6856402427451
seco_wwa,2019-10-07,2.35124948348151
seco_wwa,2019-10-14,2.15404672661835
seco_wwa,2019-10-21,2.32007449511502
seco_wwa,2019-10-28,1.94358297614907
seco_wwa,2019-11-04,1.54738215161815
seco_wwa,2019-11-11,1.09723730928708
seco_wwa,2019-11-18,1.21452649601011
seco_wwa,2019-11-25,1.59981786602804
seco_wwa,2019-12-02,1.73577729500568
seco_wwa,2019-12-09,1.15742365164122
seco_wwa,2019-12-16,1.41844603681454
seco_wwa,2019-12-23,1.24969682479175
seco_wwa,2019-12-30,1.81741490031025
seco_wwa,2020-01-06,1.5787889475813
seco_wwa,2020-01-13,1.33119454692102
seco_wwa,2020-01-20,1.42286407738375
seco_wwa,2020-01-27,1.71155739140108
seco_wwa,2020-02-03,1.52625107558816
seco_wwa,2020-02-10,1.4231307109433
seco_wwa,2020-02-17,0.564423324469249
seco_wwa,2020-02-24,-0.37758748650128
seco_wwa,2020-03-02,-0.463431009523085
seco_wwa,2020-03-09,0.0302641764570217
seco_wwa,2020-03-16,-1.47197904332451
seco_wwa,2020-03-23,-4.66105555878427
seco_wwa,2020-03-30,-7.42019545152522
seco_wwa,2020-04-06,-9.58395054556464
seco_wwa,2020-04-13,-10.4484708862871
seco_wwa,2020-04-20,-8.71905386228906
seco_wwa,2020-04-27,-7.39081555789897
seco_wwa,2020-05-04,-6.41580002118818
seco_wwa,2020-05-11,-6.48150621877149
seco_wwa,2020-05-18,-6.57065837386532
seco_wwa,2020-05-25,-5.71958626196916
seco_wwa,2020-06-01,-5.60648840961366
seco_wwa,2020-06-08,-4.94194718745912
seco_wwa,2020-06-15,-4.45858256839176
seco_wwa,2020-06-22,-3.65925113451926
seco_wwa,2020-06-29,-3.45072363124942
seco_wwa,2020-07-06,-3.11865365897095
seco_wwa,2020-07-13,-2.95357039846151
seco_wwa,2020-07-20,-2.38340018286827
seco_wwa,2020-07-27,-2.17313434405706
seco_wwa,2020-08-03,-1.10142400607931
seco_wwa,2020-08-10,-1.64355012916962
seco_wwa,2020-08-17,-1.26254699498899
seco_wwa,2020-08-24,-1.76863142444406
seco_wwa,2020-08-31,-1.09527466773285
seco_wwa,2020-09-07,-0.683837185737054
seco_wwa,2020-09-14,-0.384742668084016
seco_wwa,2020-09-21,-0.453504219048858
seco_wwa,2020-09-28,0.133581016904861
seco_wwa,2020-10-05,-0.626499468645504
seco_wwa,2020-10-12,-0.187707039305866
seco_wwa,2020-10-19,-0.530132096179819
seco_wwa,2020-10-26,-0.261337957741435
seco_wwa,2020-11-02,0.068550306528508
seco_wwa,2020-11-09,0.650240448523854
seco_wwa,2020-11-16,0.0186309147645913
seco_wwa,2020-11-23,-0.451213485379016
seco_wwa,2020-11-30,0.172927443214242
seco_wwa,2020-12-07,0.399920160207915
seco_wwa,2020-12-14,0.329672434863603
seco_wwa,2020-12-21,0.446821445882463
seco_wwa,2021-01-04,-0.838120340371184
seco_wwa,2021-01-11,-0.771678966131655
seco_wwa,2021-01-18,-0.37016387780755
seco_wwa,2021-01-25,-1.59103102084996
seco_wwa,2021-02-01,-2.23048588013644
seco_wwa,2021-02-08,-2.52528518975723
seco_wwa,2021-02-15,-1.22202437830452
seco_wwa,2021-02-22,-0.968476636648533
seco_wwa,2021-03-01,0.434261460557555
seco_wwa,2021-03-08,0.970409678429981
seco_wwa,2021-03-15,2.81988571729406
seco_wwa,2021-03-22,6.98142007148746
seco_wwa,2021-03-29,10.2626606604729
seco_wwa,2021-04-05,13.5628047201014
seco_wwa,2021-04-12,13.6767390606168
seco_wwa,2021-04-19,12.5994013922627
seco_wwa,2021-04-26,10.9202207950916
seco_wwa,2021-05-03,10.6991614468353
seco_wwa,2021-05-10,9.46479698121954
seco_wwa,2021-05-17,8.62419242396185
seco_wwa,2021-05-24,7.5948891497136
seco_wwa,2021-05-31,7.52439459217148
seco_wwa,2021-06-07,7.10008517692674
seco_wwa,2021-06-14,6.51553195810353
seco_wwa,2021-06-21,6.2062296201439
seco_wwa,2021-06-28,5.85117106191951
seco_wwa,2021-07-05,5.35193154181519
seco_wwa,2021-07-12,4.62466667631513
seco_wwa,2021-07-19,4.92472233129879
seco_wwa,2021-07-26,5.03044512795988
seco_wwa,2021-08-02,4.61510496891331
seco_wwa,2021-08-09,4.59139349721167
seco_wwa,2021-08-16,4.42757151095627
seco_wwa,2021-08-23,5.18554432903464
seco_wwa,2021-08-30,4.51209343637093
seco_wwa,2021-09-06,4.08932604063627
seco_wwa,2021-09-13,3.82511607173947
seco_wwa,2021-09-20,3.83375701326278
seco_wwa,2021-09-27,3.47210804053411
seco_wwa,2021-10-04,4.04822935255486
seco_wwa,2021-10-11,4.27063228391225
seco_wwa,2021-10-18,4.06643444979032
seco_wwa,2021-10-25,4.3187326819977
seco_wwa,2021-11-01,4.26965441275167
seco_wwa,2021-11-08,4.38500716387146
seco_wwa,2021-11-15,4.91352719810278
seco_wwa,2021-11-22,4.73880411292735
seco_wwa,2021-11-29,4.20744942141984
seco_wwa,2021-12-06,4.44777229259522
seco_wwa,2021-12-13,3.61726071558172
seco_wwa,2021-12-20,4.03372330737315
seco_wwa,2021-12-27,4.85502448664409
seco_wwa,2022-01-03,4.73364043543204
seco_wwa,2022-01-10,3.83590045342919
seco_wwa,2022-01-17,5.16054846357419
seco_wwa,2022-01-24,5.85909608244362
seco_wwa,2022-01-31,6.71025267608008
seco_wwa,2022-02-07,7.26098823207798
seco_wwa,2022-02-14,7.07895141875124
seco_wwa,2022-02-21,7.1809568279747
seco_wwa,2022-02-28,6.44279024341641
seco_wwa,2022-03-07,5.58925798750372
seco_wwa,2022-03-14,5.59284621318908
seco_wwa,2022-03-21,4.59103496804501
seco_wwa,2022-03-28,4.62370734793895
seco_wwa,2022-04-04,3.72944197301753
seco_wwa,2022-04-11,3.48881464665129
seco_wwa,2022-04-18,3.06729348110506
seco_wwa,2022-04-25,3.57076447615757
seco_wwa,2022-05-02,3.61936630123255
seco_wwa,2022-05-09,4.48820546169306
seco_wwa,2022-05-16,4.35984968075499
seco_wwa,2022-05-23,4.88290374017863
seco_wwa,2022-05-30,5.03947585772634
seco_wwa,2022-06-06,4.98611804339738
seco_wwa,2022-06-13,5.02598894175538
seco_wwa,2022-06-20,4.48486798367578
seco_wwa,2022-06-27,4.40235875845278
seco_wwa,2022-07-04,4.41212430969467
seco_wwa,2022-07-11,4.37154758388172
seco_wwa,2022-07-18,3.87483096041337
seco_wwa,2022-07-25,3.95779713366078
seco_wwa,2022-08-01,3.88600876355694
seco_wwa,2022-08-08,3.9589910165924
seco_wwa,2022-08-15,4.07279277968417
seco_wwa,2022-08-22,3.24602911078866
seco_wwa,2022-08-29,3.596730093562
seco_wwa,2022-09-05,3.85116653574726
seco_wwa,2022-09-12,3.93628271703944
seco_wwa,2022-09-19,3.30596527156094
seco_wwa,2022-09-26,2.6721930407916
seco_wwa,2022-10-03,2.64333219019168
seco_wwa,2022-10-10,2.61207280472445
seco_wwa,2022-10-17,2.6692239646834
seco_wwa,2022-10-24,2.74368484640563
seco_wwa,2022-10-31,2.38647697166513
seco_wwa,2022-11-07,1.8076092558401
seco_wwa,2022-11-14,1.35080975228999
seco_wwa,2022-11-21,0.985578004223399
seco_wwa,2022-11-28,0.70671380460465
seco_wwa,2022-12-05,0.714809047556221
seco_wwa,2022-12-12,0.971546512956127
seco_wwa,2022-12-19,1.91476160337379
seco_wwa,2022-12-26,1.62488264247686
seco_wwa,2023-01-02,1.45484274081119
seco_wwa,2023-01-09,2.43129744149861
seco_wwa,2023-01-16,1.71476392045801
seco_wwa,2023-01-23,2.27487764745814
seco_wwa,2023-01-30,1.97365372929751
seco_wwa,2023-02-06,1.62178145542671
seco_wwa,2023-02-13,1.47620608742004
seco_wwa,2023-02-20,0.799172286295289
seco_wwa,2023-02-27,0.446262373320262
seco_wwa,2023-03-06,0.635975731535619
seco_wwa,2023-03-13,1.18745833350515
seco_wwa,2023-03-20,1.6621395624123
seco_wwa,2023-03-27,1.410600700185
seco_wwa,2023-04-03,1.57373808703852
seco_wwa,2023-04-10,1.68190091040101
seco_wwa,2023-04-17,1.83683831845063
seco_wwa,2023-04-24,1.03606813403244
seco_wwa,2023-05-01,0.600967032198866
seco_wwa,2023-05-08,0.202754877465797
seco_wwa,2023-05-15,0.0643194877003548
seco_wwa,2023-05-22,0.016864877880062
seco_wwa,2023-05-29,-0.520713705775082
seco_wwa,2023-06-05,-0.512010412626108
seco_wwa,2023-06-12,-0.131259327802601
seco_wwa,2023-06-19,-0.0118822082858483
seco_wwa,2023-06-26,-0.212006886228457
seco_wwa,2023-07-03,-0.696697645064946
seco_wwa,2023-07-10,-0.530373231023491
seco_wwa,2023-07-17,-0.49686963680859
seco_wwa,2023-07-24,-0.749203951276499
seco_wwa,2023-07-31,-0.740664379333105
seco_wwa,2023-08-07,-0.602440422640723
seco_wwa,2023-08-14,-0.640950134087474
seco_wwa,2023-08-21,-0.0385658893699505
seco_wwa,2023-08-28,-0.353904584430201
seco_wwa,2023-09-04,-0.231733331793257
seco_wwa,2023-09-11,0.408374649011551
seco_wwa,2023-09-18,0.628727373596321
seco_wwa,2023-09-25,0.66731315754868
seco_wwa,2023-10-02,0.656202830507054
seco_wwa,2023-10-09,0.359362978502644
seco_wwa,2023-10-16,0.0670494157173918
seco_wwa,2023-10-23,-0.144635517130285
seco_wwa,2023-10-30,0.248132899754173
seco_wwa,2023-11-06,-0.00114032392289576
seco_wwa,2023-11-13,0.28207452794946
seco_wwa,2023-11-20,0.588886279025913
seco_wwa,2023-11-27,0.284020285807388
seco_wwa,2023-12-04,0.534102309084844
seco_wwa,2023-12-11,0.653373706417284
seco_wwa,2023-12-18,0.911751569186437
seco_wwa,2023-12-25,1.07785268167503
seco_wwa,2024-01-01,0.856388772531756
seco_wwa,2024-01-08,0.827384422710217
seco_wwa,2024-01-15,0.428944450800211
seco_wwa,2024-01-22,0.3097915875627
seco_wwa,2024-01-29,-0.0730336264889619
seco_wwa,2024-02-05,0.31914114581097
seco_wwa,2024-02-12,0.0607836399923551
seco_wwa,2024-02-19,0.0449886703887707
seco_wwa,2024-02-26,0.270424923071263
seco_wwa,2024-03-04,0.29300124887537
seco_wwa,2024-03-11,-0.0585761354154861
seco_wwa,2024-03-18,0.0450658211066064
seco_wwa,2024-03-25,-0.55625087738724
seco_wwa,2024-04-01,-0.230457269047606
seco_wwa,2024-04-08,0.45634720325072
seco_wwa,2024-04-15,1.81670995734849
seco_wwa,2024-04-22,2.2291201823285
seco_wwa,2024-04-29,2.02124898819932
seco_wwa,2024-05-06,1.62509337719122
seco_wwa,2024-05-13,1.712925363632
seco_wwa,2024-05-20,1.35127240904269
seco_wwa,2024-05-27,2.12117907728195
seco_wwa,2024-06-03,2.30950629338537
seco_wwa,2024-06-10,1.70265620233322
seco_wwa,2024-06-17,1.85939807027918
seco_wwa,2024-06-24,1.82725568291774
seco_wwa,2024-07-01,1.67860666954951
seco_wwa,2024-07-08,1.38235828678991
seco_wwa,2024-07-15,1.45985247507716
seco_wwa,2024-07-22,1.34900310599588
seco_wwa,2024-07-29,1.12245306116246
seco_wwa,2024-08-05,0.715628966241627
seco_wwa,2024-08-12,0.301610411184535
seco_wwa,2024-08-19,0.591528988315647
seco_wwa,2024-08-26,1.11405889447977
seco_wwa,2024-09-02,1.27327828634504
seco_wwa,2024-09-09,0.487147285760181
seco_wwa,2024-09-16,0.099169547862475907
seco_wwa,2024-09-23,0.158863649072886
seco_wwa,2024-09-30,0.73917948102882
seco_wwa,2024-10-07,1.17502830637964
seco_wwa,2024-10-14,2.03325621946048
seco_wwa,2024-10-21,2.29358824075072
seco_wwa,2024-10-28,2.57964543196697
seco_wwa,2024-11-04,1.97770356594995
seco_wwa,2024-11-11,1.67477885568238
seco_wwa,2024-11-18,1.53921510497726
seco_wwa,2024-11-25,1.62886069899708
seco_wwa,2024-12-02,2.07138126785595
seco_wwa,2024-12-09,1.98347922557762
seco_wwa,2024-12-16,2.08474986640185
seco_wwa,2024-12-23,2.06182452773336
seco_wwa,2024-12-30,1.05492681463513
seco_wwa,2025-01-06,1.07491424294919
seco_wwa,2025-01-13,1.39664995359175
seco_wwa,2025-01-20,1.82844119316691
seco_wwa,2025-01-27,1.92594415853481
seco_wwa,2025-02-03,1.8596210928313
seco_wwa,2025-02-10,1.92306826790777
seco_wwa,2025-02-17,3.34709665295318
seco_wwa,2025-02-24,4.66482365429661
seco_wwa,2025-03-03,6.18356556812785
seco_wwa,2025-03-10,6.11147457331405
seco_wwa,2025-03-17,5.93676446532333
seco_wwa,2025-03-24,6.22019467874317
seco_wwa,2025-03-31,7.05514272083168
seco_wwa,2025-04-07,6.03776489719524
seco_wwa,2025-04-14,2.88464764255065
seco_wwa,2025-04-21,0.589564319757688
seco_wwa,2025-04-28,0.008842683208798
seco_wwa,2025-05-05,0.526868465571039
seco_wwa,2025-05-12,1.28970331186459
seco_wwa,2025-05-19,1.23328341607925
seco_wwa,2025-05-26,0.744354052864857
seco_wwa,2025-06-02,-0.0423402611572252
seco_wwa,2025-06-09,0.0783746380949131
seco_wwa,2025-06-16,0.178939007550098
seco_wwa,2025-06-23,0.38269979972838303
seco_wwa,2025-06-30,0.867817683161108
seco_wwa,2025-07-07,0.750109826405061
seco_wwa,2025-07-14,0.68875684420626
seco_wwa,2025-07-21,0.631683002037826
seco_wwa,2025-07-28,0.622884166834295
seco_wwa,2025-08-04,1.03626650927511
seco_wwa,2025-08-11,1.7872310837173
seco_wwa,2025-08-18,1.09759198861736
seco_wwa,2025-08-25,0.742143703876383
seco_wwa,2025-09-01,1.16281752949881
seco_wwa,2025-09-08,2.31673102520248
seco_wwa,2025-09-15,2.18218825288071
seco_wwa,2025-09-22,1.87674463310086
seco_wwa,2025-09-29,1.60610624105557
seco_wwa,2025-10-06,1.87914718374378
seco_wwa,2025-10-13,1.49462138152294
seco_wwa,2025-10-20,1.05037779807826
seco_wwa,2025-10-27,0.995141230247409
seco_wwa,2025-11-03,1.52292086061717
seco_wwa,2025-11-10,1.61505021865014
seco_wwa,2025-11-17,1.5318415792152
seco_wwa,2025-11-24,1.11768962295814
seco_wwa,2025-12-01,0.534576445397042
seco_wwa,2025-12-08,0.729893567411081
seco_wwa,2025-12-15,1.00281891826793
seco_wwa,2025-12-22,1.05748059706747
seco_wwa,2025-12-29,1.07384324316646
seco_wwa,2026-01-05,1.23320276290669
seco_wwa,2026-01-12,1.97453550446198
seco_wwa,2026-01-19,1.81820666184322
seco_wwa,2026-01-26,1.32792770297494
seco_wwa,2026-02-02,0.892628053570041
seco_wwa,2026-02-09,0.799993434632439
seco_wwa,2026-02-16,-0.340154453374449
seco_wwa,2026-02-23,-1.53715076805025
seco_wwa,2026-03-02,-2.54861606704988
seco_wwa,2026-03-09,-2.33836284098003
seco_wwa,2026-03-16,-1.66206832387218
seco_wwa,2026-03-23,-2.36118397068331
seco_wwa,2026-03-30,-2.63890725499821
seco_wwa,2026-04-06,-2.008540001042
seco_wwa,2026-04-13,-0.342047027565136
seco_wwa,2026-04-20,2.09698111698331
seco_wwa,2026-04-27,2.63722453363281
seco_wwa,2026-05-04,3.19445303519236
seco_wwa,2026-05-11,3.10239364631637
seco_wwa,2026-05-18,3.91083036985325
seco_wwa,2026-05-25,3.61141659174088
seco_wwa,2026-06-01,3.31561079962137
seco_wwa,2026-06-08,3.16620828914197
seco_wwa,2026-06-15,3.56107877385659
seco_wwa,2026-06-22,3.38759780237902
seco_wwa,2026-06-29,3.18805863411207
seco_wwa,2026-07-06,3.15911733544537
seco_wwa,2026-07-13,4.01047319354925
seco_wwa,2026-07-20,4.28116048583711
seco_wwa,2026-07-27,3.67878182837551
seco_wwa,2026-08-03,2.31357970552519
seco_wwa,2026-08-10,1.51571465219399
seco_wwa,2026-08-17,1.27959872383042
seco_wwa,2026-08-24,1.02364893330624
seco_wwa,2026-08-31,0.784764776105873
seco_wwa,2026-09-07,1.16883262122553
seco_wwa,2026-09-14,1.7317910678533
seco_wwa,2026-09-21,1.79152006162116
seco_wwa_pre_covid,2019-12-30,0.241484342270624
seco_wwa_pre_covid,2020-01-06,0.227802535389458
seco_wwa_pre_covid,2020-01-13,0.124665878486738
seco_wwa_pre_covid,2020-01-20,-0.532295194788262
seco_wwa_pre_covid,2020-01-27,-0.28558847446098
seco_wwa_pre_covid,2020-02-03,-0.369510281749484
seco_wwa_pre_covid,2020-02-10,-0.360974179628442
seco_wwa_pre_covid,2020-02-17,-0.924566765974276
seco_wwa_pre_covid,2020-02-24,-1.34888902654927
seco_wwa_pre_covid,2020-03-02,-1.28776093753028
seco_wwa_pre_covid,2020-03-09,-1.01345262759331
seco_wwa_pre_covid,2020-03-16,-3.05304918982722
seco_wwa_pre_covid,2020-03-23,-4.65266643996839
seco_wwa_pre_covid,2020-03-30,-5.78585908361525
seco_wwa_pre_covid,2020-04-06,-8.59284266044179
seco_wwa_pre_covid,2020-04-13,-10.4450377670317
seco_wwa_pre_covid,2020-04-20,-9.85521005048068
seco_wwa_pre_covid,2020-04-27,-7.99713436537608
seco_wwa_pre_covid,2020-05-04,-6.48465785778865
seco_wwa_pre_covid,2020-05-11,-6.34699956260467
seco_wwa_pre_covid,2020-05-18,-6.98810731409147
seco_wwa_pre_covid,2020-05-25,-5.6918237577197
seco_wwa_pre_covid,2020-06-01,-6.27917243775788
seco_wwa_pre_covid,2020-06-08,-5.18131296702499
seco_wwa_pre_covid,2020-06-15,-5.06580113881007
seco_wwa_pre_covid,2020-06-22,-4.75845562088047
seco_wwa_pre_covid,2020-06-29,-4.3920585937216
seco_wwa_pre_covid,2020-07-06,-3.72511684157486
seco_wwa_pre_covid,2020-07-13,-3.68982924559641
seco_wwa_pre_covid,2020-07-20,-3.55909950273282
seco_wwa_pre_covid,2020-07-27,-2.87327476120144
seco_wwa_pre_covid,2020-08-03,-1.81298958117839
seco_wwa_pre_covid,2020-08-10,-1.77976695168667
seco_wwa_pre_covid,2020-08-17,-2.10080567260323
seco_wwa_pre_covid,2020-08-24,-2.17096750770359
seco_wwa_pre_covid,2020-08-31,-1.95245090816918
seco_wwa_pre_covid,2020-09-07,-2.6690148959898
seco_wwa_pre_covid,2020-09-14,-2.46271702547215
seco_wwa_pre_covid,2020-09-21,-2.85688256306234
seco_wwa_pre_covid,2020-09-28,-1.57155324364327
seco_wwa_pre_covid,2020-10-05,-2.07804473513085
seco_wwa_pre_covid,2020-10-12,-2.04454627575355
seco_wwa_pre_covid,2020-10-19,-2.26542472634874
seco_wwa_pre_covid,2020-10-26,-1.51772698555195
seco_wwa_pre_covid,2020-11-02,-1.24754146833804
seco_wwa_pre_covid,2020-11-09,-1.46666563190577
seco_wwa_pre_covid,2020-11-16,-1.34508547208446
seco_wwa_pre_covid,2020-11-23,-1.45927472478023
seco_wwa_pre_covid,2020-11-30,-1.14189587553855
seco_wwa_pre_covid,2020-12-07,-1.25881709483502
seco_wwa_pre_covid,2020-12-14,-1.21835971122526
seco_wwa_pre_covid,2020-12-21,-0.684845175212246
seco_wwa_pre_covid,2021-01-04,-0.850959657706767
seco_wwa_pre_covid,2021-01-11,-0.978914381587657
seco_wwa_pre_covid,2021-01-18,-1.45508928813085
seco_wwa_pre_covid,2021-01-25,-2.31541756608354
seco_wwa_pre_covid,2021-02-01,-2.68124762613604
seco_wwa_pre_covid,2021-02-08,-2.93211244295232
seco_wwa_pre_covid,2021-02-15,-2.25737035339618
seco_wwa_pre_covid,2021-02-22,-1.65351538277659
seco_wwa_pre_covid,2021-03-01,-0.486097750117068
seco_wwa_pre_covid,2021-03-08,-0.435583617495993
seco_wwa_pre_covid,2021-03-15,-0.111039009280754
seco_wwa_pre_covid,2021-03-22,-0.0720891424995453
seco_wwa_pre_covid,2021-03-29,0.10622912261725
seco_wwa_pre_covid,2021-04-05,1.67270008954611
seco_wwa_pre_covid,2021-04-12,2.44488135310372
seco_wwa_pre_covid,2021-04-19,1.70683101737792
seco_wwa_pre_covid,2021-04-26,0.975055095169285
seco_wwa_pre_covid,2021-05-03,-0.178809676053049
seco_wwa_pre_covid,2021-05-10,-0.731543790691973
seco_wwa_pre_covid,2021-05-17,-0.193856392690712
seco_wwa_pre_covid,2021-05-24,-0.162661776971198
seco_wwa_pre_covid,2021-05-31,-0.0737858447402218
seco_wwa_pre_covid,2021-06-07,-0.162419637009066
seco_wwa_pre_covid,2021-06-14,-0.298321133359604
seco_wwa_pre_covid,2021-06-21,-0.174849244543843
seco_wwa_pre_covid,2021-06-28,-0.0916040095024329
seco_wwa_pre_covid,2021-07-05,0.0904126606961846
seco_wwa_pre_covid,2021-07-12,-0.00313241573890721
seco_wwa_pre_covid,2021-07-19,0.123570556838313
seco_wwa_pre_covid,2021-07-26,0.193468147035841
seco_wwa_pre_covid,2021-08-02,0.467798055348673
seco_wwa_pre_covid,2021-08-09,0.819872128435733
seco_wwa_pre_covid,2021-08-16,1.04504097493556
seco_wwa_pre_covid,2021-08-23,1.45192874296624
seco_wwa_pre_covid,2021-08-30,1.46732619676039
seco_wwa_pre_covid,2021-09-06,1.64909618096872
seco_wwa_pre_covid,2021-09-13,1.94205766217949
seco_wwa_pre_covid,2021-09-20,1.77365812655879
seco_wwa_pre_covid,2021-09-27,1.89014969391904
seco_wwa_pre_covid,2021-10-04,2.17319586864415
seco_wwa_pre_covid,2021-10-11,2.24874020833719
seco_wwa_pre_covid,2021-10-18,2.49593787337022
seco_wwa_pre_covid,2021-10-25,2.71392506788318
seco_wwa_pre_covid,2021-11-01,2.7975811257398
seco_wwa_pre_covid,2021-11-08,3.03417946249057
seco_wwa_pre_covid,2021-11-15,3.28379826344273
seco_wwa_pre_covid,2021-11-22,3.57333921659483
seco_wwa_pre_covid,2021-11-29,3.73723099690413
seco_wwa_pre_covid,2021-12-06,3.91201063706892
seco_wwa_pre_covid,2021-12-13,3.739027027408
seco_wwa_pre_covid,2021-12-20,3.55942258569826
seco_wwa_pre_covid,2021-12-27,3.46388046354426
seco_wwa_pre_covid,2022-01-03,2.80154313513019
seco_wwa_pre_covid,2022-01-10,2.1525203500819
seco_wwa_pre_covid,2022-01-17,1.70158530811336
seco_wwa_pre_covid,2022-01-24,1.23711310540709
seco_wwa_pre_covid,2022-01-31,1.49533875988299
seco_wwa_pre_covid,2022-02-07,2.22639346999343
seco_wwa_pre_covid,2022-02-14,2.42582688581519
seco_wwa_pre_covid,2022-02-21,2.50307550518026
seco_wwa_pre_covid,2022-02-28,2.35564922875399
seco_wwa_pre_covid,2022-03-07,1.84542118131817
seco_wwa_pre_covid,2022-03-14,1.69689681633179
seco_wwa_pre_covid,2022-03-21,1.49203212968169
seco_wwa_pre_covid,2022-03-28,1.43267765520746
seco_wwa_pre_covid,2022-04-04,1.31922230810418
seco_wwa_pre_covid,2022-04-11,1.19894890058194
seco_wwa_pre_covid,2022-04-18,1.20977669367631
seco_wwa_pre_covid,2022-04-25,1.18965863495302
seco_wwa_pre_covid,2022-05-02,1.37978362321817
seco_wwa_pre_covid,2022-05-09,1.75412808366948
seco_wwa_pre_covid,2022-05-16,2.14414945253633
seco_wwa_pre_covid,2022-05-23,2.53932328646888
seco_wwa_pre_covid,2022-05-30,2.98680498831205
seco_wwa_pre_covid,2022-06-06,3.13635983752545
seco_wwa_pre_covid,2022-06-13,3.31914377319932
seco_wwa_pre_covid,2022-06-20,3.37687455678865
seco_wwa_pre_covid,2022-06-27,3.52949800313344
seco_wwa_pre_covid,2022-07-04,3.51401224133081
seco_wwa_pre_covid,2022-07-11,3.44936618592373
seco_wwa_pre_covid,2022-07-18,3.28895219047407
seco_wwa_pre_covid,2022-07-25,3.13804894648474
seco_wwa_pre_covid,2022-08-01,3.19256779358759
seco_wwa_pre_covid,2022-08-08,3.13749718328349
seco_wwa_pre_covid,2022-08-15,3.30394950826506
seco_wwa_pre_covid,2022-08-22,3.33768838650686
seco_wwa_pre_covid,2022-08-29,3.42961978392961
seco_wwa_pre_covid,2022-09-05,3.54370751713606
seco_wwa_pre_covid,2022-09-12,3.58541223803788
seco_wwa_pre_covid,2022-09-19,3.58690560954976
seco_wwa_pre_covid,2022-09-26,3.41037334030558
seco_wwa_pre_covid,2022-10-03,3.27137730306416
seco_wwa_pre_covid,2022-10-10,3.09163811713073
seco_wwa_pre_covid,2022-10-17,2.93130152120729
seco_wwa_pre_covid,2022-10-24,2.79880757152815
seco_wwa_pre_covid,2022-10-31,2.66873970784918
seco_wwa_pre_covid,2022-11-07,2.6237366625166
seco_wwa_pre_covid,2022-11-14,2.53172794312206
seco_wwa_pre_covid,2022-11-21,2.28736506977969
seco_wwa_pre_covid,2022-11-28,2.0437509452849
seco_wwa_pre_covid,2022-12-05,1.83759344889525
