D0,date,value
AI,2011-01-01,0.29
AI,2011-04-01,0.27
AI,2011-07-01,0.01
AI,2011-10-01,-0.11
AI,2012-01-01,0.12
AI,2012-04-01,0.02
AI,2012-07-01,-0.23
AI,2012-10-01,0.01
AI,2013-01-01,0.03
AI,2013-04-01,0.12
AI,2013-07-01,0.19
AI,2013-10-01,0.08
AI,2014-01-01,0.21
AI,2014-04-01,0.09
AI,2014-07-01,0.16
AI,2014-10-01,0.11
AI,2015-01-01,-0.31
AI,2015-04-01,-0.09
AI,2015-07-01,0.06
AI,2015-10-01,0.09
AI,2016-01-01,0.14
AI,2016-04-01,0.05
AI,2016-07-01,0.09
AI,2016-10-01,0.21
AI,2017-01-01,0.19
AI,2017-04-01,0.22
AI,2017-07-01,0.37
AI,2017-10-01,0.21
AI,2018-01-01,0.21
AI,2018-04-01,0.05
AI,2018-07-01,0.28
AI,2018-10-01,0.21
AI,2019-01-01,0.26
AI,2019-04-01,0.24
AI,2019-07-01,0.16
AI,2019-10-01,0.14
AI,2020-01-01,0.06
AI,2020-04-01,-0.44
AI,2020-07-01,-0.07
AI,2020-10-01,0.15
AI,2021-01-01,0.23
AI,2021-04-01,0.47
AI,2021-07-01,0.21
AI,2021-10-01,0.39
AI,2022-01-01,0.41
AI,2022-04-01,0.51
AI,2022-07-01,0.25
AI,2022-10-01,0.11
AI,2023-01-01,0.3
AI,2023-04-01,0.22
AI,2023-07-01,0.24
AI,2023-10-01,0.07
AI,2024-01-01,-0.02
AI,2024-04-01,0.22
AI,2024-07-01,0.11
AI,2024-10-01,0.04
AI,2025-01-01,0.16
AI,2025-04-01,0.02
AI,2025-07-01,0
AI,2025-10-01,0.09
AI,2026-01-01,0.13
BERW,2011-01-01,0.33
BERW,2011-04-01,0.37
BERW,2011-07-01,0.09
BERW,2011-10-01,-0.08
BERW,2012-01-01,0.04
BERW,2012-04-01,0.06
BERW,2012-07-01,-0.01
BERW,2012-10-01,-0.01
BERW,2013-01-01,0.23
BERW,2013-04-01,0.2
BERW,2013-07-01,0.19
BERW,2013-10-01,0.33
BERW,2014-01-01,0.17
BERW,2014-04-01,0.27
BERW,2014-07-01,0.18
BERW,2014-10-01,0.19
BERW,2015-01-01,-0.12
BERW,2015-04-01,0.02
BERW,2015-07-01,-0.02
BERW,2015-10-01,-0.03
BERW,2016-01-01,0.1
BERW,2016-04-01,0.09
BERW,2016-07-01,0.08
BERW,2016-10-01,0.14
BERW,2017-01-01,0.3
BERW,2017-04-01,0.23
BERW,2017-07-01,0.37
BERW,2017-10-01,0.27
BERW,2018-01-01,0.41
BERW,2018-04-01,0.42
BERW,2018-07-01,0.47
BERW,2018-10-01,0.34
BERW,2019-01-01,0.43
BERW,2019-04-01,0.43
BERW,2019-07-01,0.27
BERW,2019-10-01,0.25
BERW,2020-01-01,0.31
BERW,2020-04-01,-0.19
BERW,2020-07-01,-0.09
BERW,2020-10-01,-0.09
BERW,2021-01-01,0.35
BERW,2021-04-01,0.6
BERW,2021-07-01,0.42
BERW,2021-10-01,0.69
BERW,2022-01-01,0.68
BERW,2022-04-01,0.59
BERW,2022-07-01,0.52
BERW,2022-10-01,0.46
BERW,2023-01-01,0.61
BERW,2023-04-01,0.48
BERW,2023-07-01,0.27
BERW,2023-10-01,0.27
BERW,2024-01-01,0.33
BERW,2024-04-01,0.26
BERW,2024-07-01,0.27
BERW,2024-10-01,0.15
BERW,2025-01-01,0.34
BERW,2025-04-01,0.19
BERW,2025-07-01,0.09
BERW,2025-10-01,0.2
BERW,2026-01-01,0.22
BI,2011-01-01,0.2
BI,2011-04-01,0.26
BI,2011-07-01,0.01
BI,2011-10-01,0.08
BI,2012-01-01,0.05
BI,2012-04-01,0.01
BI,2012-07-01,-0.01
BI,2012-10-01,0.17
BI,2013-01-01,-0.11
BI,2013-04-01,0.07
BI,2013-07-01,0.06
BI,2013-10-01,0.18
BI,2014-01-01,0.22
BI,2014-04-01,0
BI,2014-07-01,0.15
BI,2014-10-01,0.02
BI,2015-01-01,-0.15
BI,2015-04-01,-0.02
BI,2015-07-01,0.19
BI,2015-10-01,-0.18
BI,2016-01-01,0.05
BI,2016-04-01,0.01
BI,2016-07-01,-0.01
BI,2016-10-01,0.15
BI,2017-01-01,0.12
BI,2017-04-01,0.01
BI,2017-07-01,0.28
BI,2017-10-01,0.13
BI,2018-01-01,0.21
BI,2018-04-01,-0.02
BI,2018-07-01,0.14
BI,2018-10-01,0.15
BI,2019-01-01,0.2
BI,2019-04-01,0.21
BI,2019-07-01,0.08
BI,2019-10-01,0.21
BI,2020-01-01,0.09
BI,2020-04-01,-0.22
BI,2020-07-01,-0.02
BI,2020-10-01,0.19
BI,2021-01-01,0.18
BI,2021-04-01,0.43
BI,2021-07-01,0.28
BI,2021-10-01,0.29
BI,2022-01-01,0.22
BI,2022-04-01,0.47
BI,2022-07-01,0.46
BI,2022-10-01,0.38
BI,2023-01-01,0.49
BI,2023-04-01,0.22
BI,2023-07-01,0.37
BI,2023-10-01,0.22
BI,2024-01-01,0.15
BI,2024-04-01,0.29
BI,2024-07-01,0.06
BI,2024-10-01,0.31
BI,2025-01-01,0.1
BI,2025-04-01,0.12
BI,2025-07-01,0.16
BI,2025-10-01,0.15
BI,2026-01-01,0.2
BS,2020-04-01,-0.42
BS,2020-07-01,-0.2
BS,2020-10-01,-0.19
BS,2021-01-01,-0.37
BS,2021-04-01,-0.78
BS,2021-07-01,-0.99
BS,2021-10-01,-0.94
BS,2022-01-01,-0.91
BS,2022-04-01,-1.04
BS,2022-07-01,-0.97
BS,2022-10-01,-0.76
BS,2023-01-01,-0.54
BS,2023-04-01,-0.48
BS,2023-07-01,-0.36
BS,2023-10-01,-0.23
BS,2024-01-01,-0.18
BS,2024-04-01,-0.22
BS,2024-07-01,-0.21
BS,2024-10-01,-0.14
BS,2025-01-01,-0.15
BS,2025-04-01,-0.16
BS,2025-07-01,-0.06
BS,2025-10-01,-0.08
EML,2023-07-01,0.54
EML,2023-10-01,0.38
EML,2024-01-01,0.26
EML,2024-04-01,0.2
EML,2024-07-01,0.21
EML,2024-10-01,0.18
EML,2025-01-01,0.22
EML,2025-04-01,0.14
EPE,2011-01-01,0.42
EPE,2011-04-01,0.28
EPE,2011-07-01,-0.24
EPE,2011-10-01,-0.17
EPE,2012-01-01,-0.2
EPE,2012-04-01,-0.03
EPE,2012-07-01,0.02
EPE,2012-10-01,-0.1
EPE,2013-01-01,0.12
EPE,2013-04-01,-0.01
EPE,2013-07-01,0.02
EPE,2013-10-01,0.07
EPE,2014-01-01,0.14
EPE,2014-04-01,0.04
EPE,2014-07-01,-0.06
EPE,2014-10-01,-0.06
EPE,2015-01-01,-1.01
EPE,2015-04-01,-0.36
EPE,2015-07-01,-0.25
EPE,2015-10-01,-0.2
EPE,2016-01-01,-0.25
EPE,2016-04-01,-0.13
EPE,2016-07-01,-0.14
EPE,2016-10-01,-0.16
EPE,2017-01-01,-0.02
EPE,2017-04-01,0.06
EPE,2017-07-01,0.17
EPE,2017-10-01,0.41
EPE,2018-01-01,0.35
EPE,2018-04-01,0.24
EPE,2018-07-01,0.26
EPE,2018-10-01,0.2
EPE,2019-01-01,0.18
EPE,2019-04-01,0.08
EPE,2019-07-01,-0.08
EPE,2019-10-01,0
EPE,2020-01-01,0.03
EPE,2020-04-01,-0.13
EPE,2020-07-01,-0.03
EPE,2020-10-01,-0.03
EPE,2021-01-01,0.19
EPE,2021-04-01,0.59
EPE,2021-07-01,0.57
EPE,2021-10-01,0.7
EPE,2022-01-01,0.71
EPE,2022-04-01,0.92
EPE,2022-07-01,0.82
EPE,2022-10-01,0.79
EPE,2023-01-01,0.18
EPE,2023-04-01,0.06
EPE,2023-07-01,0.15
EPE,2023-10-01,0.21
EPE,2024-01-01,0.08
EPE,2024-04-01,0.06
EPE,2024-07-01,0.25
EPE,2024-10-01,0.2
EPE,2025-01-01,0.17
EPE,2025-04-01,0.15
EPE,2025-07-01,0.22
EPE,2025-10-01,0.2
EPE,2026-01-01,0.36
EPNV,2012-04-01,-0.01
EPNV,2012-07-01,-0.07
EPNV,2012-10-01,-0.1
EPNV,2013-01-01,0.03
EPNV,2013-04-01,-0.08
EPNV,2013-07-01,0.11
EPNV,2013-10-01,0.15
EPNV,2014-01-01,0.09
EPNV,2014-04-01,-0.05
EPNV,2014-07-01,0.03
EPNV,2014-10-01,-0.04
EPNV,2015-01-01,-1.07
EPNV,2015-04-01,-0.71
EPNV,2015-07-01,-0.63
EPNV,2015-10-01,-0.49
EPNV,2016-01-01,-0.46
EPNV,2016-04-01,-0.46
EPNV,2016-07-01,-0.34
EPNV,2016-10-01,-0.13
EPNV,2017-01-01,0.1
EPNV,2017-04-01,0.14
EPNV,2017-07-01,0.24
EPNV,2017-10-01,0.47
EPNV,2018-01-01,0.47
EPNV,2018-04-01,0.41
EPNV,2018-07-01,0.3
EPNV,2018-10-01,0.48
EPNV,2019-01-01,0.2
EPNV,2019-04-01,0.2
EPNV,2019-07-01,0.17
EPNV,2019-10-01,0.11
EPNV,2020-01-01,0.16
EPNV,2020-04-01,-0.4
EPNV,2020-07-01,-0.23
EPNV,2020-10-01,-0.05
EPNV,2021-01-01,0.07
EPNV,2021-04-01,0.79
EPNV,2021-07-01,0.95
EPNV,2021-10-01,1.26
EPNV,2022-01-01,1.22
EPNV,2022-04-01,1.54
EPNV,2022-07-01,1.33
EPNV,2022-10-01,1.17
EPNV,2023-01-01,0.84
EPNV,2023-04-01,0.79
EPNV,2023-07-01,0.78
EPNV,2023-10-01,0.84
EPNV,2024-01-01,0.72
EPNV,2024-04-01,0.59
EPNV,2024-07-01,0.64
EPNV,2024-10-01,0.6
EPNV,2025-01-01,0.59
EPNV,2025-04-01,0.51
EPNV,2025-07-01,0.48
EPNV,2025-10-01,0.61
EPNV,2026-01-01,0.53
F25,2025-04-01,0.19
F25,2025-07-01,0.24
F25,2025-10-01,0.14
F25,2026-01-01,0.14
IERWJ,2013-07-01,1.64
IERWJ,2013-10-01,1.65
IERWJ,2014-01-01,1.28
IERWJ,2014-04-01,1.11
IERWJ,2014-07-01,1.17
IERWJ,2014-10-01,1.2
IERWJ,2015-01-01,0.48
IERWJ,2015-04-01,0.58
IERWJ,2015-07-01,0.7
IERWJ,2015-10-01,0.77
IERWJ,2016-01-01,0.67
IERWJ,2016-04-01,0.49
IERWJ,2016-07-01,0.51
IERWJ,2016-10-01,0.78
IERWJ,2017-01-01,0.9
IERWJ,2017-04-01,0.99
IERWJ,2017-07-01,1.05
IERWJ,2017-10-01,1.16
IERWJ,2018-01-01,1.14
IERWJ,2018-04-01,1.11
IERWJ,2018-07-01,0.99
IERWJ,2018-10-01,1.13
IERWJ,2019-01-01,0.88
IERWJ,2019-04-01,0.81
IERWJ,2019-07-01,0.76
IERWJ,2019-10-01,0.72
IERWJ,2020-01-01,0.73
IERWJ,2020-04-01,1.03
IERWJ,2020-07-01,0.86
IERWJ,2020-10-01,0.97
IERWJ,2021-01-01,1.07
IERWJ,2021-04-01,1.21
IERWJ,2021-07-01,1.52
IERWJ,2021-10-01,1.49
IERWJ,2022-01-01,1.63
IERWJ,2022-04-01,1.86
IERWJ,2022-07-01,1.86
IERWJ,2022-10-01,1.68
IERWJ,2023-01-01,1.55
IERWJ,2023-04-01,1.66
IERWJ,2023-07-01,1.51
IERWJ,2023-10-01,1.46
IERWJ,2024-01-01,1.44
IERWJ,2024-04-01,1.41
IERWJ,2024-07-01,1.39
IERWJ,2024-10-01,1.27
IERWJ,2025-01-01,1.18
IERWJ,2025-04-01,1.14
IERWJ,2025-07-01,1.1
IERWJ,2025-10-01,1.02
IERWJ,2026-01-01,1.06
IERWM,2011-01-01,0.96
IERWM,2011-04-01,1.28
IERWM,2011-07-01,0.51
IERWM,2011-10-01,0.4
IERWM,2012-01-01,0.21
IERWM,2012-04-01,0.23
IERWM,2012-07-01,0.16
IERWM,2012-10-01,0.05
IERWM,2013-01-01,0.22
IERWM,2013-04-01,0.19
IERWM,2013-07-01,0.47
IERWM,2013-10-01,0.39
IERWM,2014-01-01,0.37
IERWM,2014-04-01,0.24
IERWM,2014-07-01,0.35
IERWM,2014-10-01,0.26
IERWM,2015-01-01,-1.33
IERWM,2015-04-01,-0.65
IERWM,2015-07-01,-0.41
IERWM,2015-10-01,-0.36
IERWM,2016-01-01,-0.32
IERWM,2016-04-01,-0.23
IERWM,2016-07-01,-0.15
IERWM,2016-10-01,0.02
IERWM,2017-01-01,0.18
IERWM,2017-04-01,0.26
IERWM,2017-07-01,0.47
IERWM,2017-10-01,0.62
IERWM,2018-01-01,0.74
IERWM,2018-04-01,0.7
IERWM,2018-07-01,0.68
IERWM,2018-10-01,0.78
IERWM,2019-01-01,0.47
IERWM,2019-04-01,0.39
IERWM,2019-07-01,0.45
IERWM,2019-10-01,0.34
IERWM,2020-01-01,0.39
IERWM,2020-04-01,-0.19
IERWM,2020-07-01,-0.04
IERWM,2020-10-01,0.2
IERWM,2021-01-01,0.31
IERWM,2021-04-01,1.13
IERWM,2021-07-01,1.47
IERWM,2021-10-01,1.9
IERWM,2022-01-01,2.32
IERWM,2022-04-01,3.11
IERWM,2022-07-01,3.61
IERWM,2022-10-01,3.14
IERWM,2023-01-01,2.37
IERWM,2023-04-01,2.37
IERWM,2023-07-01,2
IERWM,2023-10-01,1.84
IERWM,2024-01-01,1.65
IERWM,2024-04-01,1.35
IERWM,2024-07-01,1.31
IERWM,2024-10-01,1.06
IERWM,2025-01-01,1.02
IERWM,2025-04-01,0.75
IERWM,2025-07-01,0.73
IERWM,2025-10-01,0.74
IERWM,2026-01-01,0.69
KA,2011-01-01,0.22
KA,2011-04-01,0.42
KA,2011-07-01,0.24
KA,2011-10-01,0.18
KA,2012-01-01,-0.01
KA,2012-04-01,0.1
KA,2012-07-01,0.13
KA,2012-10-01,0.05
KA,2013-01-01,0.05
KA,2013-04-01,0.08
KA,2013-07-01,0.18
KA,2013-10-01,0.01
KA,2014-01-01,-0.07
KA,2014-04-01,-0.08
KA,2014-07-01,-0.18
KA,2014-10-01,-0.07
KA,2015-01-01,-0.21
KA,2015-04-01,-0.1
KA,2015-07-01,-0.16
KA,2015-10-01,-0.27
KA,2016-01-01,-0.35
KA,2016-04-01,-0.22
KA,2016-07-01,-0.38
KA,2016-10-01,-0.32
KA,2017-01-01,-0.35
KA,2017-04-01,-0.1
KA,2017-07-01,-0.07
KA,2017-10-01,-0.04
KA,2018-01-01,-0.02
KA,2018-04-01,0.08
KA,2018-07-01,0.08
KA,2018-10-01,-0.1
KA,2019-01-01,-0.08
KA,2019-04-01,0
KA,2019-07-01,0.02
KA,2019-10-01,-0.11
KA,2020-01-01,-0.11
KA,2020-04-01,-0.88
KA,2020-07-01,-0.58
KA,2020-10-01,-0.78
KA,2021-01-01,-0.68
KA,2021-04-01,-0.25
KA,2021-07-01,-0.39
KA,2021-10-01,-0.31
KA,2022-01-01,-0.31
KA,2022-04-01,-0.15
KA,2022-07-01,-0.18
KA,2022-10-01,-0.12
KA,2023-01-01,-0.19
KA,2023-04-01,-0.08
KA,2023-07-01,-0.15
KA,2023-10-01,-0.33
KA,2024-01-01,-0.35
KA,2024-04-01,-0.37
KA,2024-07-01,-0.22
KA,2024-10-01,-0.31
KA,2025-01-01,-0.13
KA,2025-04-01,-0.32
KA,2025-07-01,-0.39
KA,2025-10-01,-0.32
KA,2026-01-01,-0.4
KVK,2020-10-01,0.05
KVK,2021-01-01,0.1
KVK,2021-04-01,0.22
KVK,2021-07-01,0.08
KVK,2021-10-01,0.23
KVK,2022-01-01,0.26
KVK,2022-04-01,0.24
KVK,2022-07-01,0.16
KVK,2022-10-01,0.18
KVK,2023-01-01,0.1
KVK,2023-04-01,0.07
KVK,2023-07-01,-0.19
KVK,2023-10-01,0.15
LEFJ,2022-07-01,2.42
LEFJ,2022-10-01,2.74
LEFJ,2023-01-01,1.75
LEFJ,2023-04-01,1.93
LEFJ,2023-07-01,1.83
LEFJ,2023-10-01,1.98
LEFJ,2024-01-01,1.67
LEFJ,2024-04-01,1.53
LEFJ,2024-07-01,1.57
LEFJ,2024-10-01,1.45
LEFJ,2025-01-01,1.32
LEFJ,2025-04-01,1.3
LEFJ,2025-07-01,1.26
LEFJ,2025-10-01,1.28
LEFJ,2026-01-01,1.19
LELJ,2022-07-01,1.69
LELJ,2022-10-01,1.65
LELJ,2023-01-01,2.59
LELJ,2023-04-01,2.73
LELJ,2023-07-01,2.59
LELJ,2023-10-01,2.3
LELJ,2024-01-01,2.11
LELJ,2024-04-01,2.09
LELJ,2024-07-01,2.12
LELJ,2024-10-01,1.91
LELJ,2025-01-01,1.75
LELJ,2025-04-01,1.61
LELJ,2025-07-01,1.59
LELJ,2025-10-01,1.63
LELJ,2026-01-01,1.29
LS,2022-04-01,1.11
LS,2022-07-01,0.94
LS,2022-10-01,0.86
LS,2023-01-01,0.82
LS,2023-04-01,0.79
LS,2023-07-01,0.75
LS,2023-10-01,0.78
LS,2024-01-01,0.92
LS,2024-04-01,0.99
LS,2024-07-01,0.98
LS,2024-10-01,0.87
LS,2025-01-01,1.01
LS,2025-04-01,1
LS,2025-07-01,0.87
LS,2025-10-01,0.94
LS,2026-01-01,0.99
ML,2011-01-01,-0.23
ML,2011-04-01,-0.28
ML,2011-07-01,-0.59
ML,2011-10-01,-0.72
ML,2012-01-01,-0.54
ML,2012-04-01,-0.41
ML,2012-07-01,-0.5
ML,2012-10-01,-0.48
ML,2013-01-01,-0.32
ML,2013-04-01,-0.23
ML,2013-07-01,-0.18
ML,2013-10-01,-0.24
ML,2014-01-01,-0.16
ML,2014-04-01,-0.27
ML,2014-07-01,-0.32
ML,2014-10-01,-0.2
ML,2015-01-01,-0.68
ML,2015-04-01,-0.57
ML,2015-07-01,-0.54
ML,2015-10-01,-0.66
ML,2016-01-01,-0.58
ML,2016-04-01,-0.42
ML,2016-07-01,-0.41
ML,2016-10-01,-0.47
ML,2017-01-01,-0.25
ML,2017-04-01,-0.29
ML,2017-07-01,-0.17
ML,2017-10-01,-0.19
ML,2018-01-01,-0.04
ML,2018-04-01,-0.31
ML,2018-07-01,-0.16
ML,2018-10-01,-0.13
ML,2019-01-01,-0.14
ML,2019-04-01,-0.15
ML,2019-07-01,-0.18
ML,2019-10-01,-0.27
ML,2020-01-01,-0.11
ML,2020-04-01,-1.05
ML,2020-07-01,-0.44
ML,2020-10-01,-0.58
ML,2021-01-01,-0.51
ML,2021-04-01,-0.15
ML,2021-07-01,-0.04
ML,2021-10-01,-0.07
ML,2022-01-01,-0.11
ML,2022-04-01,-0.03
ML,2022-07-01,-0.29
ML,2022-10-01,-0.08
ML,2023-01-01,-0.25
ML,2023-04-01,-0.14
ML,2023-07-01,0.03
ML,2023-10-01,-0.12
ML,2024-01-01,-0.12
ML,2024-04-01,-0.24
ML,2024-07-01,-0.15
ML,2024-10-01,-0.2
ML,2025-01-01,-0.06
ML,2025-04-01,-0.3
ML,2025-07-01,-0.24
ML,2025-10-01,-0.15
ML,2026-01-01,-0.11
NM,2017-01-01,0.33
NM,2017-04-01,0.35
NM,2017-07-01,0.41
NM,2017-10-01,0.34
NM,2018-01-01,0.48
NM,2018-04-01,0.43
NM,2018-07-01,0.58
NM,2018-10-01,0.52
NM,2019-01-01,0.54
NM,2019-04-01,0.65
NM,2019-07-01,0.46
NM,2019-10-01,0.47
NM,2020-01-01,0.57
NM,2020-04-01,-0.3
NM,2020-07-01,0.35
NM,2020-10-01,-0.01
NM,2021-01-01,0.05
NM,2021-04-01,0.49
NM,2021-07-01,0.42
NM,2021-10-01,0.46
NM,2022-01-01,0.54
NM,2022-04-01,0.66
NM,2022-07-01,0.39
NM,2022-10-01,0.54
NM,2023-01-01,0.6
NM,2023-04-01,0.49
NM,2023-07-01,0.62
NM,2023-10-01,0.57
NM,2024-01-01,0.55
NM,2024-04-01,0.54
NM,2024-07-01,0.46
NM,2024-10-01,0.45
NM,2025-01-01,0.71
NM,2025-04-01,0.57
NM,2025-07-01,0.5
NM,2025-10-01,0.59
NM,2026-01-01,0.54
PK,2011-01-01,0.17
PK,2011-04-01,0.27
PK,2011-07-01,0.12
PK,2011-10-01,-0.03
PK,2012-01-01,-0.03
PK,2012-04-01,-0.05
PK,2012-07-01,-0.03
PK,2012-10-01,-0.1
PK,2013-01-01,0
PK,2013-04-01,0.01
PK,2013-07-01,0.11
PK,2013-10-01,0.1
PK,2014-01-01,0.06
PK,2014-04-01,0.13
PK,2014-07-01,0.05
PK,2014-10-01,0.1
PK,2015-01-01,-0.06
PK,2015-04-01,0.02
PK,2015-07-01,-0.05
PK,2015-10-01,-0.11
PK,2016-01-01,-0.12
PK,2016-04-01,-0.07
PK,2016-07-01,-0.03
PK,2016-10-01,-0.09
PK,2017-01-01,0.15
PK,2017-04-01,0.09
PK,2017-07-01,0.09
PK,2017-10-01,0.16
PK,2018-01-01,0.28
PK,2018-04-01,0.22
PK,2018-07-01,0.35
PK,2018-10-01,0.27
PK,2019-01-01,0.18
PK,2019-04-01,0.28
PK,2019-07-01,0.16
PK,2019-10-01,0.13
PK,2020-01-01,0.18
PK,2020-04-01,-1.01
PK,2020-07-01,-0.32
PK,2020-10-01,-0.44
PK,2021-01-01,-0.47
PK,2021-04-01,0.04
PK,2021-07-01,0.27
PK,2021-10-01,0.46
PK,2022-01-01,0.33
PK,2022-04-01,0.58
PK,2022-07-01,0.61
PK,2022-10-01,0.48
PK,2023-01-01,0.42
PK,2023-04-01,0.37
PK,2023-07-01,0.2
PK,2023-10-01,0.16
PK,2024-01-01,0.13
PK,2024-04-01,0.03
PK,2024-07-01,0.13
PK,2024-10-01,0.06
PK,2025-01-01,0.06
PK,2025-04-01,-0.11
PK,2025-07-01,-0.1
PK,2025-10-01,-0.09
PK,2026-01-01,-0.02
RS,2011-01-01,0.19
RS,2011-04-01,0.38
RS,2011-07-01,0.31
RS,2011-10-01,0.02
RS,2012-01-01,0.08
RS,2012-04-01,-0.07
RS,2012-07-01,-0.03
RS,2012-10-01,-0.04
RS,2013-01-01,-0.08
RS,2013-04-01,-0.11
RS,2013-07-01,-0.07
RS,2013-10-01,-0.02
RS,2014-01-01,0.08
RS,2014-04-01,0.06
RS,2014-07-01,0.18
RS,2014-10-01,0.18
RS,2015-01-01,0.05
RS,2015-04-01,-0.16
RS,2015-07-01,0.11
RS,2015-10-01,-0.04
RS,2016-01-01,-0.08
RS,2016-04-01,-0.24
RS,2016-07-01,-0.06
RS,2016-10-01,0.01
RS,2017-01-01,-0.06
RS,2017-04-01,0
RS,2017-07-01,0.15
RS,2017-10-01,0.26
RS,2018-01-01,0.26
RS,2018-04-01,0.47
RS,2018-07-01,0.4
RS,2018-10-01,0.63
RS,2019-01-01,0.43
RS,2019-04-01,0.41
RS,2019-07-01,0.38
RS,2019-10-01,0.32
RS,2020-01-01,0.31
RS,2020-04-01,-0.16
RS,2020-07-01,-0.51
RS,2020-10-01,-0.35
RS,2021-01-01,-0.19
RS,2021-04-01,0.09
RS,2021-07-01,0.49
RS,2021-10-01,0.66
RS,2022-01-01,0.9
RS,2022-04-01,1.06
RS,2022-07-01,1.05
RS,2022-10-01,0.95
RS,2023-01-01,0.95
RS,2023-04-01,1.06
RS,2023-07-01,0.73
RS,2023-10-01,0.55
RS,2024-01-01,0.35
RS,2024-04-01,0.21
RS,2024-07-01,0.22
RS,2024-10-01,0.11
RS,2025-01-01,0.09
RS,2025-04-01,-0.1
RS,2025-07-01,-0.02
RS,2025-10-01,-0.1
RS,2026-01-01,-0.24
UEG,2022-04-01,0.69
UEG,2022-07-01,1.01
UEG,2022-10-01,0.68
UEG,2023-01-01,0.47
UEG,2023-04-01,0.39
UEG,2023-07-01,0.44
UEG,2023-10-01,0.58
UEG,2024-01-01,0.28
UEG,2024-04-01,0.39
UEG,2024-07-01,0.26
UEG,2024-10-01,0.36
UEG,2025-01-01,0.38
UEG,2025-04-01,0.69
UEG,2025-07-01,0.63
UEG,2025-10-01,0.44
UEG,2026-01-01,0.45
UERW,2011-01-01,0.81
UERW,2011-04-01,0.7
UERW,2011-07-01,0.35
UERW,2011-10-01,0.07
UERW,2012-01-01,0.44
UERW,2012-04-01,0.49
UERW,2012-07-01,0.34
UERW,2012-10-01,0.34
UERW,2013-01-01,0.6
UERW,2013-04-01,0.5
UERW,2013-07-01,0.53
UERW,2013-10-01,0.75
UERW,2014-01-01,0.64
UERW,2014-04-01,0.63
UERW,2014-07-01,0.53
UERW,2014-10-01,0.49
UERW,2015-01-01,0.15
UERW,2015-04-01,0.2
UERW,2015-07-01,0.25
UERW,2015-10-01,0.3
UERW,2016-01-01,0.45
UERW,2016-04-01,0.4
UERW,2016-07-01,0.34
UERW,2016-10-01,0.52
UERW,2017-01-01,0.54
UERW,2017-04-01,0.61
UERW,2017-07-01,0.54
UERW,2017-10-01,0.67
UERW,2018-01-01,0.7
UERW,2018-04-01,0.7
UERW,2018-07-01,0.59
UERW,2018-10-01,0.67
UERW,2019-01-01,0.6
UERW,2019-04-01,0.53
UERW,2019-07-01,0.47
UERW,2019-10-01,0.43
UERW,2020-01-01,0.55
UERW,2020-04-01,0.82
UERW,2020-07-01,0.39
UERW,2020-10-01,0.58
UERW,2021-01-01,0.95
UERW,2021-04-01,0.8
UERW,2021-07-01,0.77
UERW,2021-10-01,0.78
UERW,2022-01-01,0.95
UERW,2022-04-01,0.6
UERW,2022-07-01,0.47
UERW,2022-10-01,0.54
UERW,2023-01-01,0.71
UERW,2023-04-01,0.69
UERW,2023-07-01,0.41
UERW,2023-10-01,0.39
UERW,2024-01-01,0.69
UERW,2024-04-01,0.69
UERW,2024-07-01,0.62
UERW,2024-10-01,0.51
UERW,2025-01-01,0.69
UERW,2025-04-01,0.64
UERW,2025-07-01,0.52
UERW,2025-10-01,0.54
UERW,2026-01-01,0.84
UVJQ,2011-01-01,0.68
UVJQ,2011-04-01,0.75
UVJQ,2011-07-01,0.3
UVJQ,2011-10-01,0.17
UVJQ,2012-01-01,0.15
UVJQ,2012-04-01,0.05
UVJQ,2012-07-01,0.17
UVJQ,2012-10-01,0.26
UVJQ,2013-01-01,0.52
UVJQ,2013-04-01,0.53
UVJQ,2013-07-01,0.63
UVJQ,2013-10-01,0.59
UVJQ,2014-01-01,0.73
UVJQ,2014-04-01,0.62
UVJQ,2014-07-01,0.5
UVJQ,2014-10-01,0.45
UVJQ,2015-01-01,0.14
UVJQ,2015-04-01,0.09
UVJQ,2015-07-01,0.13
UVJQ,2015-10-01,0.04
UVJQ,2016-01-01,-0.02
UVJQ,2016-04-01,0.26
UVJQ,2016-07-01,0.28
UVJQ,2016-10-01,0.3
UVJQ,2017-01-01,0.36
UVJQ,2017-04-01,0.46
UVJQ,2017-07-01,0.76
UVJQ,2017-10-01,0.77
UVJQ,2018-01-01,0.87
UVJQ,2018-04-01,0.88
UVJQ,2018-07-01,0.88
UVJQ,2018-10-01,0.59
UVJQ,2019-01-01,0.62
UVJQ,2019-04-01,0.42
UVJQ,2019-07-01,0.41
UVJQ,2019-10-01,0.37
UVJQ,2020-01-01,0.56
UVJQ,2020-04-01,-1
UVJQ,2020-07-01,-0.22
UVJQ,2020-10-01,-0.52
UVJQ,2021-01-01,-0.33
UVJQ,2021-04-01,1.29
UVJQ,2021-07-01,0.62
UVJQ,2021-10-01,0.98
UVJQ,2022-01-01,0.97
UVJQ,2022-04-01,0.78
UVJQ,2022-07-01,0.47
UVJQ,2022-10-01,0.48
UVJQ,2023-01-01,0.6
UVJQ,2023-04-01,0.48
UVJQ,2023-07-01,0.28
UVJQ,2023-10-01,0.22
UVJQ,2024-01-01,0.21
UVJQ,2024-04-01,0.19
UVJQ,2024-07-01,0.24
UVJQ,2024-10-01,0.33
UVJQ,2025-01-01,0.62
UVJQ,2025-04-01,0.33
UVJQ,2025-07-01,0.36
UVJQ,2025-10-01,0.43
UVJQ,2026-01-01,0.39
UVQ,2011-01-01,0.39
UVQ,2011-04-01,0.5
UVQ,2011-07-01,0.07
UVQ,2011-10-01,-0.05
UVQ,2012-01-01,0.15
UVQ,2012-04-01,0.14
UVQ,2012-07-01,0.12
UVQ,2012-10-01,0.16
UVQ,2013-01-01,0.31
UVQ,2013-04-01,0.39
UVQ,2013-07-01,0.43
UVQ,2013-10-01,0.34
UVQ,2014-01-01,0.29
UVQ,2014-04-01,0.31
UVQ,2014-07-01,0.14
UVQ,2014-10-01,0.33
UVQ,2015-01-01,-0.1
UVQ,2015-04-01,0.07
UVQ,2015-07-01,0.11
UVQ,2015-10-01,0.05
UVQ,2016-01-01,0.04
UVQ,2016-04-01,0.15
UVQ,2016-07-01,0.16
UVQ,2016-10-01,0.23
UVQ,2017-01-01,0.29
UVQ,2017-04-01,0.3
UVQ,2017-07-01,0.43
UVQ,2017-10-01,0.57
UVQ,2018-01-01,0.59
UVQ,2018-04-01,0.53
UVQ,2018-07-01,0.52
UVQ,2018-10-01,0.35
UVQ,2019-01-01,0.41
UVQ,2019-04-01,0.4
UVQ,2019-07-01,0.25
UVQ,2019-10-01,0.33
UVQ,2020-01-01,0.54
UVQ,2020-04-01,-1.18
UVQ,2020-07-01,0.96
UVQ,2020-10-01,-0.33
UVQ,2021-01-01,-0.14
UVQ,2021-04-01,0.67
UVQ,2021-07-01,0.47
UVQ,2021-10-01,0.39
UVQ,2022-01-01,0.35
UVQ,2022-04-01,0.47
UVQ,2022-07-01,0.31
UVQ,2022-10-01,0.29
UVQ,2023-01-01,0.39
UVQ,2023-04-01,0.14
UVQ,2023-07-01,0.22
UVQ,2023-10-01,0.23
UVQ,2024-01-01,0.27
UVQ,2024-04-01,0.2
UVQ,2024-07-01,0.31
UVQ,2024-10-01,0.38
UVQ,2025-01-01,0.45
UVQ,2025-04-01,0.29
UVQ,2025-07-01,0.34
UVQ,2025-10-01,0.43
UVQ,2026-01-01,0.36
VPE,2011-01-01,0.06
VPE,2011-04-01,0.21
VPE,2011-07-01,-0.23
VPE,2011-10-01,-0.17
VPE,2012-01-01,-0.24
VPE,2012-04-01,-0.25
VPE,2012-07-01,-0.08
VPE,2012-10-01,-0.03
VPE,2013-01-01,-0.03
VPE,2013-04-01,-0.06
VPE,2013-07-01,-0.01
VPE,2013-10-01,0
VPE,2014-01-01,0.03
VPE,2014-04-01,-0.13
VPE,2014-07-01,-0.08
VPE,2014-10-01,-0.05
VPE,2015-01-01,-0.63
VPE,2015-04-01,-0.39
VPE,2015-07-01,-0.27
VPE,2015-10-01,-0.29
VPE,2016-01-01,-0.23
VPE,2016-04-01,-0.24
VPE,2016-07-01,-0.15
VPE,2016-10-01,-0.13
VPE,2017-01-01,-0.1
VPE,2017-04-01,-0.08
VPE,2017-07-01,0.06
VPE,2017-10-01,0.24
VPE,2018-01-01,0.17
VPE,2018-04-01,0.15
VPE,2018-07-01,0.18
VPE,2018-10-01,0.12
VPE,2019-01-01,0.07
VPE,2019-04-01,0
VPE,2019-07-01,-0.12
VPE,2019-10-01,0.02
VPE,2020-01-01,-0.1
VPE,2020-04-01,-0.31
VPE,2020-07-01,-0.1
VPE,2020-10-01,-0.15
VPE,2021-01-01,0.09
VPE,2021-04-01,0.34
VPE,2021-07-01,0.52
VPE,2021-10-01,0.59
VPE,2022-01-01,0.73
VPE,2022-04-01,0.9
VPE,2022-07-01,0.78
VPE,2022-10-01,0.87
VPE,2023-01-01,0.39
VPE,2023-04-01,0.29
VPE,2023-07-01,0.34
VPE,2023-10-01,0.43
VPE,2024-01-01,0.23
VPE,2024-04-01,0.11
VPE,2024-07-01,0.29
VPE,2024-10-01,0.25
VPE,2025-01-01,0.24
VPE,2025-04-01,0.18
VPE,2025-07-01,0.22
VPE,2025-10-01,0.29
VPE,2026-01-01,0.16
